time,latitude,longitude,depth,mag,magType,type,status
2000-01-06 00:56:17.590000+00:00,2.01,98.041,33.0,5.1,mw,earthquake,reviewed
2000-01-21 16:17:26.910000+00:00,-1.227,98.877,33.0,5.1,mw,earthquake,reviewed
2000-02-18 10:13:10.290000+00:00,3.754,97.929,185.1,4.2,mw,earthquake,reviewed
2000-03-02 21:11:13.230000+00:00,0.56,98.497,68.9,5.0,mw,earthquake,reviewed
2000-03-03 01:21:06.670000+00:00,5.295,96.067,189.0,4.7,mw,earthquake,reviewed
2000-03-07 18:49:17.590000+00:00,3.605,96.101,76.7,4.9,mw,earthquake,reviewed
2000-03-10 21:32:12.670000+00:00,4.738,96.007,33.0,5.5,mw,earthquake,reviewed
2000-03-14 22:10:21.700000+00:00,-4.719,103.16,33.0,5.4,mw,earthquake,reviewed
2000-03-17 00:52:28.010000+00:00,2.582,97.318,62.6,4.6,mw,earthquake,reviewed
2000-03-17 09:28:14.800000+00:00,-4.655,102.777,33.0,4.4,mw,earthquake,reviewed
2000-03-28 14:30:13.280000+00:00,-2.242,99.562,33.0,4.8,mw,earthquake,reviewed
2000-04-03 19:02:29.630000+00:00,2.489,97.221,33.0,5.1,mw,earthquake,reviewed
2000-04-06 02:34:48.270000+00:00,-4.901,102.974,33.0,4.6,mw,earthquake,reviewed
2000-04-06 06:15:38.830000+00:00,1.71,99.887,159.1,4.2,mw,earthquake,reviewed
2000-04-06 10:47:34.490000+00:00,-5.806,104.048,33.0,4.8,mw,earthquake,reviewed
2000-04-08 01:34:33.430000+00:00,-4.231,102.978,103.2,4.5,mw,earthquake,reviewed
2000-04-17 20:52:53.210000+00:00,2.862,98.111,100.0,4.4,mw,earthquake,reviewed
2000-04-23 07:57:44.350000+00:00,-2.819,101.286,66.9,4.9,mw,earthquake,reviewed
2000-04-27 13:42:41.570000+00:00,-1.01,100.523,33.0,4.4,mw,earthquake,reviewed
2000-04-28 17:20:56.260000+00:00,3.939,97.498,96.8,4.8,mw,earthquake,reviewed
2000-05-03 05:19:40.040000+00:00,-5.984,104.851,100.0,4.9,mw,earthquake,reviewed
2000-05-07 15:09:51.550000+00:00,-5.212,100.209,33.0,4.5,mw,earthquake,reviewed
2000-05-08 12:29:15.140000+00:00,-0.968,97.896,33.0,4.8,mw,earthquake,reviewed
2000-05-08 12:29:59.720000+00:00,-0.846,97.996,33.0,5.7,mw,earthquake,reviewed
2000-05-08 12:44:20.230000+00:00,-0.947,97.955,33.0,4.5,mw,earthquake,reviewed
2000-05-08 21:14:43.150000+00:00,-0.855,97.898,33.0,4.6,mw,earthquake,reviewed
2000-05-09 00:30:19.610000+00:00,-0.909,98.068,33.0,5.1,mw,earthquake,reviewed
2000-05-22 18:51:55.680000+00:00,-5.076,103.498,33.0,4.2,mw,earthquake,reviewed
2000-05-29 02:58:18.180000+00:00,-1.224,97.497,33.0,4.7,mw,earthquake,reviewed
2000-05-30 00:47:10.210000+00:00,-3.772,101.887,33.0,4.7,mw,earthquake,reviewed
2000-05-31 17:54:13.310000+00:00,-4.72,103.176,33.0,4.7,mw,earthquake,reviewed
2000-06-01 13:02:05.740000+00:00,4.244,96.419,100.0,4.4,mw,earthquake,reviewed
2000-06-03 20:02:00+00:00,-4.319,102.137,83.4,5.1,mw,earthquake,reviewed
2000-06-04 16:28:26.170000+00:00,-4.721,102.087,33.0,7.9,mw,earthquake,reviewed
2000-06-04 16:39:45.600000+00:00,-4.646,102.102,33.0,6.9,mw,earthquake,reviewed
2000-06-04 17:30:59.460000+00:00,-5.634,102.96,33.0,5.2,mw,earthquake,reviewed
2000-06-04 17:38:03.060000+00:00,-5.291,102.693,33.0,5.2,mw,earthquake,reviewed
2000-06-04 17:47:54.950000+00:00,-5.363,103.256,33.0,4.6,mw,earthquake,reviewed
2000-06-04 18:01:37.130000+00:00,-5.613,103.004,33.0,5.0,mw,earthquake,reviewed
2000-06-04 18:03:10.390000+00:00,-4.963,102.099,33.0,5.1,mw,earthquake,reviewed
2000-06-04 18:08:55.910000+00:00,-4.862,101.918,33.0,4.9,mw,earthquake,reviewed
2000-06-04 18:20:42.380000+00:00,-5.308,102.637,33.0,4.8,mw,earthquake,reviewed
2000-06-04 18:21:04.380000+00:00,-5.508,102.678,33.0,5.0,mw,earthquake,reviewed
2000-06-04 18:30:55.730000+00:00,-5.016,102.061,33.0,5.0,mw,earthquake,reviewed
2000-06-04 18:32:49.420000+00:00,-5.685,103.028,33.0,4.4,mw,earthquake,reviewed
2000-06-04 19:05:48.940000+00:00,-5.128,102.707,33.0,4.8,mw,earthquake,reviewed
2000-06-04 19:11:57.980000+00:00,-5.495,103.141,33.0,4.4,mw,earthquake,reviewed
2000-06-04 19:18:12.600000+00:00,-5.123,102.04,33.0,4.5,mw,earthquake,reviewed
2000-06-04 19:22:34.270000+00:00,-5.207,102.361,33.0,4.4,mw,earthquake,reviewed
2000-06-04 19:25:45.390000+00:00,-4.438,102.087,33.0,5.0,mw,earthquake,reviewed
2000-06-04 19:31:18.940000+00:00,-5.157,102.58,33.0,5.2,mw,earthquake,reviewed
2000-06-04 20:12:26.100000+00:00,-4.526,102.033,33.0,5.2,mw,earthquake,reviewed
2000-06-04 20:14:01.020000+00:00,-4.588,101.873,33.0,5.1,mw,earthquake,reviewed
2000-06-04 20:46:57.890000+00:00,-4.768,102.096,33.0,5.0,mw,earthquake,reviewed
2000-06-04 21:06:06.950000+00:00,-5.623,102.75,33.0,4.8,mw,earthquake,reviewed
2000-06-04 21:12:53.410000+00:00,-4.791,102.251,33.0,5.0,mw,earthquake,reviewed
2000-06-04 21:24:34.980000+00:00,-4.411,102.075,33.0,4.8,mw,earthquake,reviewed
2000-06-04 21:38:35.530000+00:00,-4.782,102.055,33.0,5.0,mw,earthquake,reviewed
2000-06-04 21:39:42.110000+00:00,-4.986,102.124,33.0,4.6,mw,earthquake,reviewed
2000-06-04 21:53:37.500000+00:00,-4.821,102.184,33.0,5.1,mw,earthquake,reviewed
2000-06-04 22:02:42.020000+00:00,-4.947,103.242,33.0,4.6,mw,earthquake,reviewed
2000-06-04 22:05:15.270000+00:00,-4.542,102.117,33.0,5.0,mw,earthquake,reviewed
2000-06-04 22:08:02.550000+00:00,-4.619,102.07,33.0,4.7,mw,earthquake,reviewed
2000-06-04 22:14:31.610000+00:00,-5.688,102.862,33.0,4.7,mw,earthquake,reviewed
2000-06-04 22:28:41.690000+00:00,-4.724,102.3,33.0,4.2,mw,earthquake,reviewed
2000-06-04 22:30:50.710000+00:00,-4.801,102.09,33.0,5.5,mw,earthquake,reviewed
2000-06-04 22:49:22.410000+00:00,-4.807,101.693,33.0,4.7,mw,earthquake,reviewed
2000-06-04 22:59:37.160000+00:00,-4.993,102.13,33.0,5.0,mw,earthquake,reviewed
2000-06-04 23:03:29.540000+00:00,-5.627,102.658,33.0,5.0,mw,earthquake,reviewed
2000-06-04 23:10:47.100000+00:00,-5.347,102.711,33.0,4.9,mw,earthquake,reviewed
2000-06-04 23:13:02.310000+00:00,-5.436,102.666,33.0,4.7,mw,earthquake,reviewed
2000-06-04 23:14:35.450000+00:00,-4.968,102.208,33.0,5.4,mw,earthquake,reviewed
2000-06-04 23:27:58.750000+00:00,-4.426,102.15,33.0,4.7,mw,earthquake,reviewed
2000-06-05 00:10:29.680000+00:00,-5.723,102.878,33.0,4.4,mw,earthquake,reviewed
2000-06-05 00:47:42.510000+00:00,-4.875,102.7,33.0,5.2,mw,earthquake,reviewed
2000-06-05 00:53:03.090000+00:00,-5.439,102.039,33.0,4.7,mw,earthquake,reviewed
2000-06-05 00:58:14.280000+00:00,-4.894,102.384,33.0,5.0,mw,earthquake,reviewed
2000-06-05 01:19:12.090000+00:00,-4.711,102.154,33.0,4.7,mw,earthquake,reviewed
2000-06-05 01:27:37.180000+00:00,-5.143,101.926,33.0,4.6,mw,earthquake,reviewed
2000-06-05 01:30:59.360000+00:00,-4.813,102.568,33.0,4.7,mw,earthquake,reviewed
2000-06-05 01:37:51.390000+00:00,-5.651,102.757,33.0,4.3,mw,earthquake,reviewed
2000-06-05 01:38:59.520000+00:00,-5.028,101.851,33.0,4.6,mw,earthquake,reviewed
2000-06-05 02:22:58.040000+00:00,-4.983,102.308,33.0,5.2,mw,earthquake,reviewed
2000-06-05 02:31:19.520000+00:00,-4.559,102.145,33.0,4.5,mw,earthquake,reviewed
2000-06-05 02:46:19.740000+00:00,-4.544,102.338,33.0,5.2,mw,earthquake,reviewed
2000-06-05 02:54:22.420000+00:00,-4.247,101.803,33.0,4.6,mw,earthquake,reviewed
2000-06-05 03:00:26.970000+00:00,-5.605,102.886,33.0,5.8,mw,earthquake,reviewed
2000-06-05 03:23:29.970000+00:00,-4.532,102.421,33.0,5.1,mw,earthquake,reviewed
2000-06-05 03:27:21.810000+00:00,-5.63,102.971,33.0,4.5,mw,earthquake,reviewed
2000-06-05 03:59:08.960000+00:00,-4.463,102.136,33.0,5.1,mw,earthquake,reviewed
2000-06-05 04:26:59.540000+00:00,-5.57,102.692,33.0,4.7,mw,earthquake,reviewed
2000-06-05 04:33:12.460000+00:00,-5.488,102.095,33.0,4.7,mw,earthquake,reviewed
2000-06-05 04:39:03.260000+00:00,-4.813,102.079,33.0,4.7,mw,earthquake,reviewed
2000-06-05 04:43:31.570000+00:00,-5.51,102.651,33.0,4.7,mw,earthquake,reviewed
2000-06-05 04:53:04.830000+00:00,-4.407,102.248,33.0,5.4,mw,earthquake,reviewed
2000-06-05 05:27:35.350000+00:00,-5.128,101.989,33.0,4.8,mw,earthquake,reviewed
2000-06-05 05:52:08.020000+00:00,-4.903,102.485,33.0,4.2,mw,earthquake,reviewed
2000-06-05 06:34:11.820000+00:00,-4.909,102.656,33.0,5.8,mw,earthquake,reviewed
2000-06-05 07:15:19.490000+00:00,-4.463,102.135,33.0,5.2,mw,earthquake,reviewed
2000-06-05 07:21:49.360000+00:00,-5.798,102.753,33.0,4.7,mw,earthquake,reviewed
2000-06-05 07:39:07.970000+00:00,-5.019,102.529,33.0,4.8,mw,earthquake,reviewed
2000-06-05 08:55:34.410000+00:00,-5.443,102.633,33.0,4.8,mw,earthquake,reviewed
2000-06-05 09:17:36.940000+00:00,-4.343,102.232,33.0,5.3,mw,earthquake,reviewed
2000-06-05 09:46:11.290000+00:00,-4.423,102.318,33.0,5.1,mw,earthquake,reviewed
2000-06-05 10:12:11.110000+00:00,-4.72,102.331,33.0,4.7,mw,earthquake,reviewed
2000-06-05 10:36:36.830000+00:00,-4.43,102.073,33.0,4.5,mw,earthquake,reviewed
2000-06-05 10:53:51.820000+00:00,-4.392,102.329,33.0,5.2,mw,earthquake,reviewed
2000-06-05 11:24:50.160000+00:00,-4.434,102.326,33.0,4.7,mw,earthquake,reviewed
2000-06-05 12:56:57.620000+00:00,0.287,96.72,33.0,4.8,mw,earthquake,reviewed
2000-06-05 15:05:53.680000+00:00,-4.829,102.241,33.0,4.9,mw,earthquake,reviewed
2000-06-05 17:15:27.740000+00:00,-5.162,102.754,33.0,4.5,mw,earthquake,reviewed
2000-06-05 19:07:21.580000+00:00,-5.756,102.759,33.0,4.1,mw,earthquake,reviewed
2000-06-05 21:37:13.220000+00:00,-4.458,102.46,33.0,4.3,mw,earthquake,reviewed
2000-06-05 22:28:47.480000+00:00,-4.594,102.179,33.0,4.5,mw,earthquake,reviewed
2000-06-05 23:23:57.420000+00:00,-4.428,102.219,33.0,4.5,mw,earthquake,reviewed
2000-06-05 23:24:31.300000+00:00,-4.497,102.117,33.0,4.7,mw,earthquake,reviewed
2000-06-05 23:55:42.990000+00:00,-4.141,102.011,33.0,5.5,mw,earthquake,reviewed
2000-06-06 02:37:01.040000+00:00,-4.405,102.129,33.0,5.4,mw,earthquake,reviewed
2000-06-06 03:09:50.010000+00:00,-5.654,102.78,33.0,4.6,mw,earthquake,reviewed
2000-06-06 03:30:57.780000+00:00,-4.675,102.193,33.0,4.9,mw,earthquake,reviewed
2000-06-06 03:35:04.770000+00:00,-4.7,101.78,33.0,4.8,mw,earthquake,reviewed
2000-06-06 04:07:23.470000+00:00,-5.675,102.92,33.0,4.8,mw,earthquake,reviewed
2000-06-06 05:31:23.550000+00:00,-5.001,102.695,33.0,5.4,mw,earthquake,reviewed
2000-06-06 07:13:55.750000+00:00,-5.596,102.606,33.0,4.7,mw,earthquake,reviewed
2000-06-06 08:45:57.240000+00:00,-5.596,103.043,33.0,4.7,mw,earthquake,reviewed
2000-06-06 09:13:55.830000+00:00,-5.496,103.071,33.0,4.5,mw,earthquake,reviewed
2000-06-06 09:31:17.870000+00:00,-4.377,102.038,33.0,5.0,mw,earthquake,reviewed
2000-06-06 09:58:06.770000+00:00,-5.093,102.699,33.0,6.2,mw,earthquake,reviewed
2000-06-06 10:44:17.560000+00:00,-5.059,101.829,33.0,4.8,mw,earthquake,reviewed
2000-06-06 10:58:02.980000+00:00,-4.815,102.108,33.0,4.6,mw,earthquake,reviewed
2000-06-06 16:17:29.040000+00:00,-5.054,102.046,33.0,4.7,mw,earthquake,reviewed
2000-06-06 17:31:04.140000+00:00,-4.907,101.853,33.0,5.4,mw,earthquake,reviewed
2000-06-06 18:22:02.720000+00:00,-5.501,102.826,33.0,4.2,mw,earthquake,reviewed
2000-06-06 18:32:07.230000+00:00,-5.073,102.755,33.0,4.8,mw,earthquake,reviewed
2000-06-06 19:46:36.310000+00:00,-4.502,102.371,33.0,4.9,mw,earthquake,reviewed
2000-06-06 22:42:06.420000+00:00,-5.397,102.049,33.0,4.8,mw,earthquake,reviewed
2000-06-07 03:10:55.700000+00:00,-5.012,102.127,33.0,4.8,mw,earthquake,reviewed
2000-06-07 04:07:05.420000+00:00,-4.851,102.025,33.0,4.8,mw,earthquake,reviewed
2000-06-07 04:12:10.590000+00:00,-5.452,102.61,33.0,4.4,mw,earthquake,reviewed
2000-06-07 09:40:39.610000+00:00,-5.61,103.137,33.0,4.6,mw,earthquake,reviewed
2000-06-07 09:42:36.850000+00:00,-4.041,102.772,33.0,4.8,mw,earthquake,reviewed
2000-06-07 14:31:36.710000+00:00,-4.713,102.198,33.0,4.7,mw,earthquake,reviewed
2000-06-07 16:24:51.840000+00:00,-4.894,102.095,33.0,4.9,mw,earthquake,reviewed
2000-06-07 20:04:29.670000+00:00,-4.987,102.43,33.0,4.9,mw,earthquake,reviewed
2000-06-07 20:32:56.770000+00:00,-4.632,101.899,33.0,4.5,mw,earthquake,reviewed
2000-06-07 21:41:27.290000+00:00,-4.676,101.875,33.0,4.5,mw,earthquake,reviewed
2000-06-07 21:42:39.400000+00:00,-5.562,103.118,33.0,4.5,mw,earthquake,reviewed
2000-06-07 23:35:10.980000+00:00,-5.621,102.531,33.0,4.7,mw,earthquake,reviewed
2000-06-07 23:38:44.580000+00:00,-5.624,102.943,33.0,4.3,mw,earthquake,reviewed
2000-06-07 23:45:26.680000+00:00,-4.612,101.905,33.0,6.7,mw,earthquake,reviewed
2000-06-07 23:59:23.670000+00:00,-4.829,101.751,33.0,4.9,mw,earthquake,reviewed
2000-06-08 00:08:29.420000+00:00,-4.391,102.037,33.0,4.8,mw,earthquake,reviewed
2000-06-08 00:08:55.860000+00:00,-4.505,101.902,33.0,5.1,mw,earthquake,reviewed
2000-06-08 00:11:09.290000+00:00,-4.649,101.985,33.0,5.2,mw,earthquake,reviewed
2000-06-08 00:14:21+00:00,-4.849,101.875,33.0,4.8,mw,earthquake,reviewed
2000-06-08 00:18:11.060000+00:00,-4.47,101.977,33.0,4.9,mw,earthquake,reviewed
2000-06-08 00:30:05.130000+00:00,-4.634,101.849,33.0,4.9,mw,earthquake,reviewed
2000-06-08 00:37:08.860000+00:00,-4.607,101.882,33.0,4.7,mw,earthquake,reviewed
2000-06-08 00:43:23.960000+00:00,-4.461,101.909,33.0,4.7,mw,earthquake,reviewed
2000-06-08 01:14:03.480000+00:00,-4.477,101.951,33.0,4.8,mw,earthquake,reviewed
2000-06-08 01:40:36.740000+00:00,-4.57,101.838,33.0,5.0,mw,earthquake,reviewed
2000-06-08 02:10:54.890000+00:00,-4.524,101.82,33.0,4.3,mw,earthquake,reviewed
2000-06-08 02:11:53.480000+00:00,-4.476,102.032,33.0,5.0,mw,earthquake,reviewed
2000-06-08 04:34:50.660000+00:00,-4.473,101.884,33.0,5.1,mw,earthquake,reviewed
2000-06-08 04:43:26.590000+00:00,-5.612,102.775,33.0,4.9,mw,earthquake,reviewed
2000-06-08 04:56:19.300000+00:00,-4.443,101.943,33.0,4.8,mw,earthquake,reviewed
2000-06-08 11:44:49.090000+00:00,-5.141,101.629,33.0,4.4,mw,earthquake,reviewed
2000-06-08 12:18:19.630000+00:00,-5.04,102.923,33.0,4.6,mw,earthquake,reviewed
2000-06-08 12:34:31.200000+00:00,-5.597,102.587,33.0,4.8,mw,earthquake,reviewed
2000-06-08 12:59:57.140000+00:00,-4.354,102.187,33.0,5.2,mw,earthquake,reviewed
2000-06-08 14:07:41.190000+00:00,-4.617,101.946,33.0,4.9,mw,earthquake,reviewed
2000-06-08 14:55:04.690000+00:00,-4.432,102.071,33.0,4.9,mw,earthquake,reviewed
2000-06-08 19:13:41.770000+00:00,-5.156,101.984,33.0,4.8,mw,earthquake,reviewed
2000-06-08 19:54:55.750000+00:00,-4.242,102.455,33.0,5.0,mw,earthquake,reviewed
2000-06-08 23:24:32.070000+00:00,-4.523,102.107,33.0,5.0,mw,earthquake,reviewed
2000-06-08 23:49:43.590000+00:00,-5.647,102.541,33.0,4.8,mw,earthquake,reviewed
2000-06-09 04:21:02.660000+00:00,-5.519,102.827,33.0,5.3,mw,earthquake,reviewed
2000-06-09 04:58:57.940000+00:00,-4.639,102.126,33.0,4.7,mw,earthquake,reviewed
2000-06-09 05:35:50.550000+00:00,-5.33,102.754,33.0,5.5,mw,earthquake,reviewed
2000-06-09 06:27:26.330000+00:00,-5.365,102.762,33.0,5.5,mw,earthquake,reviewed
2000-06-09 06:36:47.770000+00:00,-4.625,101.9,33.0,4.6,mw,earthquake,reviewed
2000-06-09 06:47:32.180000+00:00,-5.013,102.723,33.0,5.2,mw,earthquake,reviewed
2000-06-09 07:44:05.390000+00:00,-5.492,102.542,33.0,4.7,mw,earthquake,reviewed
2000-06-09 08:00:24.150000+00:00,-5.549,102.679,33.0,6.0,mw,earthquake,reviewed
2000-06-09 08:24:45.070000+00:00,-5.597,102.667,33.0,5.1,mw,earthquake,reviewed
2000-06-09 09:55:00.790000+00:00,-5.733,102.703,33.0,4.6,mw,earthquake,reviewed
2000-06-09 10:27:16+00:00,-4.317,101.823,33.0,4.9,mw,earthquake,reviewed
2000-06-09 15:27:34.010000+00:00,-5.422,102.592,33.0,4.7,mw,earthquake,reviewed
2000-06-09 16:18:06.780000+00:00,-5.665,102.629,33.0,4.6,mw,earthquake,reviewed
2000-06-09 17:27:52.040000+00:00,-4.398,101.981,33.0,5.0,mw,earthquake,reviewed
2000-06-09 17:38:55.020000+00:00,-4.696,102.16,33.0,4.7,mw,earthquake,reviewed
2000-06-09 22:07:05.960000+00:00,-4.478,102.052,33.0,5.5,mw,earthquake,reviewed
2000-06-10 00:04:53.270000+00:00,-5.46,102.927,33.0,4.8,mw,earthquake,reviewed
2000-06-10 00:17:58.690000+00:00,-5.546,102.643,33.0,4.8,mw,earthquake,reviewed
2000-06-10 00:20:37.210000+00:00,-5.659,102.495,33.0,4.5,mw,earthquake,reviewed
2000-06-10 01:52:08.290000+00:00,-4.579,102.718,33.0,4.7,mw,earthquake,reviewed
2000-06-10 02:01:50.580000+00:00,-5.354,101.923,33.0,4.9,mw,earthquake,reviewed
2000-06-10 02:43:15.250000+00:00,-4.621,102.736,33.0,4.3,mw,earthquake,reviewed
2000-06-10 03:00:49.720000+00:00,-5.487,102.581,33.0,4.6,mw,earthquake,reviewed
2000-06-10 05:11:32.870000+00:00,-5.187,102.829,33.0,4.9,mw,earthquake,reviewed
2000-06-10 05:15:08.230000+00:00,-4.94,101.975,33.0,4.6,mw,earthquake,reviewed
2000-06-10 07:41:29.780000+00:00,-4.969,102.22,33.0,5.1,mw,earthquake,reviewed
2000-06-10 08:13:59.280000+00:00,-4.373,102.031,33.0,5.0,mw,earthquake,reviewed
2000-06-10 08:32:30.280000+00:00,-4.653,101.988,33.0,4.7,mw,earthquake,reviewed
2000-06-10 11:56:43.890000+00:00,-4.874,102.355,33.0,4.8,mw,earthquake,reviewed
2000-06-10 13:59:22.010000+00:00,-4.928,102.229,33.0,5.2,mw,earthquake,reviewed
2000-06-10 16:33:38.920000+00:00,-4.738,102.371,33.0,4.9,mw,earthquake,reviewed
2000-06-10 23:24:06.830000+00:00,-5.075,102.216,33.0,4.8,mw,earthquake,reviewed
2000-06-11 03:55:50.350000+00:00,-4.481,102.093,33.0,4.2,mw,earthquake,reviewed
2000-06-11 05:29:44.490000+00:00,-5.405,102.448,33.0,4.8,mw,earthquake,reviewed
2000-06-11 05:58:57.700000+00:00,-5.46,102.525,33.0,4.4,mw,earthquake,reviewed
2000-06-11 07:32:03.240000+00:00,-5.013,102.471,33.0,4.2,mw,earthquake,reviewed
2000-06-11 09:25:55.840000+00:00,-5.543,101.491,33.0,5.5,mw,earthquake,reviewed
2000-06-11 10:24:11.580000+00:00,-5.329,102.622,33.0,4.7,mw,earthquake,reviewed
2000-06-11 11:15:01.970000+00:00,-5.411,103.036,33.0,4.3,mw,earthquake,reviewed
2000-06-11 13:56:31.050000+00:00,-5.612,102.453,33.0,4.7,mw,earthquake,reviewed
2000-06-11 21:00:39.920000+00:00,-5.401,101.433,33.0,4.5,mw,earthquake,reviewed
2000-06-11 22:17:28.380000+00:00,-5.394,101.719,33.0,4.8,mw,earthquake,reviewed
2000-06-11 22:29:04.640000+00:00,-5.029,102.152,33.0,5.3,mw,earthquake,reviewed
2000-06-12 00:54:24.160000+00:00,-5.039,102.025,33.0,4.5,mw,earthquake,reviewed
2000-06-12 01:35:02.020000+00:00,-5.729,102.553,33.0,4.6,mw,earthquake,reviewed
2000-06-12 01:51:58.730000+00:00,-5.622,102.585,33.0,4.8,mw,earthquake,reviewed
2000-06-12 09:32:11.970000+00:00,-4.734,101.926,33.0,4.3,mw,earthquake,reviewed
2000-06-12 23:10:12.810000+00:00,-5.216,101.981,33.0,4.7,mw,earthquake,reviewed
2000-06-13 05:52:31.870000+00:00,-4.564,102.047,33.0,4.3,mw,earthquake,reviewed
2000-06-13 20:09:23.630000+00:00,-5.756,102.495,33.0,4.7,mw,earthquake,reviewed
2000-06-13 20:09:57.840000+00:00,-5.758,102.47,33.0,4.8,mw,earthquake,reviewed
2000-06-14 00:20:13.260000+00:00,-4.922,102.034,33.0,5.0,mw,earthquake,reviewed
2000-06-14 07:12:13.810000+00:00,-5.672,102.364,33.0,4.5,mw,earthquake,reviewed
2000-06-14 10:50:21.310000+00:00,-4.465,101.957,33.0,4.4,mw,earthquake,reviewed
2000-06-14 15:30:44.330000+00:00,-4.368,102.187,33.0,4.9,mw,earthquake,reviewed
2000-06-15 04:00:18.220000+00:00,-4.404,102.052,33.0,4.9,mw,earthquake,reviewed
2000-06-15 05:32:16.870000+00:00,-5.615,102.707,33.0,4.5,mw,earthquake,reviewed
2000-06-15 05:52:32.960000+00:00,-4.825,102.726,33.0,5.1,mw,earthquake,reviewed
2000-06-15 08:16:24.720000+00:00,-5.56,102.366,33.0,4.8,mw,earthquake,reviewed
2000-06-15 12:02:10.780000+00:00,-4.352,102.142,33.0,4.5,mw,earthquake,reviewed
2000-06-15 15:22:29.580000+00:00,-5.019,102.604,33.0,5.3,mw,earthquake,reviewed
2000-06-15 19:08:40.140000+00:00,-4.226,102.333,33.0,4.8,mw,earthquake,reviewed
2000-06-16 00:02:15.830000+00:00,-4.582,101.915,33.0,4.9,mw,earthquake,reviewed
2000-06-16 06:49:36.410000+00:00,-4.896,102.19,33.0,4.6,mw,earthquake,reviewed
2000-06-16 09:37:27.380000+00:00,-4.594,101.961,33.0,4.4,mw,earthquake,reviewed
2000-06-17 00:15:18.690000+00:00,-4.849,103.308,33.0,4.5,mw,earthquake,reviewed
2000-06-17 16:31:09.160000+00:00,-4.5,102.087,33.0,4.5,mw,earthquake,reviewed
2000-06-18 05:35:39.790000+00:00,-5.428,102.088,33.0,4.4,mw,earthquake,reviewed
2000-06-18 11:52:41.820000+00:00,-4.653,102.274,33.0,4.6,mw,earthquake,reviewed
2000-06-18 14:32:45.460000+00:00,-4.64,102.139,33.0,4.3,mw,earthquake,reviewed
2000-06-18 16:53:21.090000+00:00,-4.963,102.614,33.0,4.6,mw,earthquake,reviewed
2000-06-18 21:52:58.930000+00:00,-4.796,101.945,33.0,4.2,mw,earthquake,reviewed
2000-06-19 01:49:35.130000+00:00,-4.958,102.683,33.0,5.3,mw,earthquake,reviewed
2000-06-19 07:51:30.470000+00:00,-5.215,102.696,33.0,5.1,mw,earthquake,reviewed
2000-06-19 12:54:08.620000+00:00,-5.224,102.289,33.0,5.0,mw,earthquake,reviewed
2000-06-20 00:09:55.940000+00:00,-5.65,102.844,33.0,5.2,mw,earthquake,reviewed
2000-06-20 04:27:13.160000+00:00,-5.187,102.364,33.0,4.6,mw,earthquake,reviewed
2000-06-20 06:54:26.100000+00:00,-4.026,101.908,33.0,5.0,mw,earthquake,reviewed
2000-06-20 12:54:20.130000+00:00,-4.908,102.179,33.0,5.3,mw,earthquake,reviewed
2000-06-20 21:56:30.260000+00:00,-4.542,102.163,33.0,5.0,mw,earthquake,reviewed
2000-06-20 23:53:06.530000+00:00,-4.576,101.921,33.0,4.6,mw,earthquake,reviewed
2000-06-21 04:45:54.630000+00:00,-5.71,101.601,33.0,4.9,mw,earthquake,reviewed
2000-06-22 12:27:14.650000+00:00,-5.715,101.623,33.0,5.0,mw,earthquake,reviewed
2000-06-22 13:32:55.960000+00:00,-5.479,103.242,33.0,4.3,mw,earthquake,reviewed
2000-06-22 15:54:21.990000+00:00,-4.843,101.839,33.0,5.1,mw,earthquake,reviewed
2000-06-22 16:01:06.410000+00:00,-4.794,101.813,33.0,5.0,mw,earthquake,reviewed
2000-06-22 18:35:12.580000+00:00,-4.369,102.336,33.0,4.3,mw,earthquake,reviewed
2000-06-22 19:22:09.140000+00:00,-5.442,102.198,33.0,5.0,mw,earthquake,reviewed
2000-06-23 01:59:11.720000+00:00,-4.421,102.145,33.0,4.2,mw,earthquake,reviewed
2000-06-23 16:01:24.760000+00:00,-5.295,102.659,33.0,4.8,mw,earthquake,reviewed
2000-06-23 23:09:13.200000+00:00,-5.072,102.169,33.0,4.6,mw,earthquake,reviewed
2000-06-24 14:11:18+00:00,-4.356,102.869,98.5,4.9,mw,earthquake,reviewed
2000-06-24 22:35:24.080000+00:00,-5.011,102.31,33.0,4.6,mw,earthquake,reviewed
2000-06-26 01:45:20.930000+00:00,-4.726,102.915,33.0,5.0,mw,earthquake,reviewed
2000-06-26 16:55:50.240000+00:00,-5.48,102.536,33.0,4.6,mw,earthquake,reviewed
2000-06-27 00:13:56.860000+00:00,-5.08,102.128,33.0,4.5,mw,earthquake,reviewed
2000-06-27 21:06:07.560000+00:00,-1.543,100.495,33.0,4.7,mw,earthquake,reviewed
2000-06-28 05:12:04.360000+00:00,-4.458,101.972,33.0,5.1,mw,earthquake,reviewed
2000-07-01 11:51:16.730000+00:00,-4.683,101.956,33.0,4.8,mw,earthquake,reviewed
2000-07-02 14:29:52.250000+00:00,-1.313,100.226,33.0,4.6,mw,earthquake,reviewed
2000-07-03 14:11:19.820000+00:00,-5.446,102.653,33.0,4.3,mw,earthquake,reviewed
2000-07-03 19:39:14.870000+00:00,-5.2,102.685,33.0,4.3,mw,earthquake,reviewed
2000-07-04 02:55:33.230000+00:00,-4.854,102.149,33.0,4.4,mw,earthquake,reviewed
2000-07-05 00:10:00.510000+00:00,-4.627,101.968,33.0,5.2,mw,earthquake,reviewed
2000-07-06 08:14:43.570000+00:00,-5.473,102.371,33.0,4.3,mw,earthquake,reviewed
2000-07-07 18:55:24.160000+00:00,-4.723,101.929,33.0,4.7,mw,earthquake,reviewed
2000-07-08 04:52:55.410000+00:00,-5.408,102.7,33.0,5.9,mw,earthquake,reviewed
2000-07-08 04:59:47.760000+00:00,-5.438,102.5,33.0,5.0,mw,earthquake,reviewed
2000-07-08 05:14:24.580000+00:00,-5.411,102.781,33.0,4.9,mw,earthquake,reviewed
2000-07-08 05:55:29.890000+00:00,-5.52,102.592,33.0,4.8,mw,earthquake,reviewed
2000-07-08 11:01:59.610000+00:00,-5.341,102.786,33.0,4.6,mw,earthquake,reviewed
2000-07-08 15:01:54.430000+00:00,-5.507,102.707,33.0,4.8,mw,earthquake,reviewed
2000-07-10 08:58:45.400000+00:00,-5.245,102.264,33.0,4.7,mw,earthquake,reviewed
2000-07-10 10:39:39+00:00,-4.473,103.758,104.7,5.8,mw,earthquake,reviewed
2000-07-10 12:00:00.550000+00:00,-4.575,103.622,33.0,4.6,mw,earthquake,reviewed
2000-07-10 22:21:51.320000+00:00,0.509,98.466,33.0,4.5,mw,earthquake,reviewed
2000-07-11 09:21:12.830000+00:00,-5.735,102.767,33.0,4.7,mw,earthquake,reviewed
2000-07-13 16:56:56.380000+00:00,-4.385,102.563,33.0,4.2,mw,earthquake,reviewed
2000-07-16 15:22:48.540000+00:00,3.358,98.407,146.3,4.8,mw,earthquake,reviewed
2000-07-16 16:11:36.990000+00:00,-5.193,102.177,33.0,5.3,mw,earthquake,reviewed
2000-07-16 21:21:58.990000+00:00,-4.928,102.524,33.0,4.8,mw,earthquake,reviewed
2000-07-17 18:23:46.820000+00:00,-4.867,103.035,33.0,4.3,mw,earthquake,reviewed
2000-07-18 09:46:50.380000+00:00,-4.407,102.477,63.8,5.0,mw,earthquake,reviewed
2000-07-19 07:11:09.530000+00:00,4.248,96.213,33.0,5.2,mw,earthquake,reviewed
2000-07-19 11:28:45.010000+00:00,-5.367,103.192,33.0,4.4,mw,earthquake,reviewed
2000-07-21 02:18:07.360000+00:00,-5.551,105.804,140.1,5.6,mw,earthquake,reviewed
2000-07-22 20:56:12.160000+00:00,-4.07,102.37,69.1,5.7,mw,earthquake,reviewed
2000-07-23 09:02:42.870000+00:00,-5.022,102.098,33.0,4.2,mw,earthquake,reviewed
2000-07-24 12:17:26.530000+00:00,-5.561,102.886,33.0,5.7,mw,earthquake,reviewed
2000-07-24 18:29:22.530000+00:00,-5.605,102.907,33.0,4.6,mw,earthquake,reviewed
2000-07-25 17:16:08.120000+00:00,-5.316,102.818,33.0,4.9,mw,earthquake,reviewed
2000-07-25 20:36:52.210000+00:00,-4.999,102.427,33.0,4.5,mw,earthquake,reviewed
2000-07-26 13:54:58.140000+00:00,0.805,97.633,33.0,4.8,mw,earthquake,reviewed
2000-07-29 02:33:24.210000+00:00,-5.018,102.256,47.4,4.7,mw,earthquake,reviewed
2000-07-29 22:49:15.500000+00:00,-5.026,102.38,31.5,4.7,mw,earthquake,reviewed
2000-07-30 00:08:48.550000+00:00,-4.524,101.9,33.0,4.2,mw,earthquake,reviewed
2000-07-30 06:22:13.750000+00:00,-5.059,102.707,33.0,4.8,mw,earthquake,reviewed
2000-07-31 16:26:25.730000+00:00,-5.624,102.977,33.0,4.3,mw,earthquake,reviewed
2000-07-31 20:25:11.160000+00:00,-4.771,102.109,33.0,4.4,mw,earthquake,reviewed
2000-08-01 02:26:14.100000+00:00,-4.954,102.74,33.0,4.9,mw,earthquake,reviewed
2000-08-01 17:19:56.440000+00:00,-5.016,102.802,33.0,4.7,mw,earthquake,reviewed
2000-08-01 23:12:02.560000+00:00,-5.446,102.653,33.0,4.7,mw,earthquake,reviewed
2000-08-02 03:40:14.130000+00:00,-5.285,102.317,33.0,4.2,mw,earthquake,reviewed
2000-08-06 11:39:58.470000+00:00,-4.951,102.605,33.0,4.8,mw,earthquake,reviewed
2000-08-08 01:27:46.430000+00:00,-5.69,103.01,33.0,4.4,mw,earthquake,reviewed
2000-08-11 11:53:35.180000+00:00,-5.632,105.547,51.6,4.7,mw,earthquake,reviewed
2000-08-12 07:10:26.220000+00:00,-4.509,102.085,33.0,4.6,mw,earthquake,reviewed
2000-08-12 08:08:14.720000+00:00,2.06,97.778,58.2,4.4,mw,earthquake,reviewed
2000-08-12 09:47:25.640000+00:00,-5.739,105.5,33.0,4.6,mw,earthquake,reviewed
2000-08-12 11:51:23.460000+00:00,-5.701,102.524,33.0,4.5,mw,earthquake,reviewed
2000-08-12 18:56:29.840000+00:00,-5.35,102.281,30.3,4.6,mw,earthquake,reviewed
2000-08-16 00:08:13.020000+00:00,-4.395,102.183,33.0,4.8,mw,earthquake,reviewed
2000-08-17 10:51:18.480000+00:00,-4.426,101.398,33.0,4.4,mw,earthquake,reviewed
2000-08-18 08:27:51.750000+00:00,-4.549,101.975,33.0,4.8,mw,earthquake,reviewed
2000-08-18 11:37:40.780000+00:00,-4.272,102.32,33.0,4.3,mw,earthquake,reviewed
2000-08-18 19:15:34.800000+00:00,-5.402,102.296,33.0,4.8,mw,earthquake,reviewed
2000-08-20 14:42:59.880000+00:00,-5.61,101.615,33.0,4.6,mw,earthquake,reviewed
2000-08-23 13:12:03.930000+00:00,-3.971,101.703,33.0,4.3,mw,earthquake,reviewed
2000-08-24 20:35:20.190000+00:00,-4.656,102.093,33.0,4.7,mw,earthquake,reviewed
2000-08-25 18:33:40.270000+00:00,-5.202,102.706,33.0,5.3,mw,earthquake,reviewed
2000-08-26 06:34:12.050000+00:00,-4.324,102.334,33.0,4.8,mw,earthquake,reviewed
2000-08-26 20:15:31.540000+00:00,-4.466,102.381,33.0,4.5,mw,earthquake,reviewed
2000-08-26 21:57:38.290000+00:00,-4.327,102.195,33.0,4.2,mw,earthquake,reviewed
2000-08-29 07:14:48.470000+00:00,3.113,96.438,33.0,5.1,mw,earthquake,reviewed
2000-08-29 08:50:36.410000+00:00,-4.715,102.934,33.0,4.8,mw,earthquake,reviewed
2000-08-29 09:03:33.620000+00:00,-5.308,102.296,33.0,4.5,mw,earthquake,reviewed
2000-08-31 15:52:16.030000+00:00,-4.285,102.329,33.0,5.0,mw,earthquake,reviewed
2000-09-01 11:56:51.830000+00:00,1.438,96.591,33.0,6.0,mw,earthquake,reviewed
2000-09-01 16:37:38.790000+00:00,-5.061,102.527,33.0,4.9,mw,earthquake,reviewed
2000-09-02 00:25:15.350000+00:00,0.352,100.962,150.0,4.8,mw,earthquake,reviewed
2000-09-02 22:16:15.310000+00:00,-5.363,102.427,33.0,4.6,mw,earthquake,reviewed
2000-09-05 19:08:29.680000+00:00,-4.509,102.304,33.0,4.8,mw,earthquake,reviewed
2000-09-06 04:30:49.870000+00:00,-4.436,102.229,33.0,4.6,mw,earthquake,reviewed
2000-09-06 07:20:40.460000+00:00,-4.433,102.063,33.0,5.2,mw,earthquake,reviewed
2000-09-06 18:30:55.570000+00:00,-5.025,102.571,33.0,5.0,mw,earthquake,reviewed
2000-09-10 08:37:24.450000+00:00,-4.632,103.016,33.0,5.0,mw,earthquake,reviewed
2000-09-12 03:21:41.450000+00:00,-4.505,102.167,33.0,4.7,mw,earthquake,reviewed
2000-09-12 16:27:24.580000+00:00,-5.435,101.823,33.0,6.0,mw,earthquake,reviewed
2000-09-14 20:07:52.920000+00:00,-4.459,102.831,33.0,4.6,mw,earthquake,reviewed
2000-09-16 20:10:19.420000+00:00,-4.389,101.772,47.7,4.8,mw,earthquake,reviewed
2000-09-17 12:41:53.420000+00:00,-1.749,100.607,51.4,4.9,mw,earthquake,reviewed
2000-09-22 07:10:39.540000+00:00,-4.49,102.145,33.0,5.0,mw,earthquake,reviewed
2000-09-22 18:22:03.150000+00:00,-4.964,102.104,33.0,6.2,mw,earthquake,reviewed
2000-09-24 13:40:40.300000+00:00,-4.736,102.352,33.0,4.4,mw,earthquake,reviewed
2000-09-27 02:08:20.700000+00:00,-4.494,102.333,33.0,5.1,mw,earthquake,reviewed
2000-09-29 07:42:28.480000+00:00,2.233,99.386,183.9,4.3,mw,earthquake,reviewed
2000-09-30 03:37:58.320000+00:00,-5.088,102.185,33.0,4.3,mw,earthquake,reviewed
2000-10-07 14:43:13.900000+00:00,-4.733,102.804,33.0,4.9,mw,earthquake,reviewed
2000-10-08 09:53:04.300000+00:00,-4.18,101.606,33.0,4.2,mw,earthquake,reviewed
2000-10-08 12:12:42.890000+00:00,-4.213,101.634,33.0,4.5,mw,earthquake,reviewed
2000-10-08 13:08:08.970000+00:00,-4.245,101.53,33.0,5.2,mw,earthquake,reviewed
2000-10-15 12:13:33.010000+00:00,-4.889,104.063,47.6,4.4,mw,earthquake,reviewed
2000-10-16 08:11:56.870000+00:00,-5.796,102.762,33.0,4.4,mw,earthquake,reviewed
2000-10-16 18:09:31.860000+00:00,-5.482,101.725,33.0,5.2,mw,earthquake,reviewed
2000-10-16 19:12:13.340000+00:00,-5.521,101.735,33.0,4.8,mw,earthquake,reviewed
2000-10-18 13:03:34.460000+00:00,-5.499,103.037,33.0,4.8,mw,earthquake,reviewed
2000-10-18 20:26:49.330000+00:00,-5.278,102.451,33.0,5.1,mw,earthquake,reviewed
2000-10-21 22:05:22.990000+00:00,0.963,98.997,80.8,4.8,mw,earthquake,reviewed
2000-10-22 08:12:14.390000+00:00,-4.684,102.123,33.0,4.7,mw,earthquake,reviewed
2000-10-26 03:33:18.220000+00:00,-5.331,102.573,33.0,4.9,mw,earthquake,reviewed
2000-10-26 05:37:59.730000+00:00,-5.368,102.525,33.0,4.6,mw,earthquake,reviewed
2000-10-29 02:23:35.690000+00:00,-5.235,103.135,33.0,4.4,mw,earthquake,reviewed
2000-11-05 07:50:40.160000+00:00,-4.021,102.715,33.0,4.6,mw,earthquake,reviewed
2000-11-05 15:56:11.270000+00:00,-5.654,103.884,33.0,4.8,mw,earthquake,reviewed
2000-11-10 10:48:11.500000+00:00,-5.627,103.015,33.0,5.2,mw,earthquake,reviewed
2000-11-12 01:58:36.660000+00:00,-5.774,105.727,33.0,4.7,mw,earthquake,reviewed
2000-11-13 15:38:03.650000+00:00,4.475,96.567,33.0,4.7,mw,earthquake,reviewed
2000-11-17 13:38:37.090000+00:00,-1.714,100.584,47.4,5.1,mw,earthquake,reviewed
2000-11-20 12:03:44.900000+00:00,-5.354,102.543,33.0,4.2,mw,earthquake,reviewed
2000-11-22 19:55:56.350000+00:00,-4.655,103.538,33.0,4.7,mw,earthquake,reviewed
2000-11-24 12:43:41+00:00,0.794,99.73,33.0,4.8,mw,earthquake,reviewed
2000-11-30 10:46:44.050000+00:00,-4.353,102.18,33.0,4.9,mw,earthquake,reviewed
2000-12-04 07:54:43.840000+00:00,1.436,99.074,94.8,5.3,mw,earthquake,reviewed
2000-12-05 15:55:32.920000+00:00,-4.48,102.532,50.2,4.7,mw,earthquake,reviewed
2000-12-05 20:47:56.290000+00:00,-2.984,99.268,33.0,4.7,mw,earthquake,reviewed
2000-12-09 00:16:04.500000+00:00,-4.353,102.271,51.4,4.7,mw,earthquake,reviewed
2000-12-09 11:15:39.620000+00:00,-3.564,102.291,92.7,4.4,mw,earthquake,reviewed
2000-12-11 03:58:02.570000+00:00,-5.201,102.933,33.0,4.7,mw,earthquake,reviewed
2000-12-11 05:39:27.770000+00:00,4.654,95.91,135.4,4.7,mw,earthquake,reviewed
2000-12-12 00:47:42.410000+00:00,0.454,98.962,33.0,4.8,mw,earthquake,reviewed
2000-12-14 08:52:37.830000+00:00,-5.525,102.959,33.0,4.3,mw,earthquake,reviewed
2000-12-23 16:39:08.300000+00:00,1.696,97.018,33.0,4.9,mw,earthquake,reviewed
2000-12-24 15:31:40.550000+00:00,-4.527,101.885,33.0,4.7,mw,earthquake,reviewed
2000-12-26 06:12:46.120000+00:00,2.644,97.766,100.0,4.8,mw,earthquake,reviewed
2000-12-26 15:48:40.250000+00:00,-4.26,102.148,33.0,4.6,mw,earthquake,reviewed
2000-12-27 09:07:10.630000+00:00,-3.803,101.871,33.0,4.9,mw,earthquake,reviewed
2000-12-28 18:54:36.660000+00:00,-4.864,102.599,33.0,5.4,mw,earthquake,reviewed
2000-12-29 01:34:11.380000+00:00,-3.465,101.639,33.0,4.6,mw,earthquake,reviewed
2001-01-04 15:26:56.130000+00:00,-5.875,103.224,33.0,4.8,mw,earthquake,reviewed
2001-01-08 05:18:38.030000+00:00,-5.735,102.951,33.0,4.7,mw,earthquake,reviewed
2001-01-13 18:05:21.590000+00:00,3.577,97.86,33.0,4.7,mw,earthquake,reviewed
2001-01-15 20:31:44.170000+00:00,3.819,98.114,33.0,4.2,mw,earthquake,reviewed
2001-01-16 13:25:01.080000+00:00,-3.957,101.746,33.0,6.1,mw,earthquake,reviewed
2001-01-16 13:25:09.830000+00:00,-4.022,101.776,28.0,6.9,mw,earthquake,reviewed
2001-01-16 13:39:06.260000+00:00,-4.197,101.614,33.0,5.5,mw,earthquake,reviewed
2001-01-16 13:54:29.980000+00:00,-4.308,101.452,33.0,5.2,mw,earthquake,reviewed
2001-01-16 14:07:49.630000+00:00,-4.347,101.633,33.0,5.3,mw,earthquake,reviewed
2001-01-16 14:25:10.580000+00:00,-4.308,101.648,33.0,5.7,mw,earthquake,reviewed
2001-01-16 16:15:35.670000+00:00,-4.162,101.657,33.0,5.0,mw,earthquake,reviewed
2001-01-16 16:49:58.530000+00:00,-4.194,101.604,57.7,5.7,mw,earthquake,reviewed
2001-01-16 17:06:45.880000+00:00,-4.276,101.506,33.0,4.9,mw,earthquake,reviewed
2001-01-17 15:23:32.970000+00:00,-4.423,102.708,33.0,4.4,mw,earthquake,reviewed
2001-01-18 07:26:39.390000+00:00,-4.046,101.746,55.4,5.4,mw,earthquake,reviewed
2001-01-18 16:23:21.610000+00:00,-4.217,101.599,66.6,5.0,mw,earthquake,reviewed
2001-01-21 03:40:48.620000+00:00,-4.187,101.446,33.0,4.4,mw,earthquake,reviewed
2001-01-21 23:03:16.510000+00:00,-4.785,102.727,33.0,4.5,mw,earthquake,reviewed
2001-01-23 17:38:12.850000+00:00,-0.198,99.245,77.8,5.6,mw,earthquake,reviewed
2001-01-25 06:49:17.170000+00:00,-5.911,103.767,64.9,5.3,mw,earthquake,reviewed
2001-01-28 18:53:05.710000+00:00,-5.001,102.673,33.0,4.7,mw,earthquake,reviewed
2001-01-29 14:08:05.430000+00:00,-5.893,103.304,33.0,5.4,mw,earthquake,reviewed
2001-01-29 14:22:06.690000+00:00,-5.739,103.459,33.0,4.3,mw,earthquake,reviewed
2001-01-29 21:07:30.610000+00:00,-5.888,103.277,33.0,5.2,mw,earthquake,reviewed
2001-01-29 23:49:12.760000+00:00,-5.874,103.265,33.0,4.8,mw,earthquake,reviewed
2001-01-30 02:46:27.060000+00:00,-5.921,103.768,33.0,5.1,mw,earthquake,reviewed
2001-01-30 13:46:24.090000+00:00,-5.856,103.223,33.0,4.8,mw,earthquake,reviewed
2001-02-02 05:12:38.120000+00:00,-5.845,103.205,33.0,5.0,mw,earthquake,reviewed
2001-02-07 08:38:05.460000+00:00,-4.534,102.476,33.0,4.3,mw,earthquake,reviewed
2001-02-08 17:52:35.670000+00:00,2.113,96.613,22.4,4.5,mw,earthquake,reviewed
2001-02-08 18:50:29.470000+00:00,2.055,96.477,33.0,4.5,mw,earthquake,reviewed
2001-02-10 15:03:25.230000+00:00,5.058,95.754,33.0,4.3,mw,earthquake,reviewed
2001-02-13 16:40:22.620000+00:00,-5.104,102.121,33.0,4.3,mw,earthquake,reviewed
2001-02-13 19:28:30.260000+00:00,-4.68,102.562,36.0,7.4,mw,earthquake,reviewed
2001-02-13 22:27:14.970000+00:00,-5.154,102.146,33.0,5.3,mw,earthquake,reviewed
2001-02-14 00:20:56.500000+00:00,-5.971,103.839,33.0,4.9,mw,earthquake,reviewed
2001-02-14 01:22:26.220000+00:00,-5.079,102.555,33.0,4.9,mw,earthquake,reviewed
2001-02-14 01:39:31.490000+00:00,-5.023,102.727,33.0,5.3,mw,earthquake,reviewed
2001-02-14 03:08:05.140000+00:00,-4.983,102.355,33.0,4.8,mw,earthquake,reviewed
2001-02-14 03:38:17.870000+00:00,-5.308,102.55,33.0,5.2,mw,earthquake,reviewed
2001-02-14 03:51:24.580000+00:00,-4.88,102.971,33.0,4.4,mw,earthquake,reviewed
2001-02-14 04:45:35.640000+00:00,-5.164,102.488,33.0,5.6,mw,earthquake,reviewed
2001-02-14 08:34:55.500000+00:00,-5.946,105.521,33.0,4.9,mw,earthquake,reviewed
2001-02-15 14:46:36.300000+00:00,-4.784,102.761,86.1,5.3,mw,earthquake,reviewed
2001-02-15 18:31:50.320000+00:00,-4.288,101.126,33.0,4.7,mw,earthquake,reviewed
2001-02-16 02:41:16.220000+00:00,-3.199,104.847,46.1,4.7,mw,earthquake,reviewed
2001-02-16 13:10:24.350000+00:00,-4.781,102.743,66.5,5.2,mw,earthquake,reviewed
2001-02-17 04:28:19.370000+00:00,-5.134,102.462,33.0,5.1,mw,earthquake,reviewed
2001-02-18 01:43:56.500000+00:00,-5.269,102.533,33.0,4.6,mw,earthquake,reviewed
2001-02-18 05:32:10.840000+00:00,-4.911,102.85,33.0,4.4,mw,earthquake,reviewed
2001-02-19 09:30:23.280000+00:00,-5.087,102.726,45.6,5.2,mw,earthquake,reviewed
2001-02-19 09:39:31.540000+00:00,-5.22,102.531,33.0,5.0,mw,earthquake,reviewed
2001-02-19 15:20:14.600000+00:00,-5.175,102.652,44.1,4.8,mw,earthquake,reviewed
2001-02-21 15:22:20.840000+00:00,-4.9,102.448,33.0,5.7,mw,earthquake,reviewed
2001-02-21 17:12:07.580000+00:00,-4.38,101.387,33.0,4.9,mw,earthquake,reviewed
2001-02-21 22:03:57.800000+00:00,-4.45,102.32,90.5,4.8,mw,earthquake,reviewed
2001-02-22 01:28:11.530000+00:00,1.506,97.156,33.0,4.8,mw,earthquake,reviewed
2001-02-22 09:20:35.590000+00:00,-4.359,101.642,33.0,4.8,mw,earthquake,reviewed
2001-02-22 10:24:23.600000+00:00,-4.352,101.536,33.0,4.8,mw,earthquake,reviewed
2001-02-22 17:05:24.180000+00:00,-5.129,102.372,33.0,4.6,mw,earthquake,reviewed
2001-02-24 01:34:13.380000+00:00,-1.881,100.377,82.1,4.6,mw,earthquake,reviewed
2001-03-07 08:29:20.140000+00:00,0.342,97.676,33.0,5.1,mw,earthquake,reviewed
2001-03-08 21:11:24.580000+00:00,-5.362,102.186,33.0,5.4,mw,earthquake,reviewed
2001-03-13 23:34:22.810000+00:00,-5.65,102.503,33.0,4.8,mw,earthquake,reviewed
2001-03-13 23:58:58.610000+00:00,-0.605,99.987,110.1,4.9,mw,earthquake,reviewed
2001-03-17 05:54:27.010000+00:00,-4.885,102.626,50.5,5.2,mw,earthquake,reviewed
2001-03-17 18:23:59.470000+00:00,-4.919,102.63,46.4,4.7,mw,earthquake,reviewed
2001-03-18 14:48:09.330000+00:00,-4.99,102.764,33.0,5.0,mw,earthquake,reviewed
2001-03-18 14:55:14.700000+00:00,-5.03,102.698,33.0,4.9,mw,earthquake,reviewed
2001-03-23 10:53:48.170000+00:00,-5.157,102.828,33.6,4.6,mw,earthquake,reviewed
2001-03-27 22:35:02.490000+00:00,-4.347,102.216,52.6,4.6,mw,earthquake,reviewed
2001-03-28 10:06:25.190000+00:00,-5.078,102.052,33.0,4.5,mw,earthquake,reviewed
2001-03-31 02:26:33.470000+00:00,4.049,96.088,50.7,5.2,mw,earthquake,reviewed
2001-04-01 03:33:36.060000+00:00,-5.206,102.895,33.0,4.8,mw,earthquake,reviewed
2001-04-04 01:31:19.590000+00:00,3.821,96.718,70.4,4.9,mw,earthquake,reviewed
2001-04-06 23:07:10.230000+00:00,-4.192,101.633,33.0,5.2,mw,earthquake,reviewed
2001-04-08 11:57:25.470000+00:00,-4.381,102.199,64.9,5.5,mw,earthquake,reviewed
2001-04-09 13:28:59.380000+00:00,-5.909,102.724,33.0,4.9,mw,earthquake,reviewed
2001-04-13 14:00:41.160000+00:00,-5.563,103.849,33.0,4.7,mw,earthquake,reviewed
2001-04-15 23:04:19.960000+00:00,-5.322,102.277,33.0,4.9,mw,earthquake,reviewed
2001-04-15 23:19:07.280000+00:00,-5.455,102.059,33.0,4.5,mw,earthquake,reviewed
2001-04-17 21:45:08.580000+00:00,-4.395,101.682,33.0,5.1,mw,earthquake,reviewed
2001-04-20 06:27:44.540000+00:00,2.025,96.749,33.0,4.5,mw,earthquake,reviewed
2001-04-20 12:43:05.030000+00:00,3.542,95.668,68.6,4.4,mw,earthquake,reviewed
2001-04-21 15:41:31.600000+00:00,-4.748,103.097,88.7,5.2,mw,earthquake,reviewed
2001-04-24 06:59:00.800000+00:00,-4.516,103.089,79.9,4.7,mw,earthquake,reviewed
2001-04-24 20:18:17.130000+00:00,-4.391,102.153,33.0,4.7,mw,earthquake,reviewed
2001-04-25 05:38:50.350000+00:00,-5.627,102.899,33.0,4.9,mw,earthquake,reviewed
2001-04-25 07:05:09.400000+00:00,-5.656,102.965,33.0,4.8,mw,earthquake,reviewed
2001-04-25 07:23:09.240000+00:00,-2.223,100.149,33.0,5.0,mw,earthquake,reviewed
2001-04-26 16:08:24.670000+00:00,-3.634,101.078,33.0,5.2,mw,earthquake,reviewed
2001-05-01 18:34:31.250000+00:00,-4.464,102.019,33.0,4.5,mw,earthquake,reviewed
2001-05-03 10:06:14.720000+00:00,1.855,99.046,33.0,4.1,mw,earthquake,reviewed
2001-05-11 19:56:39.870000+00:00,3.45,96.356,33.0,4.4,mw,earthquake,reviewed
2001-05-11 22:18:09.020000+00:00,0.881,98.945,80.2,5.2,mw,earthquake,reviewed
2001-05-12 12:53:16.150000+00:00,-5.216,102.579,33.0,4.3,mw,earthquake,reviewed
2001-05-14 06:16:47.100000+00:00,-2.172,100.091,33.0,4.9,mw,earthquake,reviewed
2001-05-16 11:16:17.770000+00:00,-4.035,101.206,33.0,4.3,mw,earthquake,reviewed
2001-05-18 02:05:33.450000+00:00,0.414,97.784,33.0,5.9,mw,earthquake,reviewed
2001-05-19 01:56:37.410000+00:00,1.486,96.958,23.6,4.7,mw,earthquake,reviewed
2001-05-22 20:53:43.930000+00:00,-0.301,97.513,33.0,4.9,mw,earthquake,reviewed
2001-05-25 10:46:40.870000+00:00,-1.087,98.645,33.0,5.0,mw,earthquake,reviewed
2001-05-25 19:21:50.080000+00:00,-4.078,102.712,99.4,4.5,mw,earthquake,reviewed
2001-05-26 04:03:38.570000+00:00,-1.138,98.615,33.0,4.8,mw,earthquake,reviewed
2001-05-26 04:05:49.450000+00:00,-4.304,102.677,51.5,5.3,mw,earthquake,reviewed
2001-05-26 05:29:06.710000+00:00,-1.091,98.657,33.0,4.8,mw,earthquake,reviewed
2001-05-27 21:17:50.080000+00:00,-4.333,102.84,100.0,5.1,mw,earthquake,reviewed
2001-05-29 16:15:19.240000+00:00,2.351,99.023,152.8,4.5,mw,earthquake,reviewed
2001-05-29 19:03:42.120000+00:00,-4.651,102.743,46.8,5.1,mw,earthquake,reviewed
2001-06-01 03:42:57.970000+00:00,-4.438,102.179,43.5,4.7,mw,earthquake,reviewed
2001-06-04 08:04:03.290000+00:00,-5.847,105.409,33.0,4.9,mw,earthquake,reviewed
2001-06-10 14:33:29.550000+00:00,-5.595,103.047,33.0,4.7,mw,earthquake,reviewed
2001-06-12 14:41:53.350000+00:00,-4.657,102.836,33.0,4.5,mw,earthquake,reviewed
2001-06-14 00:15:59.640000+00:00,0.469,100.231,103.0,4.9,mw,earthquake,reviewed
2001-06-15 10:38:03.560000+00:00,-1.365,97.382,33.0,5.4,mw,earthquake,reviewed
2001-06-19 19:21:24.680000+00:00,2.648,99.168,172.1,4.4,mw,earthquake,reviewed
2001-06-24 00:45:57.490000+00:00,-5.4,103.4,33.0,4.8,mw,earthquake,reviewed
2001-06-24 18:33:43.770000+00:00,-4.598,101.903,33.0,4.4,mw,earthquake,reviewed
2001-06-29 16:14:15.150000+00:00,-5.558,102.712,33.8,4.9,mw,earthquake,reviewed
2001-06-29 19:28:13.860000+00:00,1.096,99.062,120.8,4.5,mw,earthquake,reviewed
2001-07-02 23:23:53.530000+00:00,-5.21,102.696,33.0,4.9,mw,earthquake,reviewed
2001-07-22 20:08:08.640000+00:00,4.584,95.818,69.5,4.5,mw,earthquake,reviewed
2001-07-23 12:09:42.370000+00:00,0.288,98.539,33.0,5.1,mw,earthquake,reviewed
2001-07-23 20:56:49.090000+00:00,-4.459,101.662,33.0,4.4,mw,earthquake,reviewed
2001-07-26 23:29:45.410000+00:00,-5.812,102.536,33.0,4.5,mw,earthquake,reviewed
2001-07-30 19:08:07.470000+00:00,3.887,95.669,33.0,4.8,mw,earthquake,reviewed
2001-07-30 21:56:19.120000+00:00,-4.209,102.177,33.0,5.1,mw,earthquake,reviewed
2001-07-31 09:43:14.500000+00:00,-5.281,103.336,33.0,5.7,mw,earthquake,reviewed
2001-08-03 11:16:46.710000+00:00,-4.644,102.617,33.0,4.6,mw,earthquake,reviewed
2001-08-07 14:15:01+00:00,-0.228,99.549,106.7,4.4,mw,earthquake,reviewed
2001-08-08 22:10:58.950000+00:00,2.007,95.546,33.0,4.8,mw,earthquake,reviewed
2001-08-10 18:09:19.040000+00:00,-5.963,102.702,33.0,4.9,mw,earthquake,reviewed
2001-08-10 18:19:07.110000+00:00,-5.966,102.711,33.0,4.8,mw,earthquake,reviewed
2001-08-10 23:11:15.380000+00:00,-4.513,102.184,33.0,4.4,mw,earthquake,reviewed
2001-08-12 02:03:07.720000+00:00,0.56,98.636,33.0,4.3,mw,earthquake,reviewed
2001-08-18 06:55:53.690000+00:00,-4.411,102.888,150.9,4.8,mw,earthquake,reviewed
2001-08-19 02:03:52.080000+00:00,-3.207,101.565,59.2,4.5,mw,earthquake,reviewed
2001-08-24 19:04:38.060000+00:00,1.49,99.13,105.8,4.5,mw,earthquake,reviewed
2001-08-26 18:59:07.770000+00:00,-5.102,102.004,33.0,5.1,mw,earthquake,reviewed
2001-08-30 20:46:03.010000+00:00,-5.802,102.628,33.0,4.4,mw,earthquake,reviewed
2001-08-31 00:32:35.110000+00:00,-4.865,102.682,44.8,4.8,mw,earthquake,reviewed
2001-08-31 01:07:10.760000+00:00,-4.743,102.59,50.1,4.7,mw,earthquake,reviewed
2001-09-04 18:39:25.840000+00:00,-5.113,103.483,33.0,5.1,mw,earthquake,reviewed
2001-09-07 14:21:09.290000+00:00,-5.232,102.473,33.0,4.6,mw,earthquake,reviewed
2001-09-13 01:27:07.270000+00:00,-3.184,101.436,73.6,5.3,mw,earthquake,reviewed
2001-09-26 00:51:49.850000+00:00,-5.487,104.272,33.0,4.8,mw,earthquake,reviewed
2001-10-09 15:33:31.900000+00:00,-4.581,102.008,33.0,4.8,mw,earthquake,reviewed
2001-10-11 06:16:17.750000+00:00,0.39,98.82,69.5,5.0,mw,earthquake,reviewed
2001-10-12 09:34:55.810000+00:00,3.248,96.123,35.8,5.1,mw,earthquake,reviewed
2001-10-16 04:46:30.630000+00:00,-0.138,98.511,46.5,4.7,mw,earthquake,reviewed
2001-10-16 17:18:00.030000+00:00,1.955,99.456,76.7,4.9,mw,earthquake,reviewed
2001-10-17 18:43:53.470000+00:00,-4.941,103.152,33.0,4.6,mw,earthquake,reviewed
2001-10-22 00:50:00.690000+00:00,-3.134,103.263,250.0,4.1,mw,earthquake,reviewed
2001-10-22 14:18:15.350000+00:00,1.332,99.503,33.0,4.4,mw,earthquake,reviewed
2001-10-28 22:31:09.990000+00:00,-5.227,102.518,33.0,5.1,mw,earthquake,reviewed
2001-10-29 18:04:04.960000+00:00,-4.984,102.084,33.0,5.1,mw,earthquake,reviewed
2001-11-12 10:32:29.790000+00:00,1.838,99.198,150.0,4.2,mw,earthquake,reviewed
2001-11-13 10:32:00.210000+00:00,2.812,97.898,100.7,4.6,mw,earthquake,reviewed
2001-11-16 15:48:50.030000+00:00,1.215,98.575,97.8,4.8,mw,earthquake,reviewed
2001-11-18 10:52:37.130000+00:00,1.924,98.234,83.0,4.2,mw,earthquake,reviewed
2001-11-21 00:39:37.250000+00:00,-3.614,102.458,100.0,4.5,mw,earthquake,reviewed
2001-11-27 17:59:14.890000+00:00,2.921,99.269,197.5,4.6,mw,earthquake,reviewed
2001-12-01 05:09:03.480000+00:00,-4.759,101.903,58.5,5.6,mw,earthquake,reviewed
2001-12-02 11:50:13.010000+00:00,-1.688,99.711,60.5,4.3,mw,earthquake,reviewed
2001-12-04 07:19:25.500000+00:00,3.718,97.794,139.1,5.2,mw,earthquake,reviewed
2001-12-04 07:55:17+00:00,-5.719,102.396,33.0,4.4,mw,earthquake,reviewed
2001-12-04 14:32:19.930000+00:00,-5.282,102.617,33.0,4.3,mw,earthquake,reviewed
2001-12-05 21:06:14.310000+00:00,1.981,96.831,33.0,4.4,mw,earthquake,reviewed
2001-12-06 16:30:33.370000+00:00,-4.727,101.828,33.0,4.2,mw,earthquake,reviewed
2001-12-07 10:05:49.260000+00:00,-4.618,102.06,82.8,4.7,mw,earthquake,reviewed
2001-12-10 19:07:37.730000+00:00,5.155,95.832,33.0,4.6,mw,earthquake,reviewed
2001-12-14 03:45:43.450000+00:00,-4.369,102.06,33.0,4.7,mw,earthquake,reviewed
2001-12-16 17:05:03.400000+00:00,-5.11,101.916,33.0,5.1,mw,earthquake,reviewed
2001-12-18 16:04:16.970000+00:00,-1.921,102.418,200.0,4.2,mw,earthquake,reviewed
2001-12-25 12:40:56.590000+00:00,-5.039,102.692,33.0,4.6,mw,earthquake,reviewed
2001-12-29 21:03:44.720000+00:00,-1.695,100.053,33.0,4.9,mw,earthquake,reviewed
2002-01-01 19:32:18.480000+00:00,-2.032,100.665,100.0,4.6,mw,earthquake,reviewed
2002-01-03 00:54:35.590000+00:00,-4.333,102.04,33.0,5.6,mw,earthquake,reviewed
2002-01-04 07:03:05.480000+00:00,-4.122,101.261,33.0,4.7,mw,earthquake,reviewed
2002-01-04 15:09:58.920000+00:00,1.945,97.919,42.2,5.2,mw,earthquake,reviewed
2002-01-07 19:13:45.150000+00:00,-4.039,101.44,33.0,5.4,mw,earthquake,reviewed
2002-01-09 01:19:38.030000+00:00,3.161,95.97,33.0,4.1,mw,earthquake,reviewed
2002-01-11 17:18:24.420000+00:00,0.409,96.38,33.0,4.6,mw,earthquake,reviewed
2002-01-12 20:46:51.050000+00:00,-5.068,102.635,33.0,4.6,mw,earthquake,reviewed
2002-01-15 07:43:00.310000+00:00,-5.744,105.586,10.0,4.5,mw,earthquake,reviewed
2002-01-21 14:03:51.650000+00:00,-5.63,102.342,33.0,5.1,mw,earthquake,reviewed
2002-01-21 14:19:41.530000+00:00,-5.544,102.351,33.0,4.8,mw,earthquake,reviewed
2002-01-22 20:15:06.360000+00:00,3.488,95.629,33.0,5.2,mw,earthquake,reviewed
2002-01-22 23:03:54.830000+00:00,-2.883,101.211,33.0,5.0,mw,earthquake,reviewed
2002-01-24 15:24:05.040000+00:00,3.513,95.607,33.0,5.4,mw,earthquake,reviewed
2002-01-24 17:08:26.030000+00:00,3.865,95.987,33.0,4.3,mw,earthquake,reviewed
2002-01-24 17:52:25.420000+00:00,3.535,95.659,33.0,5.4,mw,earthquake,reviewed
2002-01-24 17:56:21.400000+00:00,3.521,95.656,33.0,5.3,mw,earthquake,reviewed
2002-01-24 18:12:05.290000+00:00,3.533,95.658,33.0,5.7,mw,earthquake,reviewed
2002-01-24 23:46:42.740000+00:00,3.334,95.599,33.0,4.4,mw,earthquake,reviewed
2002-01-25 05:47:28.750000+00:00,-3.522,102.314,111.6,4.3,mw,earthquake,reviewed
2002-01-25 14:05:58.480000+00:00,3.482,95.677,33.0,5.0,mw,earthquake,reviewed
2002-01-26 17:52:16.580000+00:00,3.329,95.609,33.0,4.7,mw,earthquake,reviewed
2002-01-28 05:31:21.420000+00:00,-4.461,102.09,33.0,5.1,mw,earthquake,reviewed
2002-01-31 09:55:03.070000+00:00,-5.459,102.484,33.0,4.8,mw,earthquake,reviewed
2002-02-02 12:17:37.550000+00:00,-5.417,102.077,33.0,4.9,mw,earthquake,reviewed
2002-02-03 19:14:50.150000+00:00,-1.016,100.483,33.0,4.2,mw,earthquake,reviewed
2002-02-06 12:13:17.320000+00:00,4.861,95.664,33.0,4.5,mw,earthquake,reviewed
2002-02-08 07:26:15.570000+00:00,1.967,98.104,33.0,5.0,mw,earthquake,reviewed
2002-02-09 13:32:09.500000+00:00,-5.173,102.52,48.6,4.7,mw,earthquake,reviewed
2002-02-09 20:50:23.840000+00:00,-4.163,101.556,33.0,4.7,mw,earthquake,reviewed
2002-02-10 05:21:13.760000+00:00,3.651,95.817,77.1,4.7,mw,earthquake,reviewed
2002-02-10 12:41:58+00:00,3.642,95.67,100.0,4.4,mw,earthquake,reviewed
2002-02-10 14:45:14.800000+00:00,-5.722,103.568,50.5,4.4,mw,earthquake,reviewed
2002-02-11 05:23:48.580000+00:00,1.928,97.001,26.8,5.1,mw,earthquake,reviewed
2002-02-11 08:29:24.330000+00:00,4.354,95.872,77.9,4.7,mw,earthquake,reviewed
2002-02-17 10:23:01.380000+00:00,-5.875,104.59,33.0,5.2,mw,earthquake,reviewed
2002-02-20 07:57:55.780000+00:00,-5.506,104.577,84.4,4.6,mw,earthquake,reviewed
2002-02-28 17:19:57.210000+00:00,-4.12,101.379,32.6,5.1,mw,earthquake,reviewed
2002-03-05 12:20:43.460000+00:00,-4.808,102.799,33.0,4.5,mw,earthquake,reviewed
2002-03-07 08:54:38.230000+00:00,1.115,100.318,202.6,4.3,mw,earthquake,reviewed
2002-03-07 21:40:20.700000+00:00,-2.193,102.142,200.0,4.5,mw,earthquake,reviewed
2002-03-17 09:59:28.110000+00:00,-5.878,105.59,33.0,4.7,mw,earthquake,reviewed
2002-03-18 22:24:38.270000+00:00,-4.809,102.189,51.1,5.4,mw,earthquake,reviewed
2002-03-20 01:01:26.950000+00:00,-5.51,101.695,33.0,4.2,mw,earthquake,reviewed
2002-03-23 14:40:21.280000+00:00,-4.755,102.726,33.0,4.5,mw,earthquake,reviewed
2002-03-25 05:57:05.800000+00:00,-2.355,100.129,33.0,4.8,mw,earthquake,reviewed
2002-03-27 22:46:02.720000+00:00,-0.499,98.682,33.0,5.1,mw,earthquake,reviewed
2002-03-30 08:57:26.180000+00:00,-4.805,103.131,33.0,5.1,mw,earthquake,reviewed
2002-03-30 22:31:42.430000+00:00,-5.27,102.146,33.1,5.3,mw,earthquake,reviewed
2002-04-05 15:14:34.930000+00:00,-4.636,102.252,33.0,4.2,mw,earthquake,reviewed
2002-04-06 05:38:34.790000+00:00,-4.106,102.848,88.2,4.7,mw,earthquake,reviewed
2002-04-08 00:35:20.470000+00:00,-5.146,102.902,33.0,4.1,mw,earthquake,reviewed
2002-04-08 18:48:41.930000+00:00,-4.093,102.293,33.0,4.3,mw,earthquake,reviewed
2002-04-09 19:35:59.410000+00:00,4.721,96.182,33.0,4.6,mw,earthquake,reviewed
2002-04-15 00:13:06.400000+00:00,-5.395,104.225,33.0,4.8,mw,earthquake,reviewed
2002-04-27 04:24:18.290000+00:00,-4.508,102.784,33.0,5.0,mw,earthquake,reviewed
2002-04-27 21:57:15.600000+00:00,-5.553,102.173,33.0,4.4,mw,earthquake,reviewed
2002-05-02 11:47:16.220000+00:00,1.052,99.162,100.0,4.8,mw,earthquake,reviewed
2002-05-04 09:06:08.260000+00:00,-4.844,102.84,33.0,4.7,mw,earthquake,reviewed
2002-05-07 17:48:15.430000+00:00,-5.799,101.984,33.0,4.9,mw,earthquake,reviewed
2002-05-11 22:57:03.920000+00:00,-3.327,101.746,33.0,4.3,mw,earthquake,reviewed
2002-05-17 15:54:27.420000+00:00,0.799,98.67,81.1,4.8,mw,earthquake,reviewed
2002-05-22 00:12:23.440000+00:00,-4.81,101.762,33.0,5.3,mw,earthquake,reviewed
2002-05-22 10:55:28.800000+00:00,-1.706,100.54,70.5,4.6,mw,earthquake,reviewed
2002-05-23 22:05:51.820000+00:00,-5.816,102.064,10.0,5.5,mw,earthquake,reviewed
2002-05-24 08:48:51.190000+00:00,-5.835,101.697,10.0,5.1,mw,earthquake,reviewed
2002-05-24 15:23:07.500000+00:00,-5.803,102.045,10.0,4.9,mw,earthquake,reviewed
2002-05-25 06:24:14.720000+00:00,-5.876,101.608,10.0,4.9,mw,earthquake,reviewed
2002-05-25 07:53:48.430000+00:00,2.858,99.03,166.1,4.5,mw,earthquake,reviewed
2002-05-27 14:52:47.980000+00:00,-5.158,101.965,33.0,4.6,mw,earthquake,reviewed
2002-05-30 10:44:20.050000+00:00,2.379,99.14,155.1,4.8,mw,earthquake,reviewed
2002-06-04 18:46:45.510000+00:00,-5.232,102.558,33.0,4.4,mw,earthquake,reviewed
2002-06-05 12:49:52.340000+00:00,1.716,98.867,124.8,4.3,mw,earthquake,reviewed
2002-06-11 19:23:12.250000+00:00,-4.737,103.117,33.0,4.5,mw,earthquake,reviewed
2002-06-14 21:01:34.580000+00:00,-4.492,102.163,33.0,4.5,mw,earthquake,reviewed
2002-06-16 18:31:10.820000+00:00,-2.338,102.559,231.6,5.8,mw,earthquake,reviewed
2002-06-18 04:10:49.790000+00:00,0.415,96.697,33.0,4.3,mw,earthquake,reviewed
2002-06-23 00:42:57.420000+00:00,2.721,96.227,33.0,4.4,mw,earthquake,reviewed
2002-06-23 05:29:51.310000+00:00,-0.944,101.085,66.7,4.7,mw,earthquake,reviewed
2002-06-25 15:19:58.270000+00:00,-5.562,103.722,33.0,4.5,mw,earthquake,reviewed
2002-06-26 14:37:11.200000+00:00,-5.975,102.453,33.0,4.7,mw,earthquake,reviewed
2002-06-26 21:22:06.630000+00:00,-5.831,102.342,33.0,4.6,mw,earthquake,reviewed
2002-06-29 22:28:17.590000+00:00,-2.938,101.407,50.6,4.9,mw,earthquake,reviewed
2002-07-09 04:55:43.880000+00:00,-3.282,101.487,33.0,5.2,mw,earthquake,reviewed
2002-07-11 09:52:09.330000+00:00,-5.252,103.657,33.0,4.7,mw,earthquake,reviewed
2002-07-16 03:43:38.580000+00:00,3.923,95.607,100.0,4.7,mw,earthquake,reviewed
2002-07-17 05:47:05.050000+00:00,2.001,99.461,169.3,4.8,mw,earthquake,reviewed
2002-07-21 06:28:09.950000+00:00,-2.076,100.267,33.0,4.4,mw,earthquake,reviewed
2002-08-03 00:16:01.300000+00:00,-4.301,102.229,33.0,4.5,mw,earthquake,reviewed
2002-08-06 23:32:21.490000+00:00,-4.793,102.811,33.0,4.9,mw,earthquake,reviewed
2002-08-10 16:41:59.840000+00:00,1.04,100.237,221.5,4.5,mw,earthquake,reviewed
2002-08-13 16:30:17.390000+00:00,3.153,97.689,112.3,4.8,mw,earthquake,reviewed
2002-08-23 21:50:13.190000+00:00,-4.621,102.802,33.0,4.8,mw,earthquake,reviewed
2002-09-07 03:39:52.590000+00:00,-0.082,99.127,33.0,4.8,mw,earthquake,reviewed
2002-09-09 18:27:49.490000+00:00,0.365,99.242,33.0,4.6,mw,earthquake,reviewed
2002-09-17 19:50:56.650000+00:00,2.859,95.685,33.0,4.2,mw,earthquake,reviewed
2002-09-19 17:10:33.080000+00:00,-3.251,101.38,43.9,5.1,mw,earthquake,reviewed
2002-09-20 12:35:14.850000+00:00,0.104,98.374,33.0,4.6,mw,earthquake,reviewed
2002-09-24 02:23:25+00:00,-2.901,100.228,33.0,4.7,mw,earthquake,reviewed
2002-10-02 21:10:07.910000+00:00,-5.859,103.029,33.0,5.1,mw,earthquake,reviewed
2002-10-04 16:48:37.010000+00:00,1.102,100.475,243.8,4.3,mw,earthquake,reviewed
2002-10-04 21:36:53.730000+00:00,-2.382,102.054,177.7,4.7,mw,earthquake,reviewed
2002-10-05 10:06:35.640000+00:00,4.247,96.519,82.0,4.8,mw,earthquake,reviewed
2002-10-05 15:59:15.910000+00:00,-5.509,101.93,33.0,4.9,mw,earthquake,reviewed
2002-10-15 22:46:29.380000+00:00,2.488,99.21,200.0,4.2,mw,earthquake,reviewed
2002-10-18 12:31:24.330000+00:00,3.198,96.034,33.0,4.8,mw,earthquake,reviewed
2002-10-24 13:33:49.220000+00:00,-4.141,103.842,200.0,4.5,mw,earthquake,reviewed
2002-10-27 07:03:27.800000+00:00,-4.603,102.573,33.0,4.6,mw,earthquake,reviewed
2002-10-30 12:29:16.980000+00:00,-4.917,102.885,63.3,4.9,mw,earthquake,reviewed
2002-10-31 07:55:57.630000+00:00,3.267,96.066,33.0,4.8,mw,earthquake,reviewed
2002-11-02 01:26:10.700000+00:00,2.824,96.085,30.0,7.4,mw,earthquake,reviewed
2002-11-02 01:38:20.280000+00:00,2.675,95.903,23.5,5.3,mw,earthquake,reviewed
2002-11-02 01:45:35.300000+00:00,2.642,96.248,33.0,5.3,mw,earthquake,reviewed
2002-11-02 01:56:53.630000+00:00,2.593,95.886,33.0,5.1,mw,earthquake,reviewed
2002-11-02 02:20:02.810000+00:00,2.332,95.799,23.4,4.7,mw,earthquake,reviewed
2002-11-02 02:56:34.600000+00:00,2.506,95.7,33.0,4.9,mw,earthquake,reviewed
2002-11-02 03:46:53.140000+00:00,2.712,96.118,33.0,4.8,mw,earthquake,reviewed
2002-11-02 03:56:31.620000+00:00,2.605,96.064,33.0,4.9,mw,earthquake,reviewed
2002-11-02 04:19:11.060000+00:00,2.516,96.199,33.0,4.7,mw,earthquake,reviewed
2002-11-02 07:08:48.930000+00:00,2.534,96.152,33.0,4.5,mw,earthquake,reviewed
2002-11-02 08:20:49.950000+00:00,-5.958,101.759,33.0,4.7,mw,earthquake,reviewed
2002-11-02 09:46:46.700000+00:00,2.954,96.394,27.0,6.3,mw,earthquake,reviewed
2002-11-02 14:44:57.270000+00:00,2.974,96.315,33.0,4.8,mw,earthquake,reviewed
2002-11-02 17:23:06.470000+00:00,-5.083,102.967,33.0,4.5,mw,earthquake,reviewed
2002-11-02 19:58:26.090000+00:00,2.578,96.351,33.0,5.0,mw,earthquake,reviewed
2002-11-02 21:26:11.300000+00:00,2.199,95.916,33.0,4.9,mw,earthquake,reviewed
2002-11-03 03:59:42.320000+00:00,2.771,95.963,33.0,4.8,mw,earthquake,reviewed
2002-11-03 18:57:07.260000+00:00,2.378,96.24,33.0,4.6,mw,earthquake,reviewed
2002-11-04 03:46:53.950000+00:00,2.492,96.04,33.0,5.0,mw,earthquake,reviewed
2002-11-04 13:11:15.270000+00:00,-4.37,102.066,58.4,4.9,mw,earthquake,reviewed
2002-11-06 02:17:26.710000+00:00,-5.759,102.563,33.0,4.9,mw,earthquake,reviewed
2002-11-06 13:34:48.780000+00:00,-5.654,104.567,98.1,5.0,mw,earthquake,reviewed
2002-11-08 04:27:52.980000+00:00,2.638,95.986,33.0,4.6,mw,earthquake,reviewed
2002-11-12 17:46:30.550000+00:00,2.921,96.332,33.0,4.9,mw,earthquake,reviewed
2002-11-13 03:44:52.890000+00:00,2.864,96.31,33.0,4.5,mw,earthquake,reviewed
2002-11-13 06:47:48.460000+00:00,2.685,96.165,33.0,4.8,mw,earthquake,reviewed
2002-11-13 15:53:09.140000+00:00,3.006,96.087,39.4,5.6,mw,earthquake,reviewed
2002-11-18 22:51:56.490000+00:00,-4.208,102.18,33.0,5.4,mw,earthquake,reviewed
2002-11-20 07:43:29.470000+00:00,2.875,96.14,33.0,4.9,mw,earthquake,reviewed
2002-11-22 02:43:22.780000+00:00,2.507,95.978,33.0,4.5,mw,earthquake,reviewed
2002-11-24 15:21:27.780000+00:00,-4.243,102.054,31.4,4.6,mw,earthquake,reviewed
2002-11-25 08:16:11.430000+00:00,-4.825,102.745,33.0,5.0,mw,earthquake,reviewed
2002-11-27 16:27:11.730000+00:00,2.849,96.11,33.0,4.8,mw,earthquake,reviewed
2002-11-29 20:04:47.840000+00:00,-5.653,104.044,33.0,5.3,mw,earthquake,reviewed
2002-11-30 04:07:09.440000+00:00,2.892,96.208,33.0,5.2,mw,earthquake,reviewed
2002-11-30 17:54:45.840000+00:00,4.607,96.457,61.6,4.8,mw,earthquake,reviewed
2002-12-11 21:38:15.740000+00:00,-0.224,99.244,81.4,4.6,mw,earthquake,reviewed
2002-12-11 23:47:31.700000+00:00,2.826,95.566,33.0,4.3,mw,earthquake,reviewed
2002-12-12 23:47:57.070000+00:00,-3.736,101.057,33.0,4.6,mw,earthquake,reviewed
2002-12-13 22:55:05.770000+00:00,-3.261,101.689,33.0,5.0,mw,earthquake,reviewed
2002-12-15 15:28:19.180000+00:00,2.837,95.771,33.0,4.8,mw,earthquake,reviewed
2002-12-22 02:34:45.330000+00:00,-5.736,102.113,33.0,4.5,mw,earthquake,reviewed
2002-12-27 13:28:36.320000+00:00,4.111,97.72,138.5,5.4,mw,earthquake,reviewed
2002-12-27 15:51:25.870000+00:00,2.689,95.943,26.1,5.0,mw,earthquake,reviewed
2002-12-28 05:57:30.780000+00:00,2.497,95.95,33.0,4.3,mw,earthquake,reviewed
2002-12-30 00:01:54.370000+00:00,-5.052,102.634,33.0,4.6,mw,earthquake,reviewed
2003-01-03 08:19:50.220000+00:00,2.97,96.052,33.0,5.0,mw,earthquake,reviewed
2003-01-09 04:42:43.290000+00:00,0.538,98.6,45.4,5.5,mw,earthquake,reviewed
2003-01-10 15:18:55.100000+00:00,0.202,97.957,27.2,5.7,mw,earthquake,reviewed
2003-01-10 15:25:59.520000+00:00,0.217,97.921,26.4,5.4,mw,earthquake,reviewed
2003-01-12 03:18:22.690000+00:00,2.893,98.132,100.0,4.7,mw,earthquake,reviewed
2003-01-19 02:55:24.280000+00:00,-3.428,101.638,53.2,5.2,mw,earthquake,reviewed
2003-01-20 21:46:23.900000+00:00,-3.21,103.122,201.7,4.4,mw,earthquake,reviewed
2003-01-22 02:58:50.710000+00:00,4.495,97.568,33.0,5.8,mw,earthquake,reviewed
2003-01-22 05:59:30.570000+00:00,4.505,97.737,33.0,4.6,mw,earthquake,reviewed
2003-01-25 00:56:20.020000+00:00,2.259,95.875,33.0,4.7,mw,earthquake,reviewed
2003-01-25 09:57:16.030000+00:00,2.893,96.382,33.0,4.5,mw,earthquake,reviewed
2003-01-25 10:27:57.260000+00:00,4.503,97.733,79.1,4.8,mw,earthquake,reviewed
2003-01-26 20:10:39.520000+00:00,-5.646,103.805,33.0,5.0,mw,earthquake,reviewed
2003-01-27 12:26:20.330000+00:00,0.185,99.766,33.0,4.7,mw,earthquake,reviewed
2003-01-31 20:53:09.430000+00:00,-5.513,103.677,33.0,5.1,mw,earthquake,reviewed
2003-02-02 05:55:56.720000+00:00,0.992,98.231,100.0,4.5,mw,earthquake,reviewed
2003-02-02 09:37:26.580000+00:00,4.115,95.531,131.3,4.8,mw,earthquake,reviewed
2003-02-02 20:16:49.430000+00:00,1.674,98.341,200.0,4.2,mw,earthquake,reviewed
2003-02-03 11:46:17.280000+00:00,-2.73,101.196,33.0,5.6,mw,earthquake,reviewed
2003-02-03 12:13:53.500000+00:00,4.37,97.766,33.0,4.4,mw,earthquake,reviewed
2003-02-05 19:30:53.080000+00:00,-3.232,101.168,33.0,4.8,mw,earthquake,reviewed
2003-02-16 22:27:49.860000+00:00,-5.726,102.031,17.6,4.5,mw,earthquake,reviewed
2003-03-01 02:44:52.030000+00:00,-0.641,101.232,203.1,4.4,mw,earthquake,reviewed
2003-03-03 16:31:58.600000+00:00,-3.859,102.573,75.7,5.2,mw,earthquake,reviewed
2003-03-06 22:58:14.830000+00:00,-4.677,103.212,75.4,5.4,mw,earthquake,reviewed
2003-03-07 15:50:56.210000+00:00,-4.543,102.645,33.0,4.7,mw,earthquake,reviewed
2003-03-15 07:57:07.080000+00:00,-0.42,98.651,50.0,4.7,mw,earthquake,reviewed
2003-03-16 05:55:58.090000+00:00,-3.814,101.766,65.6,4.6,mw,earthquake,reviewed
2003-03-23 08:11:02.640000+00:00,-5.786,103.33,33.0,4.7,mw,earthquake,reviewed
2003-03-30 07:30:59.220000+00:00,-5.563,103.081,50.8,4.8,mw,earthquake,reviewed
2003-03-31 00:23:56.540000+00:00,-4.527,102.422,33.0,4.8,mw,earthquake,reviewed
2003-04-04 10:36:59.300000+00:00,1.737,99.649,177.3,4.6,mw,earthquake,reviewed
2003-04-04 20:44:28.970000+00:00,-4.327,102.785,95.6,4.8,mw,earthquake,reviewed
2003-04-11 06:22:55+00:00,-4.226,102.966,109.5,4.6,mw,earthquake,reviewed
2003-04-13 05:51:52.180000+00:00,2.032,96.882,25.4,4.8,mw,earthquake,reviewed
2003-04-13 20:22:19.600000+00:00,2.298,97.651,33.0,4.8,mw,earthquake,reviewed
2003-04-20 22:08:27.020000+00:00,2.046,96.327,33.0,4.3,mw,earthquake,reviewed
2003-05-01 03:13:50.270000+00:00,-4.385,102.904,33.0,4.9,mw,earthquake,reviewed
2003-05-02 07:19:43.860000+00:00,-4.227,102.216,63.8,4.9,mw,earthquake,reviewed
2003-05-08 05:44:10.610000+00:00,-4.799,103.036,33.0,4.8,mw,earthquake,reviewed
2003-05-12 03:03:05.210000+00:00,1.142,98.911,77.6,5.5,mw,earthquake,reviewed
2003-05-17 02:34:43.930000+00:00,1.555,99.256,57.0,4.8,mw,earthquake,reviewed
2003-05-17 15:10:59.490000+00:00,4.653,95.895,33.0,4.6,mw,earthquake,reviewed
2003-05-27 09:46:11.790000+00:00,2.756,99.197,177.8,4.8,mw,earthquake,reviewed
2003-06-08 15:57:49.870000+00:00,-4.754,102.442,33.0,4.5,mw,earthquake,reviewed
2003-06-14 12:58:21.100000+00:00,2.71,96.538,81.5,4.4,mw,earthquake,reviewed
2003-06-14 13:30:08.620000+00:00,-4.865,103.283,60.2,4.9,mw,earthquake,reviewed
2003-06-19 15:42:57.310000+00:00,0.638,98.608,80.1,4.9,mw,earthquake,reviewed
2003-06-28 07:36:42.130000+00:00,2.773,95.756,33.0,5.2,mw,earthquake,reviewed
2003-06-29 08:35:49.910000+00:00,-5.628,100.684,38.1,4.8,mw,earthquake,reviewed
2003-06-29 13:57:26.470000+00:00,-3.167,102.03,136.7,4.2,mw,earthquake,reviewed
2003-06-29 16:26:39.900000+00:00,-5.013,103.385,62.7,5.0,mw,earthquake,reviewed
2003-07-01 20:09:16.900000+00:00,3.674,95.849,47.9,4.3,mw,earthquake,reviewed
2003-07-02 00:47:11.860000+00:00,-3.643,102.06,75.2,5.1,mw,earthquake,reviewed
2003-07-03 01:06:09.720000+00:00,5.168,95.586,33.0,4.8,mw,earthquake,reviewed
2003-07-04 14:00:07.480000+00:00,-5.806,105.627,33.0,4.9,mw,earthquake,reviewed
2003-07-09 21:08:37.050000+00:00,-4.288,102.836,98.7,5.1,mw,earthquake,reviewed
2003-07-14 20:00:06.270000+00:00,-0.537,100.822,144.2,5.7,mw,earthquake,reviewed
2003-07-15 13:52:45.650000+00:00,-4.605,102.316,100.0,4.8,mw,earthquake,reviewed
2003-07-16 17:48:37.980000+00:00,1.97,98.837,124.8,4.3,mw,earthquake,reviewed
2003-07-20 22:04:31.040000+00:00,-0.972,101.735,225.3,4.4,mw,earthquake,reviewed
2003-07-24 09:02:48.480000+00:00,-4.563,102.674,33.0,5.0,mw,earthquake,reviewed
2003-07-24 09:17:32.310000+00:00,-4.164,102.997,33.0,4.7,mw,earthquake,reviewed
2003-08-03 00:34:39.740000+00:00,3.538,96.549,104.8,4.4,mw,earthquake,reviewed
2003-08-06 15:54:59.410000+00:00,-4.413,102.581,33.0,4.7,mw,earthquake,reviewed
2003-08-20 22:09:06.350000+00:00,1.757,97.22,33.0,4.6,mw,earthquake,reviewed
2003-08-21 16:13:41.500000+00:00,2.255,96.529,33.0,5.2,mw,earthquake,reviewed
2003-08-23 15:17:51.830000+00:00,1.845,95.951,33.0,4.4,mw,earthquake,reviewed
2003-08-24 17:35:18.760000+00:00,-1.516,98.841,33.0,4.3,mw,earthquake,reviewed
2003-08-25 03:39:51.040000+00:00,-1.39,99.739,33.0,4.7,mw,earthquake,reviewed
2003-08-27 03:35:25.320000+00:00,0.804,97.844,33.0,4.2,mw,earthquake,reviewed
2003-08-28 13:58:26.940000+00:00,-5.04,103.513,33.0,5.1,mw,earthquake,reviewed
2003-08-29 21:20:59.480000+00:00,-5.444,102.178,24.8,5.3,mw,earthquake,reviewed
2003-08-29 21:25:28.920000+00:00,-5.476,102.119,33.0,4.7,mw,earthquake,reviewed
2003-08-29 23:41:20.270000+00:00,-5.433,102.209,26.9,5.2,mw,earthquake,reviewed
2003-08-30 00:45:21.920000+00:00,2.968,97.205,33.0,4.8,mw,earthquake,reviewed
2003-08-30 03:27:56.290000+00:00,-5.602,102.003,25.6,4.9,mw,earthquake,reviewed
2003-08-30 06:04:00.280000+00:00,-5.559,102.079,33.0,4.7,mw,earthquake,reviewed
2003-08-30 15:54:11.300000+00:00,-4.771,102.385,33.0,4.5,mw,earthquake,reviewed
2003-09-03 18:03:38.080000+00:00,-5.346,102.403,33.0,4.6,mw,earthquake,reviewed
2003-09-05 01:23:01.960000+00:00,5.316,95.9,124.8,5.9,mw,earthquake,reviewed
2003-09-06 12:16:22.570000+00:00,-5.976,103.884,33.0,4.6,mw,earthquake,reviewed
2003-09-06 14:57:36.410000+00:00,-4.408,103.561,150.0,4.2,mw,earthquake,reviewed
2003-09-06 17:06:22.960000+00:00,-5.23,104.198,76.4,4.6,mw,earthquake,reviewed
2003-09-07 11:16:59.690000+00:00,-5.635,102.119,33.0,5.4,mw,earthquake,reviewed
2003-09-10 08:26:59.340000+00:00,2.082,96.818,33.0,5.8,mw,earthquake,reviewed
2003-09-10 15:07:43.510000+00:00,1.922,96.654,33.0,4.2,mw,earthquake,reviewed
2003-09-13 20:42:21.640000+00:00,4.619,97.646,33.0,5.3,mw,earthquake,reviewed
2003-09-15 12:14:32.840000+00:00,2.593,96.069,33.0,5.1,mw,earthquake,reviewed
2003-09-16 00:31:43.760000+00:00,-5.858,104.515,33.0,4.6,mw,earthquake,reviewed
2003-09-17 01:27:18.980000+00:00,-4.436,102.844,68.7,5.0,mw,earthquake,reviewed
2003-09-17 23:56:23.150000+00:00,-5.628,103.566,33.0,5.1,mw,earthquake,reviewed
2003-09-18 13:18:16.590000+00:00,-4.82,103.254,84.8,5.1,mw,earthquake,reviewed
2003-09-18 21:38:41.520000+00:00,-0.875,100.472,33.0,4.5,mw,earthquake,reviewed
2003-09-19 20:41:29.660000+00:00,4.395,97.567,33.0,4.8,mw,earthquake,reviewed
2003-09-26 07:09:36.780000+00:00,-4.509,102.994,85.4,4.8,mw,earthquake,reviewed
2003-09-28 16:53:04.770000+00:00,1.005,100.347,200.0,4.3,mw,earthquake,reviewed
2003-10-02 21:54:04.290000+00:00,-1.809,99.694,33.0,4.5,mw,earthquake,reviewed
2003-10-05 22:23:14.520000+00:00,-3.578,101.132,33.0,4.2,mw,earthquake,reviewed
2003-10-13 04:22:46.010000+00:00,-4.559,102.167,33.0,5.0,mw,earthquake,reviewed
2003-10-16 17:09:02.780000+00:00,2.61,99.308,197.5,4.5,mw,earthquake,reviewed
2003-10-17 17:19:53.600000+00:00,-5.077,102.458,35.1,5.8,mw,earthquake,reviewed
2003-10-18 19:49:30.970000+00:00,-2.458,101.975,33.0,4.7,mw,earthquake,reviewed
2003-10-19 13:17:51.350000+00:00,-5.124,102.362,33.0,4.5,mw,earthquake,reviewed
2003-10-26 14:40:17.100000+00:00,-3.002,103.218,228.8,4.1,mw,earthquake,reviewed
2003-11-01 21:34:06.210000+00:00,-4.474,101.946,33.0,4.7,mw,earthquake,reviewed
2003-11-03 17:47:48.560000+00:00,-1.384,99.788,21.7,5.1,mw,earthquake,reviewed
2003-11-04 18:45:41.340000+00:00,-4.075,102.631,78.4,5.1,mw,earthquake,reviewed
2003-11-09 22:49:40.590000+00:00,2.329,95.93,33.0,4.3,mw,earthquake,reviewed
2003-11-12 05:48:14.610000+00:00,4.517,97.768,33.0,4.6,mw,earthquake,reviewed
2003-11-13 11:22:16.070000+00:00,-4.858,102.259,61.4,4.9,mw,earthquake,reviewed
2003-11-13 12:23:10.160000+00:00,0.285,99.945,33.0,4.6,mw,earthquake,reviewed
2003-11-14 07:33:06.270000+00:00,-3.605,102.035,33.0,5.4,mw,earthquake,reviewed
2003-11-17 14:45:58.400000+00:00,-5.835,101.045,29.3,4.4,mw,earthquake,reviewed
2003-11-18 04:11:55.520000+00:00,-3.47,102.145,24.8,4.9,mw,earthquake,reviewed
2003-11-21 16:24:11.110000+00:00,-4.895,102.852,96.8,5.0,mw,earthquake,reviewed
2003-11-22 11:25:59.810000+00:00,4.466,95.985,204.8,4.5,mw,earthquake,reviewed
2003-11-22 16:38:14.360000+00:00,1.982,96.264,33.0,4.4,mw,earthquake,reviewed
2003-11-23 18:43:21.430000+00:00,-5.273,102.278,33.0,5.1,mw,earthquake,reviewed
2003-11-27 18:50:51.100000+00:00,-5.74,102.082,33.0,4.8,mw,earthquake,reviewed
2003-11-29 03:17:35.620000+00:00,-0.445,96.91,33.0,4.8,mw,earthquake,reviewed
2003-12-04 05:00:42.160000+00:00,-4.357,101.086,33.0,4.9,mw,earthquake,reviewed
2003-12-05 04:08:14.220000+00:00,1.349,99.058,139.3,4.8,mw,earthquake,reviewed
2003-12-07 21:19:16.880000+00:00,-3.962,102.489,33.0,4.5,mw,earthquake,reviewed
2003-12-09 17:34:52.140000+00:00,-5.76,102.054,21.5,4.9,mw,earthquake,reviewed
2003-12-11 03:06:14.490000+00:00,1.268,98.715,120.1,4.9,mw,earthquake,reviewed
2003-12-11 17:40:09.960000+00:00,1.751,99.086,33.0,4.3,mw,earthquake,reviewed
2003-12-18 20:29:10.400000+00:00,-5.986,102.059,33.0,4.5,mw,earthquake,reviewed
2003-12-19 13:03:43.620000+00:00,-5.559,102.81,33.0,5.4,mw,earthquake,reviewed
2003-12-20 15:00:11.750000+00:00,-5.915,104.735,33.0,4.6,mw,earthquake,reviewed
2003-12-24 11:33:04.360000+00:00,-5.801,102.028,10.0,5.5,mw,earthquake,reviewed
2003-12-25 00:52:31.210000+00:00,-5.9,101.873,33.0,4.9,mw,earthquake,reviewed
2003-12-27 20:54:59.520000+00:00,-4.144,102.748,33.0,4.2,mw,earthquake,reviewed
2004-01-05 18:59:16.900000+00:00,1.106,101.073,273.8,4.9,mw,earthquake,reviewed
2004-01-13 07:39:00.520000+00:00,-5.207,102.449,39.1,4.8,mw,earthquake,reviewed
2004-01-16 16:22:54.540000+00:00,-4.614,102.69,76.3,4.9,mw,earthquake,reviewed
2004-01-17 01:13:54+00:00,1.922,96.633,35.0,4.8,mw,earthquake,reviewed
2004-01-18 04:33:59.960000+00:00,4.876,95.738,25.0,4.4,mw,earthquake,reviewed
2004-01-25 01:00:12.850000+00:00,-0.173,99.587,105.3,4.7,mw,earthquake,reviewed
2004-02-01 21:45:50.440000+00:00,-0.206,97.417,25.4,4.8,mw,earthquake,reviewed
2004-02-02 22:12:55.730000+00:00,-5.522,103.3,50.3,4.2,mw,earthquake,reviewed
2004-02-08 04:50:23.820000+00:00,-4.963,102.117,10.0,4.5,mw,earthquake,reviewed
2004-02-14 16:40:55.450000+00:00,-4.61,103.102,79.2,4.1,mw,earthquake,reviewed
2004-02-16 14:44:39.900000+00:00,-0.466,100.655,55.8,5.1,mw,earthquake,reviewed
2004-02-16 14:53:07.070000+00:00,-4.765,102.957,42.0,5.0,mw,earthquake,reviewed
2004-02-21 00:36:12.650000+00:00,0.324,101.814,177.2,4.1,mw,earthquake,reviewed
2004-02-22 06:37:31.150000+00:00,2.341,98.282,123.6,4.7,mw,earthquake,reviewed
2004-02-22 06:46:27.040000+00:00,-1.559,100.488,42.0,6.0,mw,earthquake,reviewed
2004-02-24 20:20:21.010000+00:00,0.993,99.032,117.6,4.3,mw,earthquake,reviewed
2004-02-26 17:21:55.890000+00:00,-2.755,98.734,10.0,4.3,mw,earthquake,reviewed
2004-02-27 00:17:32.620000+00:00,-4.797,101.343,45.0,4.6,mw,earthquake,reviewed
2004-02-27 12:47:43.310000+00:00,2.638,95.919,15.2,4.9,mw,earthquake,reviewed
2004-03-03 14:04:49.160000+00:00,-0.76,99.062,51.5,4.6,mw,earthquake,reviewed
2004-03-08 23:42:57.240000+00:00,-4.446,102.262,27.4,4.8,mw,earthquake,reviewed
2004-03-12 15:42:46.090000+00:00,-4.958,102.328,45.5,4.5,mw,earthquake,reviewed
2004-03-18 08:10:53.850000+00:00,-2.866,104.418,400.6,4.3,mw,earthquake,reviewed
2004-03-19 06:40:14.330000+00:00,-1.75,100.35,44.3,4.6,mw,earthquake,reviewed
2004-03-20 20:03:25.600000+00:00,-4.503,102.013,43.7,4.1,mw,earthquake,reviewed
2004-03-23 01:43:26.300000+00:00,2.41,96.988,87.4,4.8,mw,earthquake,reviewed
2004-03-23 04:29:49.670000+00:00,-5.798,104.531,78.0,5.2,mw,earthquake,reviewed
2004-03-25 07:00:54.170000+00:00,-5.109,101.942,27.5,4.8,mw,earthquake,reviewed
2004-03-26 19:50:42.780000+00:00,3.473,96.614,83.0,4.8,mw,earthquake,reviewed
2004-04-01 13:11:55.810000+00:00,1.971,99.526,74.7,4.6,mw,earthquake,reviewed
2004-04-02 20:17:46.380000+00:00,-5.69,104.129,43.6,5.4,mw,earthquake,reviewed
2004-04-03 01:09:59.170000+00:00,1.459,98.876,10.0,4.6,mw,earthquake,reviewed
2004-04-04 19:09:15.620000+00:00,1.405,98.941,10.0,4.7,mw,earthquake,reviewed
2004-04-05 19:07:03.310000+00:00,-5.563,101.194,34.5,4.9,mw,earthquake,reviewed
2004-04-08 06:08:47.110000+00:00,5.305,96.2,202.4,4.3,mw,earthquake,reviewed
2004-04-09 01:55:50.710000+00:00,-1.549,100.54,65.6,5.5,mw,earthquake,reviewed
2004-04-10 20:56:58.690000+00:00,-4.697,103.483,85.0,4.6,mw,earthquake,reviewed
2004-04-13 13:22:00.100000+00:00,-4.741,103.107,58.0,4.8,mw,earthquake,reviewed
2004-04-16 21:57:05.410000+00:00,-5.214,102.718,44.5,6.0,mw,earthquake,reviewed
2004-04-16 22:46:30.470000+00:00,-5.241,102.678,41.9,4.9,mw,earthquake,reviewed
2004-04-16 22:55:48.070000+00:00,-5.291,102.653,41.7,4.9,mw,earthquake,reviewed
2004-04-16 23:31:22.470000+00:00,-5.18,102.735,44.7,4.7,mw,earthquake,reviewed
2004-04-17 00:24:33.150000+00:00,-5.38,102.269,45.2,4.7,mw,earthquake,reviewed
2004-04-17 00:44:37.740000+00:00,-4.593,103.239,10.0,4.7,mw,earthquake,reviewed
2004-04-17 01:19:27.680000+00:00,-4.7,103.441,40.2,4.5,mw,earthquake,reviewed
2004-04-21 15:35:02.930000+00:00,-4.604,105.563,225.0,4.3,mw,earthquake,reviewed
2004-04-21 17:51:09.320000+00:00,-4.216,98.725,17.4,4.9,mw,earthquake,reviewed
2004-04-24 03:54:26.400000+00:00,1.077,97.157,10.0,4.8,mw,earthquake,reviewed
2004-04-24 15:11:57.880000+00:00,-5.569,104.563,10.0,4.7,mw,earthquake,reviewed
2004-04-25 01:57:24.130000+00:00,-5.685,103.846,56.5,4.7,mw,earthquake,reviewed
2004-04-26 06:44:49.660000+00:00,-1.535,99.074,45.0,4.2,mw,earthquake,reviewed
2004-04-27 05:06:41.960000+00:00,-4.281,102.204,60.8,4.9,mw,earthquake,reviewed
2004-04-27 12:01:58.620000+00:00,-5.247,102.551,44.7,4.9,mw,earthquake,reviewed
2004-04-29 07:22:04.870000+00:00,-4.987,103.008,30.0,4.6,mw,earthquake,reviewed
2004-04-29 09:50:35.460000+00:00,2.584,100.7,217.3,4.3,mw,earthquake,reviewed
2004-04-29 15:10:19.120000+00:00,-3.23,100.966,65.0,4.7,mw,earthquake,reviewed
2004-04-30 06:08:03.840000+00:00,-3.693,100.595,40.0,4.8,mw,earthquake,reviewed
2004-05-02 02:33:45.370000+00:00,-5.391,102.516,38.8,4.6,mw,earthquake,reviewed
2004-05-05 09:32:44.290000+00:00,-4.504,102.301,58.8,4.8,mw,earthquake,reviewed
2004-05-09 13:05:05.220000+00:00,-2.869,101.437,100.0,4.5,mw,earthquake,reviewed
2004-05-11 08:28:48.280000+00:00,0.415,97.825,21.0,6.1,mw,earthquake,reviewed
2004-05-11 09:22:19.260000+00:00,0.118,97.607,20.0,4.6,mw,earthquake,reviewed
2004-05-13 07:18:56.180000+00:00,0.22,97.602,10.0,4.6,mw,earthquake,reviewed
2004-05-18 02:10:25.580000+00:00,-5.149,102.752,77.2,4.8,mw,earthquake,reviewed
2004-05-23 13:09:43.450000+00:00,-5.329,102.566,47.2,4.7,mw,earthquake,reviewed
2004-05-23 20:24:21.700000+00:00,-5.233,102.655,35.0,4.9,mw,earthquake,reviewed
2004-05-24 11:37:53.050000+00:00,-0.532,97.951,20.8,4.5,mw,earthquake,reviewed
2004-05-24 19:32:32.480000+00:00,-5.782,102.3,50.0,4.5,mw,earthquake,reviewed
2004-05-26 07:16:11.570000+00:00,-5.421,102.596,50.0,4.5,mw,earthquake,reviewed
2004-05-26 22:10:53.750000+00:00,-5.406,102.139,35.0,4.5,mw,earthquake,reviewed
2004-05-26 23:06:19.580000+00:00,-5.325,102.265,50.0,4.4,mw,earthquake,reviewed
2004-05-27 01:25:48.650000+00:00,2.301,98.45,104.4,4.3,mw,earthquake,reviewed
2004-06-01 16:43:34.990000+00:00,-4.529,103.132,35.0,4.3,mw,earthquake,reviewed
2004-06-01 19:49:16.230000+00:00,-5.759,105.963,193.9,4.3,mw,earthquake,reviewed
2004-06-01 22:40:46.060000+00:00,-5.208,102.642,27.9,4.7,mw,earthquake,reviewed
2004-06-06 14:50:29.630000+00:00,-5.611,103.863,57.9,4.6,mw,earthquake,reviewed
2004-06-08 05:19:22.240000+00:00,1.819,96.712,10.0,4.6,mw,earthquake,reviewed
2004-06-10 19:35:31.160000+00:00,1.243,97.31,30.0,5.0,mw,earthquake,reviewed
2004-06-12 03:03:18.470000+00:00,0.262,98.695,67.4,4.7,mw,earthquake,reviewed
2004-06-17 13:45:41.340000+00:00,3.24,96.333,132.6,4.8,mw,earthquake,reviewed
2004-06-22 02:41:54.970000+00:00,-4.661,102.635,10.0,5.0,mw,earthquake,reviewed
2004-06-26 01:00:47.010000+00:00,-5.739,102.083,32.5,4.8,mw,earthquake,reviewed
2004-06-26 08:34:42.090000+00:00,-5.788,102.041,32.0,4.8,mw,earthquake,reviewed
2004-06-28 18:00:46.410000+00:00,-5.695,102.108,32.9,4.3,mw,earthquake,reviewed
2004-06-30 05:02:34.770000+00:00,-4.81,102.309,58.6,4.7,mw,earthquake,reviewed
2004-06-30 07:38:06.320000+00:00,3.586,96.231,103.2,4.2,mw,earthquake,reviewed
2004-07-02 23:31:36.880000+00:00,2.942,97.265,100.2,4.6,mw,earthquake,reviewed
2004-07-04 20:41:28.280000+00:00,-5.151,102.576,50.0,4.2,mw,earthquake,reviewed
2004-07-05 17:46:11.990000+00:00,-3.445,100.692,40.0,4.4,mw,earthquake,reviewed
2004-07-05 22:15:10.660000+00:00,0.972,98.163,45.0,4.5,mw,earthquake,reviewed
2004-07-11 01:27:49.770000+00:00,-3.568,101.452,30.0,4.1,mw,earthquake,reviewed
2004-07-11 17:31:45.130000+00:00,-4.921,102.689,41.5,4.7,mw,earthquake,reviewed
2004-07-15 12:39:10.050000+00:00,-4.51,105.049,206.5,4.6,mw,earthquake,reviewed
2004-07-16 22:14:14.350000+00:00,-0.559,100.725,60.0,4.3,mw,earthquake,reviewed
2004-07-17 13:38:00.260000+00:00,1.286,97.384,53.2,5.1,mw,earthquake,reviewed
2004-07-25 11:30:37.080000+00:00,-5.251,103.6,66.0,4.2,mw,earthquake,reviewed
2004-07-25 14:35:19.060000+00:00,-2.427,103.981,582.1,7.3,mw,earthquake,reviewed
2004-07-28 11:09:37.590000+00:00,-3.496,101.574,82.4,4.8,mw,earthquake,reviewed
2004-07-29 00:19:00.540000+00:00,-5.673,105.253,18.5,4.6,mw,earthquake,reviewed
2004-08-02 02:36:54.940000+00:00,-5.471,102.623,40.5,5.6,mw,earthquake,reviewed
2004-08-02 18:22:35.290000+00:00,-5.725,105.556,178.2,4.4,mw,earthquake,reviewed
2004-08-02 20:57:00.060000+00:00,-5.625,105.273,20.0,4.6,mw,earthquake,reviewed
2004-08-02 21:16:43.940000+00:00,-5.866,104.841,18.1,4.9,mw,earthquake,reviewed
2004-08-03 05:27:21.470000+00:00,-5.721,105.294,60.0,4.7,mw,earthquake,reviewed
2004-08-06 19:12:12.900000+00:00,-4.337,102.85,91.4,4.9,mw,earthquake,reviewed
2004-08-07 19:09:16.320000+00:00,-5.665,105.363,43.9,4.4,mw,earthquake,reviewed
2004-08-08 12:17:50.940000+00:00,-5.596,102.73,50.7,4.6,mw,earthquake,reviewed
2004-08-16 06:03:51.160000+00:00,1.085,98.861,104.1,4.7,mw,earthquake,reviewed
2004-08-21 08:00:32.380000+00:00,-2.513,100.458,75.3,4.6,mw,earthquake,reviewed
2004-08-22 06:43:08.400000+00:00,2.159,97.444,77.6,4.7,mw,earthquake,reviewed
2004-08-22 20:52:51.540000+00:00,-5.739,105.315,10.0,4.7,mw,earthquake,reviewed
2004-08-25 12:23:21.300000+00:00,1.972,97.106,13.6,4.5,mw,earthquake,reviewed
2004-08-25 18:18:54.900000+00:00,-4.66,102.626,10.0,4.4,mw,earthquake,reviewed
2004-08-29 11:28:25.990000+00:00,-4.307,101.422,30.4,4.5,mw,earthquake,reviewed
2004-08-30 05:55:20.830000+00:00,-4.337,101.832,57.4,4.8,mw,earthquake,reviewed
2004-08-30 09:12:57.400000+00:00,-0.674,98.716,10.0,4.6,mw,earthquake,reviewed
2004-08-31 00:23:32.990000+00:00,2.132,95.856,20.0,4.5,mw,earthquake,reviewed
2004-09-04 12:28:58.490000+00:00,-5.366,102.721,69.5,4.8,mw,earthquake,reviewed
2004-09-05 19:22:32.650000+00:00,3.079,95.646,34.5,4.4,mw,earthquake,reviewed
2004-09-06 16:01:18.020000+00:00,-4.039,102.242,82.2,5.3,mw,earthquake,reviewed
2004-09-07 03:23:02.830000+00:00,0.111,98.729,59.7,5.2,mw,earthquake,reviewed
2004-09-07 11:12:34.370000+00:00,0.572,100.217,182.9,4.8,mw,earthquake,reviewed
2004-09-14 07:50:46.480000+00:00,0.502,99.455,10.0,4.5,mw,earthquake,reviewed
2004-09-16 19:56:37.890000+00:00,-3.247,101.9,83.8,4.9,mw,earthquake,reviewed
2004-09-18 12:12:03.680000+00:00,-5.482,103.203,10.0,4.5,mw,earthquake,reviewed
2004-09-20 14:36:53.100000+00:00,-5.487,103.146,20.0,4.8,mw,earthquake,reviewed
2004-09-22 09:09:13.080000+00:00,2.067,99.305,67.1,4.6,mw,earthquake,reviewed
2004-09-22 11:33:57.030000+00:00,1.904,98.837,20.0,4.4,mw,earthquake,reviewed
2004-09-25 08:37:29.030000+00:00,2.425,95.837,23.5,4.9,mw,earthquake,reviewed
2004-09-25 21:20:57.510000+00:00,5.15,95.869,70.4,4.9,mw,earthquake,reviewed
2004-09-29 09:51:55.330000+00:00,1.984,99.387,64.9,4.5,mw,earthquake,reviewed
2004-09-30 15:25:20.790000+00:00,3.119,96.234,106.8,4.6,mw,earthquake,reviewed
2004-10-05 18:16:07.670000+00:00,1.652,96.68,10.0,4.3,mw,earthquake,reviewed
2004-10-05 21:29:45.030000+00:00,2.379,96.285,55.9,4.7,mw,earthquake,reviewed
2004-10-06 01:49:01.330000+00:00,0.194,97.913,37.8,5.1,mw,earthquake,reviewed
2004-10-06 06:47:27.110000+00:00,0.255,97.966,49.3,4.8,mw,earthquake,reviewed
2004-10-06 08:27:09.270000+00:00,0.119,97.79,10.0,4.5,mw,earthquake,reviewed
2004-10-06 16:28:32.760000+00:00,2.239,96.198,10.0,4.6,mw,earthquake,reviewed
2004-10-07 04:51:05.440000+00:00,0.125,97.794,30.0,4.4,mw,earthquake,reviewed
2004-10-07 13:32:13.650000+00:00,2.023,97.073,48.1,4.5,mw,earthquake,reviewed
2004-10-09 08:17:07.370000+00:00,-4.885,103.1,61.9,5.0,mw,earthquake,reviewed
2004-10-12 11:26:28.140000+00:00,-1.811,99.611,41.9,4.6,mw,earthquake,reviewed
2004-10-22 09:12:01.720000+00:00,-5.681,102.585,23.7,4.9,mw,earthquake,reviewed
2004-10-22 20:49:57.410000+00:00,-3.939,101.993,45.8,4.4,mw,earthquake,reviewed
2004-10-24 14:56:56.130000+00:00,-4.894,101.915,32.7,5.4,mw,earthquake,reviewed
2004-10-25 04:50:23.870000+00:00,-4.216,102.449,10.0,4.2,mw,earthquake,reviewed
2004-10-28 08:21:52.900000+00:00,-4.881,103.258,48.7,5.1,mw,earthquake,reviewed
2004-10-28 08:32:07+00:00,-4.91,103.211,42.1,5.4,mw,earthquake,reviewed
2004-10-31 08:51:38.590000+00:00,-5.443,104.808,39.5,4.1,mw,earthquake,reviewed
2004-10-31 13:26:23.430000+00:00,0.789,99.741,176.8,4.1,mw,earthquake,reviewed
2004-11-01 20:50:28.020000+00:00,-1.787,100.286,45.6,4.7,mw,earthquake,reviewed
2004-11-03 13:49:16.210000+00:00,-2.55,101.259,10.0,4.1,mw,earthquake,reviewed
2004-11-04 02:40:21.830000+00:00,2.725,96.304,71.2,5.0,mw,earthquake,reviewed
2004-11-06 17:33:52.170000+00:00,0.306,99.86,92.5,4.5,mw,earthquake,reviewed
2004-11-10 14:56:48.080000+00:00,-4.447,101.831,56.2,4.5,mw,earthquake,reviewed
2004-11-12 12:19:01.080000+00:00,0.476,98.05,75.0,4.3,mw,earthquake,reviewed
2004-11-15 12:16:12.940000+00:00,-5.376,102.668,94.1,4.8,mw,earthquake,reviewed
2004-11-27 22:42:35.320000+00:00,1.983,97.925,41.6,5.4,mw,earthquake,reviewed
2004-11-28 02:28:23.780000+00:00,-5.707,103.038,48.0,4.9,mw,earthquake,reviewed
2004-11-29 16:07:52.600000+00:00,-0.516,98.135,43.8,4.8,mw,earthquake,reviewed
2004-11-29 18:12:42.080000+00:00,-5.192,101.904,27.6,4.8,mw,earthquake,reviewed
2004-11-30 10:09:47.750000+00:00,-5.807,104.343,50.0,4.7,mw,earthquake,reviewed
2004-11-30 19:17:46.650000+00:00,-2.162,99.17,10.0,4.5,mw,earthquake,reviewed
2004-11-30 19:18:23.240000+00:00,-2.07,99.341,26.9,5.1,mw,earthquake,reviewed
2004-12-03 01:01:27.280000+00:00,1.461,97.638,36.2,4.4,mw,earthquake,reviewed
2004-12-07 05:19:49.550000+00:00,-3.086,100.618,36.9,4.8,mw,earthquake,reviewed
2004-12-09 07:10:28.070000+00:00,4.998,95.844,15.0,4.2,mw,earthquake,reviewed
2004-12-09 08:31:11.450000+00:00,-5.004,102.465,35.0,5.0,mw,earthquake,reviewed
2004-12-11 12:16:00.090000+00:00,-1.573,100.654,84.8,4.5,mw,earthquake,reviewed
2004-12-12 01:01:16.340000+00:00,-4.844,103.001,30.0,4.9,mw,earthquake,reviewed
2004-12-13 18:52:06.230000+00:00,2.943,98.851,176.4,4.5,mw,earthquake,reviewed
2004-12-16 18:18:09.500000+00:00,-2.785,101.411,100.0,4.5,mw,earthquake,reviewed
2004-12-20 02:05:53.940000+00:00,2.585,97.186,66.2,4.5,mw,earthquake,reviewed
2004-12-26 00:58:53.450000+00:00,3.295,95.982,30.0,9.1,mw,earthquake,reviewed
2004-12-26 02:53:13.040000+00:00,0.056,97.041,30.0,5.5,mw,earthquake,reviewed
2004-12-26 03:26:45.790000+00:00,4.909,96.405,30.0,5.4,mw,earthquake,reviewed
2004-12-26 04:02:12.520000+00:00,3.044,95.89,30.0,5.5,mw,earthquake,reviewed
2004-12-26 11:26:44.360000+00:00,-3.458,101.387,30.0,5.0,mw,earthquake,reviewed
2004-12-26 20:14:50.130000+00:00,-3.362,101.55,52.2,5.1,mw,earthquake,reviewed
2004-12-26 20:15:16.380000+00:00,2.813,95.729,30.0,4.6,mw,earthquake,reviewed
2004-12-26 21:06:48.800000+00:00,4.471,96.342,30.0,5.6,mw,earthquake,reviewed
2004-12-26 21:19:30.790000+00:00,4.233,97.811,30.0,5.0,mw,earthquake,reviewed
2004-12-26 21:34:25.560000+00:00,3.659,97.202,30.0,4.7,mw,earthquake,reviewed
2004-12-26 22:27:32.680000+00:00,1.042,96.602,16.5,4.1,mw,earthquake,reviewed
2004-12-26 23:09:12.450000+00:00,2.607,96.096,30.0,4.6,mw,earthquake,reviewed
2004-12-27 00:15:39.220000+00:00,2.087,96.093,30.0,4.5,mw,earthquake,reviewed
2004-12-27 02:28:39.720000+00:00,4.469,96.211,30.0,4.4,mw,earthquake,reviewed
2004-12-27 02:33:24.930000+00:00,3.752,96.324,21.9,4.7,mw,earthquake,reviewed
2004-12-27 05:45:59.860000+00:00,3.835,97.672,30.0,4.5,mw,earthquake,reviewed
2004-12-27 05:50:04.840000+00:00,2.856,95.691,30.0,4.8,mw,earthquake,reviewed
2004-12-27 06:59:14.650000+00:00,3.033,95.538,27.2,5.6,mw,earthquake,reviewed
2004-12-27 08:52:59.360000+00:00,-5.305,102.54,44.4,4.7,mw,earthquake,reviewed
2004-12-27 09:14:34.840000+00:00,-3.682,100.73,27.0,4.8,mw,earthquake,reviewed
2004-12-27 09:31:56.920000+00:00,4.717,97.439,30.0,4.6,mw,earthquake,reviewed
2004-12-27 13:27:56.550000+00:00,2.713,96.05,23.8,4.9,mw,earthquake,reviewed
2004-12-27 13:34:25.070000+00:00,2.732,95.58,22.7,4.8,mw,earthquake,reviewed
2004-12-27 20:10:51.310000+00:00,2.93,95.606,28.9,5.8,mw,earthquake,reviewed
2004-12-27 22:12:59.580000+00:00,4.476,96.304,30.0,4.6,mw,earthquake,reviewed
2004-12-27 22:46:17.450000+00:00,3.677,96.721,30.0,4.4,mw,earthquake,reviewed
2004-12-28 03:52:59.230000+00:00,2.805,95.512,24.9,5.1,mw,earthquake,reviewed
2004-12-28 13:46:02.750000+00:00,5.113,96.162,30.0,5.1,mw,earthquake,reviewed
2004-12-29 04:57:21.350000+00:00,4.094,95.664,30.0,4.7,mw,earthquake,reviewed
2004-12-29 10:52:52+00:00,2.799,95.566,23.2,5.4,mw,earthquake,reviewed
2004-12-30 07:23:05.790000+00:00,3.489,95.59,30.0,5.0,mw,earthquake,reviewed
2004-12-31 12:45:59.440000+00:00,3.265,96.072,41.3,5.0,mw,earthquake,reviewed
2005-01-01 01:55:28.460000+00:00,2.91,95.623,24.5,5.7,mw,earthquake,reviewed
2005-01-01 04:38:48.110000+00:00,-3.895,102.315,25.0,4.9,mw,earthquake,reviewed
2005-01-01 18:07:08.970000+00:00,5.099,96.284,30.0,4.6,mw,earthquake,reviewed
2005-01-01 23:40:29.410000+00:00,3.177,96.486,30.0,4.9,mw,earthquake,reviewed
2005-01-02 16:01:23.940000+00:00,2.486,95.781,30.0,4.9,mw,earthquake,reviewed
2005-01-03 11:55:45.100000+00:00,2.275,95.572,25.9,4.8,mw,earthquake,reviewed
2005-01-03 15:00:11.110000+00:00,2.61,95.883,42.7,4.9,mw,earthquake,reviewed
2005-01-03 17:45:15.960000+00:00,4.603,96.677,52.2,5.1,mw,earthquake,reviewed
2005-01-08 00:17:19.750000+00:00,2.204,95.545,30.0,4.1,mw,earthquake,reviewed
2005-01-08 04:40:36.950000+00:00,2.755,95.632,23.1,4.9,mw,earthquake,reviewed
2005-01-08 07:56:03.670000+00:00,4.649,96.081,30.0,4.7,mw,earthquake,reviewed
2005-01-08 08:11:54.010000+00:00,4.606,96.161,30.0,4.6,mw,earthquake,reviewed
2005-01-08 11:28:30.770000+00:00,4.914,96.407,30.0,4.9,mw,earthquake,reviewed
2005-01-08 13:39:13.220000+00:00,4.386,96.612,30.0,4.9,mw,earthquake,reviewed
2005-01-08 13:43:18.670000+00:00,4.122,95.652,30.0,4.2,mw,earthquake,reviewed
2005-01-08 19:20:41.470000+00:00,-3.531,101.468,44.0,4.7,mw,earthquake,reviewed
2005-01-08 20:12:58.170000+00:00,4.114,95.833,30.0,4.6,mw,earthquake,reviewed
2005-01-09 02:45:10.690000+00:00,3.744,96.078,30.0,4.2,mw,earthquake,reviewed
2005-01-09 09:59:10.430000+00:00,4.51,96.003,30.0,4.5,mw,earthquake,reviewed
2005-01-09 14:58:46.320000+00:00,4.497,95.604,48.3,4.6,mw,earthquake,reviewed
2005-01-10 18:36:46+00:00,0.167,98.642,35.0,4.7,mw,earthquake,reviewed
2005-01-11 07:45:17.010000+00:00,2.594,95.859,30.0,4.6,mw,earthquake,reviewed
2005-01-11 08:31:30.150000+00:00,2.993,96.385,30.0,4.8,mw,earthquake,reviewed
2005-01-12 10:28:55.520000+00:00,4.377,97.815,30.0,5.0,mw,earthquake,reviewed
2005-01-12 11:01:14.980000+00:00,4.076,97.389,30.0,4.7,mw,earthquake,reviewed
2005-01-12 11:59:18.880000+00:00,3.82,97.144,30.0,4.3,mw,earthquake,reviewed
2005-01-12 21:10:51.800000+00:00,2.66,95.525,30.0,4.9,mw,earthquake,reviewed
2005-01-13 15:48:56.310000+00:00,4.642,95.984,30.0,4.8,mw,earthquake,reviewed
2005-01-15 16:44:03.540000+00:00,2.709,95.984,30.0,4.9,mw,earthquake,reviewed
2005-01-16 00:54:26.680000+00:00,0.132,98.639,50.1,4.2,mw,earthquake,reviewed
2005-01-16 13:27:56.820000+00:00,2.778,95.612,25.6,4.5,mw,earthquake,reviewed
2005-01-17 02:53:40.570000+00:00,3.869,95.919,42.5,5.0,mw,earthquake,reviewed
2005-01-19 06:42:18.590000+00:00,4.24,96.775,30.0,4.7,mw,earthquake,reviewed
2005-01-21 08:36:53.900000+00:00,1.222,97.202,43.8,4.8,mw,earthquake,reviewed
2005-01-21 09:12:19.110000+00:00,1.176,97.098,35.0,4.5,mw,earthquake,reviewed
2005-01-21 22:32:43.810000+00:00,4.135,95.575,30.0,4.5,mw,earthquake,reviewed
2005-01-23 15:46:31.050000+00:00,2.593,95.795,20.4,4.6,mw,earthquake,reviewed
2005-01-23 19:11:21.020000+00:00,2.513,96.026,30.3,4.2,mw,earthquake,reviewed
2005-01-24 00:39:20.350000+00:00,4.701,96.134,19.5,5.3,mw,earthquake,reviewed
2005-01-24 01:32:43.140000+00:00,2.599,95.85,21.0,4.8,mw,earthquake,reviewed
2005-01-25 08:54:13.400000+00:00,1.073,98.759,30.0,4.6,mw,earthquake,reviewed
2005-01-25 11:55:10.400000+00:00,2.517,96.065,30.0,4.7,mw,earthquake,reviewed
2005-01-26 16:01:58.790000+00:00,2.679,95.597,30.0,4.2,mw,earthquake,reviewed
2005-01-26 16:50:08.970000+00:00,3.24,96.28,35.9,4.8,mw,earthquake,reviewed
2005-01-27 15:01:15.910000+00:00,4.223,97.365,30.0,4.7,mw,earthquake,reviewed
2005-01-28 23:44:20.980000+00:00,3.006,96.34,38.2,4.9,mw,earthquake,reviewed
2005-01-29 11:25:07.740000+00:00,-1.513,100.5,30.0,4.3,mw,earthquake,reviewed
2005-01-31 06:45:44.050000+00:00,4.055,96.765,30.0,5.1,mw,earthquake,reviewed
2005-02-01 00:05:08.740000+00:00,2.672,95.906,23.2,4.8,mw,earthquake,reviewed
2005-02-04 06:57:08.880000+00:00,2.722,95.749,24.1,4.8,mw,earthquake,reviewed
2005-02-06 07:34:33.400000+00:00,2.789,95.653,22.3,4.5,mw,earthquake,reviewed
2005-02-09 04:19:01.270000+00:00,2.675,95.952,30.0,4.6,mw,earthquake,reviewed
2005-02-09 12:53:40.760000+00:00,3.94,95.559,30.0,4.4,mw,earthquake,reviewed
2005-02-09 23:55:36.650000+00:00,2.133,96.641,30.0,4.4,mw,earthquake,reviewed
2005-02-10 06:25:12.810000+00:00,4.013,95.832,30.0,4.8,mw,earthquake,reviewed
2005-02-10 19:17:56.140000+00:00,2.504,99.457,183.4,4.2,mw,earthquake,reviewed
2005-02-10 19:35:49.260000+00:00,4.552,96.342,30.0,4.7,mw,earthquake,reviewed
2005-02-12 02:57:53.400000+00:00,-4.811,102.814,30.0,4.6,mw,earthquake,reviewed
2005-02-13 19:04:50.910000+00:00,2.722,96.142,30.0,4.3,mw,earthquake,reviewed
2005-02-14 07:06:32.840000+00:00,2.459,96.155,30.0,4.6,mw,earthquake,reviewed
2005-02-14 17:06:52.640000+00:00,-0.127,98.729,47.1,5.8,mw,earthquake,reviewed
2005-02-17 10:57:59.370000+00:00,2.778,96.306,133.4,4.6,mw,earthquake,reviewed
2005-02-17 11:10:06.320000+00:00,2.531,95.951,30.0,4.7,mw,earthquake,reviewed
2005-02-18 11:46:56.810000+00:00,4.916,96.299,30.0,4.6,mw,earthquake,reviewed
2005-02-19 07:12:34.990000+00:00,4.501,96.412,37.6,4.7,mw,earthquake,reviewed
2005-02-19 14:04:41.280000+00:00,-5.639,101.607,29.3,5.4,mw,earthquake,reviewed
2005-02-19 23:17:15.530000+00:00,1.367,98.812,30.0,4.7,mw,earthquake,reviewed
2005-02-20 22:50:34.970000+00:00,0.792,98.359,30.0,4.3,mw,earthquake,reviewed
2005-02-22 08:05:32.260000+00:00,3.746,95.871,30.0,4.6,mw,earthquake,reviewed
2005-02-22 10:25:14.930000+00:00,-1.409,99.146,30.0,4.4,mw,earthquake,reviewed
2005-02-23 00:02:32.020000+00:00,2.763,95.904,30.0,4.4,mw,earthquake,reviewed
2005-02-23 02:26:28.670000+00:00,-1.373,99.352,30.0,4.7,mw,earthquake,reviewed
2005-02-24 07:35:50.460000+00:00,2.891,95.729,30.0,5.6,mw,earthquake,reviewed
2005-02-24 12:39:42.390000+00:00,2.699,95.89,30.0,4.8,mw,earthquake,reviewed
2005-02-26 06:52:52.720000+00:00,3.401,97.918,41.9,4.9,mw,earthquake,reviewed
2005-02-26 09:34:09.750000+00:00,2.611,95.521,26.4,4.9,mw,earthquake,reviewed
2005-02-26 12:56:52.620000+00:00,2.908,95.592,36.0,6.8,mw,earthquake,reviewed
2005-02-26 13:27:13.770000+00:00,2.87,95.683,50.9,4.9,mw,earthquake,reviewed
2005-02-27 17:42:44.040000+00:00,2.427,95.716,20.0,4.5,mw,earthquake,reviewed
2005-02-27 21:39:03.090000+00:00,2.62,95.576,23.1,4.5,mw,earthquake,reviewed
2005-03-01 01:18:59.900000+00:00,3.305,96.568,30.0,4.6,mw,earthquake,reviewed
2005-03-01 03:45:33.360000+00:00,2.639,95.704,30.0,4.5,mw,earthquake,reviewed
2005-03-01 09:19:06.530000+00:00,-5.129,100.834,26.3,4.8,mw,earthquake,reviewed
2005-03-02 21:54:16.080000+00:00,-5.615,101.535,28.9,5.0,mw,earthquake,reviewed
2005-03-03 17:10:21.990000+00:00,3.115,95.733,26.7,4.8,mw,earthquake,reviewed
2005-03-04 06:18:48.800000+00:00,0.228,98.395,30.0,4.2,mw,earthquake,reviewed
2005-03-04 11:07:46.350000+00:00,0.869,98.822,97.9,4.8,mw,earthquake,reviewed
2005-03-04 21:45:51.050000+00:00,-5.613,101.501,25.4,5.2,mw,earthquake,reviewed
2005-03-05 07:45:03.690000+00:00,-5.719,101.654,9.1,4.8,mw,earthquake,reviewed
2005-03-06 17:19:56.860000+00:00,-4.818,102.709,28.4,4.8,mw,earthquake,reviewed
2005-03-08 03:51:51.320000+00:00,3.716,97.036,118.5,4.7,mw,earthquake,reviewed
2005-03-08 09:44:14.200000+00:00,2.424,95.915,25.2,4.8,mw,earthquake,reviewed
2005-03-08 21:24:12.270000+00:00,-4.647,101.667,30.0,4.4,mw,earthquake,reviewed
2005-03-08 22:21:04.590000+00:00,4.651,96.661,30.0,4.6,mw,earthquake,reviewed
2005-03-12 18:03:53.950000+00:00,3.397,96.469,30.0,4.7,mw,earthquake,reviewed
2005-03-13 09:54:16.070000+00:00,-1.682,96.866,10.0,4.2,mw,earthquake,reviewed
2005-03-13 10:04:25.340000+00:00,4.786,96.094,30.0,4.7,mw,earthquake,reviewed
2005-03-14 09:37:09.980000+00:00,0.693,100.053,154.9,4.6,mw,earthquake,reviewed
2005-03-14 19:12:26.580000+00:00,3.846,95.819,30.0,4.1,mw,earthquake,reviewed
2005-03-15 10:07:08.720000+00:00,2.634,95.93,30.0,5.0,mw,earthquake,reviewed
2005-03-15 21:34:05.900000+00:00,2.785,95.618,22.6,4.6,mw,earthquake,reviewed
2005-03-16 16:23:02.460000+00:00,-5.637,102.752,30.0,5.5,mw,earthquake,reviewed
2005-03-17 01:29:31.530000+00:00,-4.358,102.008,30.0,4.4,mw,earthquake,reviewed
2005-03-19 03:01:16.950000+00:00,3.999,95.67,48.0,5.1,mw,earthquake,reviewed
2005-03-20 04:51:27.420000+00:00,2.677,95.708,30.0,4.4,mw,earthquake,reviewed
2005-03-20 21:32:07.190000+00:00,1.509,97.764,30.0,4.4,mw,earthquake,reviewed
2005-03-21 17:51:18.320000+00:00,2.554,95.978,30.0,4.7,mw,earthquake,reviewed
2005-03-22 01:36:52.170000+00:00,2.568,95.508,25.0,4.3,mw,earthquake,reviewed
2005-03-25 21:58:05.860000+00:00,3.022,95.652,36.0,4.7,mw,earthquake,reviewed
2005-03-25 22:28:51.100000+00:00,4.716,97.616,30.0,4.3,mw,earthquake,reviewed
2005-03-28 02:13:39.620000+00:00,-4.68,104.553,150.0,4.2,mw,earthquake,reviewed
2005-03-28 06:04:58.980000+00:00,5.222,95.583,30.0,4.3,mw,earthquake,reviewed
2005-03-28 16:09:36.530000+00:00,2.085,97.108,30.0,8.6,mw,earthquake,reviewed
2005-03-28 16:21:16.310000+00:00,1.114,97.005,30.0,5.9,mw,earthquake,reviewed
2005-03-28 16:25:45.850000+00:00,1.521,97.08,30.0,5.5,mw,earthquake,reviewed
2005-03-28 16:25:56.870000+00:00,1.633,97.169,30.0,5.4,mw,earthquake,reviewed
2005-03-28 16:27:38.120000+00:00,0.434,97.671,30.0,5.3,mw,earthquake,reviewed
2005-03-28 16:33:02.760000+00:00,0.835,97.779,30.0,4.8,mw,earthquake,reviewed
2005-03-28 16:33:56.460000+00:00,0.933,97.914,30.0,5.1,mw,earthquake,reviewed
2005-03-28 16:34:40.570000+00:00,2.335,96.596,28.9,5.5,mw,earthquake,reviewed
2005-03-28 16:38:43.100000+00:00,1.23,97.487,30.0,6.0,mw,earthquake,reviewed
2005-03-28 16:44:29.780000+00:00,2.087,96.503,30.6,5.6,mw,earthquake,reviewed
2005-03-28 16:58:35.710000+00:00,2.276,96.183,30.0,5.2,mw,earthquake,reviewed
2005-03-28 17:02:06.380000+00:00,1.751,97.001,30.0,4.8,mw,earthquake,reviewed
2005-03-28 17:03:34.430000+00:00,2.042,96.457,30.0,5.1,mw,earthquake,reviewed
2005-03-28 17:06:46.440000+00:00,3.872,96.49,30.0,4.8,mw,earthquake,reviewed
2005-03-28 17:11:45.470000+00:00,0.852,97.519,30.0,5.1,mw,earthquake,reviewed
2005-03-28 17:12:58.320000+00:00,0.838,97.376,30.0,5.1,mw,earthquake,reviewed
2005-03-28 17:15:17.790000+00:00,0.965,97.34,30.0,4.9,mw,earthquake,reviewed
2005-03-28 17:19:41.740000+00:00,0.845,97.867,30.0,4.4,mw,earthquake,reviewed
2005-03-28 17:20:49.320000+00:00,1.121,97.08,30.0,4.6,mw,earthquake,reviewed
2005-03-28 17:22:37.190000+00:00,0.178,97.703,30.0,4.7,mw,earthquake,reviewed
2005-03-28 17:23:32.830000+00:00,2.836,98.758,30.0,5.3,mw,earthquake,reviewed
2005-03-28 17:24:17.180000+00:00,1.776,97.102,30.0,5.4,mw,earthquake,reviewed
2005-03-28 17:29:09.350000+00:00,1.634,97.082,30.0,5.1,mw,earthquake,reviewed
2005-03-28 17:31:48.820000+00:00,2.058,96.841,30.0,4.8,mw,earthquake,reviewed
2005-03-28 17:33:42.060000+00:00,1.042,97.108,30.0,4.8,mw,earthquake,reviewed
2005-03-28 17:38:55.270000+00:00,1.111,97.077,30.0,4.9,mw,earthquake,reviewed
2005-03-28 17:38:55.480000+00:00,2.226,96.692,30.0,4.7,mw,earthquake,reviewed
2005-03-28 17:39:58.790000+00:00,1.751,97.126,30.0,4.8,mw,earthquake,reviewed
2005-03-28 17:40:57.140000+00:00,3.638,96.67,30.0,5.0,mw,earthquake,reviewed
2005-03-28 17:43:50.500000+00:00,1.031,97.237,30.0,4.7,mw,earthquake,reviewed
2005-03-28 17:47:43.510000+00:00,2.184,96.292,30.0,4.9,mw,earthquake,reviewed
2005-03-28 17:50:14.630000+00:00,1.701,96.832,30.0,4.9,mw,earthquake,reviewed
2005-03-28 17:56:35.120000+00:00,1.89,96.08,30.0,4.9,mw,earthquake,reviewed
2005-03-28 17:59:47.310000+00:00,0.997,97.87,30.0,5.5,mw,earthquake,reviewed
2005-03-28 18:03:41.720000+00:00,1.258,97.152,30.0,4.7,mw,earthquake,reviewed
2005-03-28 18:07:12.520000+00:00,2.408,95.941,30.0,4.7,mw,earthquake,reviewed
2005-03-28 18:08:37.210000+00:00,1.013,97.273,30.0,4.6,mw,earthquake,reviewed
2005-03-28 18:13:23.260000+00:00,1.306,97.145,30.0,5.1,mw,earthquake,reviewed
2005-03-28 18:15:51.720000+00:00,0.074,97.806,30.0,4.6,mw,earthquake,reviewed
2005-03-28 18:17:17.980000+00:00,1.164,97.09,30.0,4.4,mw,earthquake,reviewed
2005-03-28 18:19:55.210000+00:00,1.125,97.356,30.0,4.5,mw,earthquake,reviewed
2005-03-28 18:20:14.660000+00:00,1.313,96.998,30.0,4.9,mw,earthquake,reviewed
2005-03-28 18:22:13.050000+00:00,1.261,97.076,30.0,4.9,mw,earthquake,reviewed
2005-03-28 18:26:03.960000+00:00,2.017,96.627,30.0,4.6,mw,earthquake,reviewed
2005-03-28 18:28:03.380000+00:00,1.929,96.405,30.0,4.4,mw,earthquake,reviewed
2005-03-28 18:28:38.820000+00:00,1.476,96.925,30.0,4.6,mw,earthquake,reviewed
2005-03-28 18:30:44.560000+00:00,0.923,97.867,36.1,6.2,mw,earthquake,reviewed
2005-03-28 18:39:22.110000+00:00,0.233,97.586,30.0,4.5,mw,earthquake,reviewed
2005-03-28 18:41:40.530000+00:00,1.379,97.074,30.0,4.9,mw,earthquake,reviewed
2005-03-28 18:48:39.540000+00:00,3.047,96.916,30.0,4.6,mw,earthquake,reviewed
2005-03-28 18:48:53.500000+00:00,2.751,96.049,30.0,5.5,mw,earthquake,reviewed
2005-03-28 18:50:14.110000+00:00,2.387,97.159,30.0,5.3,mw,earthquake,reviewed
2005-03-28 18:53:29.410000+00:00,0.817,97.388,30.0,4.7,mw,earthquake,reviewed
2005-03-28 18:57:44.170000+00:00,0.707,97.368,30.0,4.5,mw,earthquake,reviewed
2005-03-28 18:59:05.960000+00:00,0.665,97.306,30.0,4.6,mw,earthquake,reviewed
2005-03-28 19:01:39.360000+00:00,2.991,96.555,30.0,4.3,mw,earthquake,reviewed
2005-03-28 19:02:19.910000+00:00,1.014,97.821,30.9,5.9,mw,earthquake,reviewed
2005-03-28 19:06:37.220000+00:00,0.916,97.369,30.0,4.8,mw,earthquake,reviewed
2005-03-28 19:12:01.010000+00:00,0.863,97.874,30.0,4.3,mw,earthquake,reviewed
2005-03-28 19:14:05.270000+00:00,2.963,99.253,30.0,4.2,mw,earthquake,reviewed
2005-03-28 19:18:19.780000+00:00,5.028,96.022,30.0,4.8,mw,earthquake,reviewed
2005-03-28 19:18:29.460000+00:00,-0.695,97.284,30.0,5.0,mw,earthquake,reviewed
2005-03-28 19:26:40.220000+00:00,1.85,99.225,30.0,4.9,mw,earthquake,reviewed
2005-03-28 19:34:28.950000+00:00,1.962,97.062,30.0,4.7,mw,earthquake,reviewed
2005-03-28 19:40:06.380000+00:00,2.957,97.888,27.0,4.6,mw,earthquake,reviewed
2005-03-28 19:41:46.030000+00:00,2.121,96.701,26.7,5.0,mw,earthquake,reviewed
2005-03-28 19:48:35.340000+00:00,2.468,96.237,30.0,4.8,mw,earthquake,reviewed
2005-03-28 19:54:01.090000+00:00,2.467,96.758,26.8,5.2,mw,earthquake,reviewed
2005-03-28 19:57:20.350000+00:00,1.664,97.063,30.0,4.8,mw,earthquake,reviewed
2005-03-28 20:06:25.560000+00:00,1.043,97.458,23.8,5.2,mw,earthquake,reviewed
2005-03-28 20:06:56.140000+00:00,1.966,96.941,26.2,5.4,mw,earthquake,reviewed
2005-03-28 20:13:22.700000+00:00,1.157,97.063,24.0,4.2,mw,earthquake,reviewed
2005-03-28 20:16:45.860000+00:00,1.945,99.165,30.0,4.6,mw,earthquake,reviewed
2005-03-28 20:17:53.950000+00:00,1.025,97.16,30.0,4.5,mw,earthquake,reviewed
2005-03-28 20:22:03.310000+00:00,1.056,97.976,40.7,4.9,mw,earthquake,reviewed
2005-03-28 20:23:23.470000+00:00,1.002,97.898,36.1,5.2,mw,earthquake,reviewed
2005-03-28 20:29:25.890000+00:00,2.224,97.205,26.9,4.1,mw,earthquake,reviewed
2005-03-28 20:31:45.860000+00:00,1.522,97.023,25.9,4.7,mw,earthquake,reviewed
2005-03-28 20:32:36.460000+00:00,1.694,97.076,26.5,4.6,mw,earthquake,reviewed
2005-03-28 20:35:17.420000+00:00,1.751,97.132,27.3,5.2,mw,earthquake,reviewed
2005-03-28 20:47:44.300000+00:00,1.963,96.769,25.6,4.5,mw,earthquake,reviewed
2005-03-28 20:50:48.810000+00:00,1.703,99.218,30.0,4.7,mw,earthquake,reviewed
2005-03-28 20:52:38.580000+00:00,1.048,97.024,30.0,4.3,mw,earthquake,reviewed
2005-03-28 20:56:58.830000+00:00,3.603,97.515,30.0,4.1,mw,earthquake,reviewed
2005-03-28 20:59:45.120000+00:00,1.327,97.169,30.0,4.2,mw,earthquake,reviewed
2005-03-28 20:59:55.960000+00:00,1.372,97.649,29.9,4.4,mw,earthquake,reviewed
2005-03-28 21:01:08.430000+00:00,0.919,97.339,30.0,4.5,mw,earthquake,reviewed
2005-03-28 21:03:13.930000+00:00,1.215,97.219,30.0,4.6,mw,earthquake,reviewed
2005-03-28 21:05:55.580000+00:00,1.007,97.199,30.0,4.5,mw,earthquake,reviewed
2005-03-28 21:07:49.830000+00:00,1.287,97.212,30.0,4.9,mw,earthquake,reviewed
2005-03-28 21:09:50.280000+00:00,2.442,97.186,30.0,4.7,mw,earthquake,reviewed
2005-03-28 21:13:12.900000+00:00,1.793,99.189,30.0,4.7,mw,earthquake,reviewed
2005-03-28 21:17:31.500000+00:00,2.555,95.982,30.0,4.6,mw,earthquake,reviewed
2005-03-28 21:21:03.520000+00:00,1.437,97.075,30.0,4.7,mw,earthquake,reviewed
2005-03-28 21:26:35.510000+00:00,1.063,97.221,21.3,4.7,mw,earthquake,reviewed
2005-03-28 21:33:59.610000+00:00,1.278,97.082,30.0,4.6,mw,earthquake,reviewed
2005-03-28 21:34:09.320000+00:00,1.077,97.579,30.0,5.1,mw,earthquake,reviewed
2005-03-28 21:35:01.180000+00:00,1.147,97.266,30.0,4.8,mw,earthquake,reviewed
2005-03-28 21:36:54.940000+00:00,1.297,97.153,30.0,4.6,mw,earthquake,reviewed
2005-03-28 21:41:16.190000+00:00,0.877,97.111,30.0,4.1,mw,earthquake,reviewed
2005-03-28 21:44:08.780000+00:00,1.972,97.295,30.0,4.2,mw,earthquake,reviewed
2005-03-28 21:45:05.790000+00:00,0.883,97.844,30.0,4.8,mw,earthquake,reviewed
2005-03-28 21:45:56.520000+00:00,1.351,97.215,30.0,4.5,mw,earthquake,reviewed
2005-03-28 21:46:17.800000+00:00,1.221,97.148,19.3,5.0,mw,earthquake,reviewed
2005-03-28 21:49:53.870000+00:00,1.007,97.168,30.0,4.2,mw,earthquake,reviewed
2005-03-28 21:50:20.200000+00:00,1.093,97.219,30.0,4.6,mw,earthquake,reviewed
2005-03-28 21:52:40.180000+00:00,0.815,97.745,30.0,4.5,mw,earthquake,reviewed
2005-03-28 21:52:55.170000+00:00,1.316,97.101,30.0,5.1,mw,earthquake,reviewed
2005-03-28 22:02:33.520000+00:00,0.523,98.105,30.0,4.1,mw,earthquake,reviewed
2005-03-28 22:03:12.840000+00:00,0.086,97.379,30.0,4.1,mw,earthquake,reviewed
2005-03-28 22:10:07.580000+00:00,2.214,96.725,30.0,4.3,mw,earthquake,reviewed
2005-03-28 22:12:13.840000+00:00,1.531,96.881,30.0,4.1,mw,earthquake,reviewed
2005-03-28 22:16:01.110000+00:00,2.08,96.665,30.0,4.8,mw,earthquake,reviewed
2005-03-28 22:23:02.160000+00:00,1.583,97.369,30.0,4.5,mw,earthquake,reviewed
2005-03-28 22:25:30.840000+00:00,3.356,96.754,30.0,4.5,mw,earthquake,reviewed
2005-03-28 22:28:35.950000+00:00,1.241,97.118,30.0,4.3,mw,earthquake,reviewed
2005-03-28 22:34:58.980000+00:00,0.56,97.542,30.0,4.3,mw,earthquake,reviewed
2005-03-28 22:40:39.970000+00:00,1.277,97.244,30.0,4.3,mw,earthquake,reviewed
2005-03-28 22:41:17.830000+00:00,1.043,97.401,30.0,5.0,mw,earthquake,reviewed
2005-03-28 22:49:05.240000+00:00,-0.873,97.59,30.0,4.3,mw,earthquake,reviewed
2005-03-28 22:51:51.790000+00:00,1.906,98.086,30.0,4.2,mw,earthquake,reviewed
2005-03-28 23:00:51.190000+00:00,2.729,96.193,30.0,4.2,mw,earthquake,reviewed
2005-03-28 23:08:30.280000+00:00,1.344,97.128,23.2,4.4,mw,earthquake,reviewed
2005-03-28 23:13:00.960000+00:00,0.172,97.043,38.6,5.8,mw,earthquake,reviewed
2005-03-28 23:20:31.610000+00:00,0.861,97.358,30.0,4.8,mw,earthquake,reviewed
2005-03-28 23:26:40.020000+00:00,1.278,97.064,22.9,4.7,mw,earthquake,reviewed
2005-03-28 23:37:31.350000+00:00,2.889,96.411,29.2,5.7,mw,earthquake,reviewed
2005-03-28 23:39:48.110000+00:00,2.914,96.387,28.6,5.5,mw,earthquake,reviewed
2005-03-28 23:44:44.790000+00:00,2.855,96.354,27.2,5.1,mw,earthquake,reviewed
2005-03-28 23:51:05.230000+00:00,2.772,96.267,40.4,4.5,mw,earthquake,reviewed
2005-03-28 23:54:19.470000+00:00,2.019,96.691,23.6,4.7,mw,earthquake,reviewed
2005-03-29 00:04:40.430000+00:00,1.317,97.243,30.0,4.4,mw,earthquake,reviewed
2005-03-29 00:05:50.590000+00:00,1.819,96.959,30.0,4.7,mw,earthquake,reviewed
2005-03-29 00:08:50.230000+00:00,0.742,97.383,30.0,4.6,mw,earthquake,reviewed
2005-03-29 00:23:58.300000+00:00,0.769,97.449,30.0,4.4,mw,earthquake,reviewed
2005-03-29 00:24:56.280000+00:00,3.029,96.528,30.0,4.7,mw,earthquake,reviewed
2005-03-29 00:38:42.400000+00:00,3.051,96.598,30.0,4.7,mw,earthquake,reviewed
2005-03-29 00:41:51.190000+00:00,0.279,97.336,30.0,4.6,mw,earthquake,reviewed
2005-03-29 00:50:16.110000+00:00,0.937,96.738,30.0,4.9,mw,earthquake,reviewed
2005-03-29 00:56:03.880000+00:00,1.617,97.134,30.0,5.1,mw,earthquake,reviewed
2005-03-29 01:00:59.150000+00:00,0.174,97.901,30.0,4.9,mw,earthquake,reviewed
2005-03-29 01:04:37.770000+00:00,1.173,97.068,22.9,4.7,mw,earthquake,reviewed
2005-03-29 01:09:48.950000+00:00,1.548,97.359,30.0,4.3,mw,earthquake,reviewed
2005-03-29 01:17:30.900000+00:00,1.46,97.185,30.0,4.4,mw,earthquake,reviewed
2005-03-29 01:18:26.120000+00:00,1.569,96.825,22.3,4.4,mw,earthquake,reviewed
2005-03-29 01:26:59.010000+00:00,2.465,96.518,25.1,4.5,mw,earthquake,reviewed
2005-03-29 01:30:05.850000+00:00,2.124,96.433,30.0,4.8,mw,earthquake,reviewed
2005-03-29 01:32:18.310000+00:00,1.66,99.151,30.0,4.8,mw,earthquake,reviewed
2005-03-29 01:37:04.310000+00:00,2.689,98.678,30.0,4.5,mw,earthquake,reviewed
2005-03-29 01:42:01.540000+00:00,1.884,96.701,24.8,4.3,mw,earthquake,reviewed
2005-03-29 01:52:06.240000+00:00,1.815,96.499,30.0,4.3,mw,earthquake,reviewed
2005-03-29 01:55:02.160000+00:00,1.8,97.092,25.5,4.6,mw,earthquake,reviewed
2005-03-29 02:12:58.030000+00:00,1.81,97.006,30.0,4.8,mw,earthquake,reviewed
2005-03-29 02:21:36.630000+00:00,0.792,97.44,30.0,4.7,mw,earthquake,reviewed
2005-03-29 02:22:41.810000+00:00,1.031,97.48,23.1,5.2,mw,earthquake,reviewed
2005-03-29 02:30:07.140000+00:00,2.266,96.148,30.0,4.5,mw,earthquake,reviewed
2005-03-29 02:36:46.080000+00:00,0.822,97.389,30.0,4.3,mw,earthquake,reviewed
2005-03-29 02:40:36.940000+00:00,1.109,97.214,23.4,4.8,mw,earthquake,reviewed
2005-03-29 02:46:17.530000+00:00,0.996,97.298,30.0,4.2,mw,earthquake,reviewed
2005-03-29 02:48:38.940000+00:00,1.821,97.435,30.0,4.7,mw,earthquake,reviewed
2005-03-29 02:51:36.870000+00:00,0.504,97.835,30.0,4.7,mw,earthquake,reviewed
2005-03-29 02:56:06.120000+00:00,0.732,97.321,30.0,4.5,mw,earthquake,reviewed
2005-03-29 03:05:56.260000+00:00,0.364,97.754,25.8,4.8,mw,earthquake,reviewed
2005-03-29 03:13:49.090000+00:00,2.041,96.588,30.0,4.4,mw,earthquake,reviewed
2005-03-29 03:15:11.300000+00:00,1.138,97.14,30.0,4.5,mw,earthquake,reviewed
2005-03-29 03:23:51.620000+00:00,1.03,97.18,22.6,4.8,mw,earthquake,reviewed
2005-03-29 03:29:08.260000+00:00,2.871,96.341,25.8,4.8,mw,earthquake,reviewed
2005-03-29 03:38:28.420000+00:00,2.274,96.352,30.0,4.8,mw,earthquake,reviewed
2005-03-29 03:41:00.590000+00:00,1.189,97.127,30.0,4.5,mw,earthquake,reviewed
2005-03-29 03:44:35.410000+00:00,1.337,97.105,24.4,5.0,mw,earthquake,reviewed
2005-03-29 03:54:40.440000+00:00,1.33,97.107,30.0,4.6,mw,earthquake,reviewed
2005-03-29 04:02:17.260000+00:00,1.349,97.212,30.0,4.6,mw,earthquake,reviewed
2005-03-29 04:09:13.690000+00:00,1.607,97.05,26.0,5.3,mw,earthquake,reviewed
2005-03-29 04:09:58.610000+00:00,1.249,97.151,25.1,5.4,mw,earthquake,reviewed
2005-03-29 04:19:01.400000+00:00,1.223,97.156,22.5,5.3,mw,earthquake,reviewed
2005-03-29 04:38:57.450000+00:00,0.961,97.36,30.0,4.5,mw,earthquake,reviewed
2005-03-29 04:41:55.320000+00:00,0.301,96.745,27.7,4.5,mw,earthquake,reviewed
2005-03-29 04:45:18.140000+00:00,1.183,97.313,30.0,4.7,mw,earthquake,reviewed
2005-03-29 04:50:07.930000+00:00,0.185,97.095,35.8,5.5,mw,earthquake,reviewed
2005-03-29 05:13:51.100000+00:00,0.195,98.045,30.0,5.0,mw,earthquake,reviewed
2005-03-29 05:16:29.850000+00:00,2.648,96.581,30.0,5.9,mw,earthquake,reviewed
2005-03-29 05:23:53.050000+00:00,1.175,97.12,24.0,5.2,mw,earthquake,reviewed
2005-03-29 05:24:59.840000+00:00,0.873,97.482,24.7,5.1,mw,earthquake,reviewed
2005-03-29 05:25:25.450000+00:00,2.143,96.634,26.9,5.4,mw,earthquake,reviewed
2005-03-29 05:27:14.490000+00:00,2.034,96.652,24.2,5.0,mw,earthquake,reviewed
2005-03-29 05:32:10.070000+00:00,1.756,99.2,30.0,4.4,mw,earthquake,reviewed
2005-03-29 05:35:37.060000+00:00,0.779,97.409,25.4,4.9,mw,earthquake,reviewed
2005-03-29 06:00:12.620000+00:00,1.785,99.277,30.0,4.4,mw,earthquake,reviewed
2005-03-29 06:01:38.760000+00:00,0.958,97.816,30.0,4.3,mw,earthquake,reviewed
2005-03-29 06:05:40.800000+00:00,1.12,97.112,30.0,4.6,mw,earthquake,reviewed
2005-03-29 06:14:19.030000+00:00,1.128,97.218,30.0,4.7,mw,earthquake,reviewed
2005-03-29 06:16:15.220000+00:00,1.777,99.207,30.0,5.5,mw,earthquake,reviewed
2005-03-29 06:24:54.640000+00:00,1.014,97.447,27.1,4.9,mw,earthquake,reviewed
2005-03-29 06:27:59.370000+00:00,2.007,96.47,30.0,4.4,mw,earthquake,reviewed
2005-03-29 06:51:20.470000+00:00,0.131,97.797,30.0,4.3,mw,earthquake,reviewed
2005-03-29 06:56:53.730000+00:00,1.04,97.183,30.0,4.4,mw,earthquake,reviewed
2005-03-29 07:09:35.870000+00:00,1.007,97.21,30.0,4.5,mw,earthquake,reviewed
2005-03-29 07:14:29.360000+00:00,2.82,96.311,30.0,4.6,mw,earthquake,reviewed
2005-03-29 07:16:48.450000+00:00,1.18,97.107,30.0,4.7,mw,earthquake,reviewed
2005-03-29 07:52:36.350000+00:00,0.664,97.457,30.0,4.6,mw,earthquake,reviewed
2005-03-29 07:55:19.690000+00:00,1.482,97.359,30.0,4.7,mw,earthquake,reviewed
2005-03-29 08:01:20.440000+00:00,0.99,97.328,30.0,4.5,mw,earthquake,reviewed
2005-03-29 08:02:47.960000+00:00,1.641,97.763,30.0,4.6,mw,earthquake,reviewed
2005-03-29 08:07:10.070000+00:00,2.796,96.281,30.0,4.4,mw,earthquake,reviewed
2005-03-29 08:54:25.790000+00:00,0.428,97.263,30.0,4.4,mw,earthquake,reviewed
2005-03-29 08:57:45.790000+00:00,1.604,97.607,30.0,4.6,mw,earthquake,reviewed
2005-03-29 09:16:03.830000+00:00,1.894,96.971,27.3,5.1,mw,earthquake,reviewed
2005-03-29 09:26:11.910000+00:00,0.058,97.122,30.0,4.7,mw,earthquake,reviewed
2005-03-29 09:28:22.480000+00:00,1.305,97.183,22.4,5.1,mw,earthquake,reviewed
2005-03-29 09:38:00.740000+00:00,1.309,97.265,30.0,4.5,mw,earthquake,reviewed
2005-03-29 09:42:57.200000+00:00,1.084,97.258,24.0,5.2,mw,earthquake,reviewed
2005-03-29 10:02:54.260000+00:00,1.093,97.249,30.0,4.4,mw,earthquake,reviewed
2005-03-29 10:12:42.760000+00:00,0.942,97.108,22.6,4.7,mw,earthquake,reviewed
2005-03-29 10:13:15.310000+00:00,0.922,97.449,30.0,4.7,mw,earthquake,reviewed
2005-03-29 10:17:34.830000+00:00,1.163,97.21,21.3,4.5,mw,earthquake,reviewed
2005-03-29 10:21:59.230000+00:00,1.289,97.196,30.0,4.5,mw,earthquake,reviewed
2005-03-29 10:23:08.900000+00:00,1.369,97.13,21.3,4.7,mw,earthquake,reviewed
2005-03-29 10:28:19.560000+00:00,0.963,97.813,30.0,4.8,mw,earthquake,reviewed
2005-03-29 10:34:47.060000+00:00,1.832,99.348,30.0,4.4,mw,earthquake,reviewed
2005-03-29 10:36:51.270000+00:00,1.236,97.374,21.7,4.6,mw,earthquake,reviewed
2005-03-29 10:51:24.830000+00:00,1.833,99.246,30.0,4.5,mw,earthquake,reviewed
2005-03-29 10:56:53.740000+00:00,2.23,96.494,26.1,5.3,mw,earthquake,reviewed
2005-03-29 11:08:18.410000+00:00,0.826,97.428,30.0,4.6,mw,earthquake,reviewed
2005-03-29 11:09:58.280000+00:00,1.418,97.119,30.0,4.5,mw,earthquake,reviewed
2005-03-29 11:28:09.850000+00:00,2.093,96.633,30.0,4.9,mw,earthquake,reviewed
2005-03-29 12:30:17.980000+00:00,2.73,96.342,30.0,4.3,mw,earthquake,reviewed
2005-03-29 12:44:06.610000+00:00,1.047,97.388,30.0,4.7,mw,earthquake,reviewed
2005-03-29 13:28:39.440000+00:00,1.431,97.322,23.7,4.5,mw,earthquake,reviewed
2005-03-29 13:35:54.220000+00:00,1.915,96.476,26.3,4.8,mw,earthquake,reviewed
2005-03-29 13:42:45.700000+00:00,1.079,97.328,30.0,4.3,mw,earthquake,reviewed
2005-03-29 13:47:17.740000+00:00,2.279,96.151,30.0,4.5,mw,earthquake,reviewed
2005-03-29 13:54:43.450000+00:00,1.2,97.202,30.0,4.4,mw,earthquake,reviewed
2005-03-29 13:59:22.720000+00:00,1.139,96.48,33.4,4.2,mw,earthquake,reviewed
2005-03-29 14:00:38.600000+00:00,0.785,97.367,30.0,4.3,mw,earthquake,reviewed
2005-03-29 14:15:52.030000+00:00,1.106,97.386,30.0,4.7,mw,earthquake,reviewed
2005-03-29 14:16:06.150000+00:00,2.547,96.067,24.3,5.1,mw,earthquake,reviewed
2005-03-29 14:24:23.290000+00:00,1.314,97.071,23.0,4.8,mw,earthquake,reviewed
2005-03-29 14:25:14.580000+00:00,1.336,97.123,24.4,5.1,mw,earthquake,reviewed
2005-03-29 14:36:50.430000+00:00,1.792,96.941,30.0,4.5,mw,earthquake,reviewed
2005-03-29 14:40:03.390000+00:00,2.319,96.03,25.0,4.6,mw,earthquake,reviewed
2005-03-29 14:43:31.490000+00:00,0.902,97.481,30.0,4.9,mw,earthquake,reviewed
2005-03-29 14:46:02.280000+00:00,2.679,96.408,30.0,4.5,mw,earthquake,reviewed
2005-03-29 15:20:13.200000+00:00,0.604,97.411,30.0,4.1,mw,earthquake,reviewed
2005-03-29 15:32:48.120000+00:00,1.492,97.619,30.0,4.5,mw,earthquake,reviewed
2005-03-29 15:32:56.790000+00:00,2.847,96.34,30.0,4.9,mw,earthquake,reviewed
2005-03-29 15:35:50.410000+00:00,1.247,97.152,30.0,4.6,mw,earthquake,reviewed
2005-03-29 15:40:11.100000+00:00,2.644,95.963,30.0,4.2,mw,earthquake,reviewed
2005-03-29 15:48:32.450000+00:00,1.072,97.155,22.9,4.5,mw,earthquake,reviewed
2005-03-29 15:49:28.280000+00:00,0.056,97.08,31.0,4.6,mw,earthquake,reviewed
2005-03-29 15:52:34.300000+00:00,0.835,97.295,30.0,4.8,mw,earthquake,reviewed
2005-03-29 16:21:14.640000+00:00,1.796,97.765,37.2,4.9,mw,earthquake,reviewed
2005-03-29 16:37:09.400000+00:00,1.257,97.158,23.2,4.3,mw,earthquake,reviewed
2005-03-29 16:53:17.840000+00:00,2.891,97.397,30.0,4.5,mw,earthquake,reviewed
2005-03-29 17:07:53.480000+00:00,0.945,97.369,30.0,4.4,mw,earthquake,reviewed
2005-03-29 17:20:49.670000+00:00,2.603,97.046,30.0,4.8,mw,earthquake,reviewed
2005-03-29 17:27:16.900000+00:00,0.84,97.594,30.0,4.2,mw,earthquake,reviewed
2005-03-29 17:33:34.390000+00:00,0.823,97.365,21.5,4.6,mw,earthquake,reviewed
2005-03-29 17:40:14.440000+00:00,1.151,97.158,21.1,4.8,mw,earthquake,reviewed
2005-03-29 17:42:37.020000+00:00,1.289,97.157,21.8,5.0,mw,earthquake,reviewed
2005-03-29 17:45:49.670000+00:00,1.323,97.068,30.0,4.5,mw,earthquake,reviewed
2005-03-29 17:48:48.390000+00:00,1.943,96.744,30.0,4.5,mw,earthquake,reviewed
2005-03-29 18:04:10.050000+00:00,-0.858,97.774,30.0,4.8,mw,earthquake,reviewed
2005-03-29 18:06:35.250000+00:00,2.395,96.702,27.7,5.0,mw,earthquake,reviewed
2005-03-29 18:17:25.770000+00:00,1.252,97.211,30.0,4.4,mw,earthquake,reviewed
2005-03-29 18:28:27.530000+00:00,1.121,97.124,30.0,4.3,mw,earthquake,reviewed
2005-03-29 18:29:48.660000+00:00,0.922,97.91,30.0,5.0,mw,earthquake,reviewed
2005-03-29 18:50:06.840000+00:00,2.219,96.729,30.0,4.1,mw,earthquake,reviewed
2005-03-29 18:54:27.950000+00:00,1.962,96.509,30.0,4.2,mw,earthquake,reviewed
2005-03-29 19:04:06.180000+00:00,1.671,99.155,30.0,4.6,mw,earthquake,reviewed
2005-03-29 19:13:23.550000+00:00,1.358,97.167,30.0,4.6,mw,earthquake,reviewed
2005-03-29 19:16:03.370000+00:00,0.933,97.362,30.0,4.3,mw,earthquake,reviewed
2005-03-29 19:48:44.440000+00:00,2.415,96.211,30.0,4.5,mw,earthquake,reviewed
2005-03-29 19:55:01.360000+00:00,1.351,97.13,30.0,4.5,mw,earthquake,reviewed
2005-03-29 20:06:10.760000+00:00,2.319,96.27,30.0,4.5,mw,earthquake,reviewed
2005-03-29 20:21:43.190000+00:00,0.55,97.39,30.0,4.3,mw,earthquake,reviewed
2005-03-29 20:41:37.620000+00:00,2.352,97.334,30.0,5.1,mw,earthquake,reviewed
2005-03-29 21:17:07.370000+00:00,0.946,97.356,30.0,4.4,mw,earthquake,reviewed
2005-03-29 21:23:27.370000+00:00,2.095,97.691,30.0,4.3,mw,earthquake,reviewed
2005-03-29 21:26:34.500000+00:00,3.49,97.362,30.0,4.2,mw,earthquake,reviewed
2005-03-29 21:29:31.010000+00:00,1.324,97.255,30.0,4.3,mw,earthquake,reviewed
2005-03-29 21:48:34.510000+00:00,1.823,96.715,30.0,4.2,mw,earthquake,reviewed
2005-03-29 21:49:51.610000+00:00,1.411,97.114,24.1,4.4,mw,earthquake,reviewed
2005-03-29 22:09:26.640000+00:00,1.594,97.646,30.0,4.7,mw,earthquake,reviewed
2005-03-29 22:14:18.500000+00:00,1.633,99.222,30.0,4.2,mw,earthquake,reviewed
2005-03-29 22:17:33.020000+00:00,1.632,99.178,30.0,4.4,mw,earthquake,reviewed
2005-03-29 22:38:00.050000+00:00,1.655,97.152,30.0,4.3,mw,earthquake,reviewed
2005-03-29 22:59:09.190000+00:00,3.102,96.747,30.0,4.2,mw,earthquake,reviewed
2005-03-29 23:19:41.830000+00:00,1.347,97.105,26.4,4.6,mw,earthquake,reviewed
2005-03-29 23:23:09.810000+00:00,2.244,97.069,30.0,4.6,mw,earthquake,reviewed
2005-03-29 23:27:44.570000+00:00,2.216,96.313,23.1,4.8,mw,earthquake,reviewed
2005-03-29 23:30:43.580000+00:00,1.441,96.392,30.0,4.5,mw,earthquake,reviewed
2005-03-30 00:11:10.550000+00:00,1.225,97.145,25.4,4.4,mw,earthquake,reviewed
2005-03-30 00:25:47.880000+00:00,1.07,97.322,25.8,4.9,mw,earthquake,reviewed
2005-03-30 00:31:41.290000+00:00,2.379,96.4,23.1,4.9,mw,earthquake,reviewed
2005-03-30 00:47:07.880000+00:00,2.936,96.325,30.0,4.3,mw,earthquake,reviewed
2005-03-30 00:57:46.740000+00:00,1.2,97.082,18.7,4.7,mw,earthquake,reviewed
2005-03-30 01:06:14.800000+00:00,1.141,97.18,22.8,4.7,mw,earthquake,reviewed
2005-03-30 01:13:15.750000+00:00,1.773,97.095,27.4,5.7,mw,earthquake,reviewed
2005-03-30 01:50:13.250000+00:00,2.841,96.202,27.9,4.6,mw,earthquake,reviewed
2005-03-30 01:58:23.890000+00:00,1.321,97.04,24.4,4.9,mw,earthquake,reviewed
2005-03-30 02:03:16.580000+00:00,1.667,96.866,28.2,4.6,mw,earthquake,reviewed
2005-03-30 02:06:13.780000+00:00,1.161,97.115,30.0,4.9,mw,earthquake,reviewed
2005-03-30 02:20:52.280000+00:00,1.929,99.227,30.0,4.5,mw,earthquake,reviewed
2005-03-30 03:19:26.270000+00:00,2.051,96.484,30.0,4.5,mw,earthquake,reviewed
2005-03-30 03:25:28.450000+00:00,1.248,97.097,22.2,4.8,mw,earthquake,reviewed
2005-03-30 03:29:44.470000+00:00,1.274,97.158,30.0,4.8,mw,earthquake,reviewed
2005-03-30 03:50:48.150000+00:00,0.93,97.867,30.0,4.7,mw,earthquake,reviewed
2005-03-30 04:03:18.650000+00:00,2.933,96.229,30.0,4.6,mw,earthquake,reviewed
2005-03-30 04:05:46.200000+00:00,0.603,97.569,30.0,4.9,mw,earthquake,reviewed
2005-03-30 05:17:12.910000+00:00,0.927,97.41,30.0,4.6,mw,earthquake,reviewed
2005-03-30 05:19:53.480000+00:00,0.974,97.213,30.0,4.6,mw,earthquake,reviewed
2005-03-30 06:01:04.040000+00:00,1.889,96.92,30.0,4.4,mw,earthquake,reviewed
2005-03-30 06:18:40.400000+00:00,1.469,97.216,30.0,4.6,mw,earthquake,reviewed
2005-03-30 06:40:32.670000+00:00,1.02,97.279,30.0,4.6,mw,earthquake,reviewed
2005-03-30 06:57:08.110000+00:00,1.051,97.396,30.0,4.6,mw,earthquake,reviewed
2005-03-30 07:15:06.790000+00:00,0.824,97.076,30.0,4.2,mw,earthquake,reviewed
2005-03-30 07:40:26.340000+00:00,1.166,97.797,30.0,4.6,mw,earthquake,reviewed
2005-03-30 08:27:48.970000+00:00,3.077,96.607,30.0,4.8,mw,earthquake,reviewed
2005-03-30 08:38:14.820000+00:00,1.256,97.201,30.0,4.7,mw,earthquake,reviewed
2005-03-30 09:30:55.860000+00:00,1.052,97.151,30.0,4.6,mw,earthquake,reviewed
2005-03-30 09:51:50.990000+00:00,1.912,96.421,28.4,4.2,mw,earthquake,reviewed
2005-03-30 10:20:22.460000+00:00,1.892,96.94,26.6,5.1,mw,earthquake,reviewed
2005-03-30 11:35:22.710000+00:00,1.212,97.067,24.7,4.2,mw,earthquake,reviewed
2005-03-30 11:35:34.590000+00:00,0.831,97.403,21.9,4.7,mw,earthquake,reviewed
2005-03-30 12:00:59.060000+00:00,1.401,97.715,30.0,4.4,mw,earthquake,reviewed
2005-03-30 12:03:24.670000+00:00,1.375,97.301,30.0,4.9,mw,earthquake,reviewed
2005-03-30 12:16:25.500000+00:00,2.441,96.489,30.0,4.4,mw,earthquake,reviewed
2005-03-30 12:23:45.830000+00:00,1.501,97.041,30.0,4.4,mw,earthquake,reviewed
2005-03-30 12:24:20.540000+00:00,2.451,97.228,30.0,4.9,mw,earthquake,reviewed
2005-03-30 12:43:45.240000+00:00,0.323,97.684,30.0,4.5,mw,earthquake,reviewed
2005-03-30 12:45:26.050000+00:00,0.176,97.719,30.0,4.8,mw,earthquake,reviewed
2005-03-30 12:50:27.900000+00:00,-0.016,98.204,30.0,4.6,mw,earthquake,reviewed
2005-03-30 12:57:42.870000+00:00,0.199,98.144,20.1,5.3,mw,earthquake,reviewed
2005-03-30 13:24:25.270000+00:00,1.942,96.793,25.3,4.6,mw,earthquake,reviewed
2005-03-30 13:45:35.140000+00:00,0.274,98.634,30.0,4.5,mw,earthquake,reviewed
2005-03-30 14:33:10.710000+00:00,0.955,97.228,30.0,4.1,mw,earthquake,reviewed
2005-03-30 14:38:19.080000+00:00,0.771,97.416,23.2,4.6,mw,earthquake,reviewed
2005-03-30 15:44:36.980000+00:00,2.528,97.242,41.5,4.8,mw,earthquake,reviewed
2005-03-30 15:52:26.370000+00:00,1.264,97.21,24.5,4.8,mw,earthquake,reviewed
2005-03-30 16:05:05+00:00,1.121,97.322,30.0,4.4,mw,earthquake,reviewed
2005-03-30 16:26:40.440000+00:00,0.194,98.139,30.0,4.8,mw,earthquake,reviewed
2005-03-30 16:36:09.950000+00:00,2.398,96.275,30.0,4.6,mw,earthquake,reviewed
2005-03-30 16:46:03.250000+00:00,1.265,97.097,23.7,5.0,mw,earthquake,reviewed
2005-03-30 17:23:43.080000+00:00,0.088,98.116,30.0,4.1,mw,earthquake,reviewed
2005-03-30 18:01:23.920000+00:00,1.056,97.191,30.0,4.4,mw,earthquake,reviewed
2005-03-30 18:02:17.230000+00:00,1.062,97.267,22.8,5.0,mw,earthquake,reviewed
2005-03-30 18:16:48.320000+00:00,1.15,97.131,29.0,4.7,mw,earthquake,reviewed
2005-03-30 18:22:33.880000+00:00,2.134,96.322,30.0,4.4,mw,earthquake,reviewed
2005-03-30 18:26:17.860000+00:00,2.098,96.677,30.0,4.9,mw,earthquake,reviewed
2005-03-30 19:30:23.450000+00:00,1.18,97.163,30.0,4.2,mw,earthquake,reviewed
2005-03-30 19:51:32.090000+00:00,1.789,97.441,30.0,4.2,mw,earthquake,reviewed
2005-03-30 20:13:04.140000+00:00,2.394,97.1,30.0,4.4,mw,earthquake,reviewed
2005-03-30 21:04:16.690000+00:00,1.101,97.192,30.0,4.2,mw,earthquake,reviewed
2005-03-30 21:12:53.520000+00:00,0.738,97.74,30.0,4.2,mw,earthquake,reviewed
2005-03-30 21:35:24.900000+00:00,2.303,97.13,30.0,4.4,mw,earthquake,reviewed
2005-03-30 22:28:24.870000+00:00,1.004,97.339,30.0,4.4,mw,earthquake,reviewed
2005-03-30 22:51:25.420000+00:00,2.118,96.764,30.0,4.3,mw,earthquake,reviewed
2005-03-30 23:12:01.100000+00:00,1.25,97.174,22.2,4.9,mw,earthquake,reviewed
2005-03-30 23:19:09.230000+00:00,1.228,97.163,30.0,4.9,mw,earthquake,reviewed
2005-03-30 23:25:18.550000+00:00,2.105,96.716,23.6,4.8,mw,earthquake,reviewed
2005-03-30 23:39:31.680000+00:00,1.179,97.156,30.0,4.4,mw,earthquake,reviewed
2005-03-30 23:40:48.490000+00:00,1.864,97.069,26.7,5.2,mw,earthquake,reviewed
2005-03-31 00:37:46.460000+00:00,-0.017,96.654,30.0,4.3,mw,earthquake,reviewed
2005-03-31 01:07:56.200000+00:00,1.015,97.272,22.5,4.7,mw,earthquake,reviewed
2005-03-31 01:11:54.650000+00:00,1.091,97.299,30.0,4.2,mw,earthquake,reviewed
2005-03-31 01:17:53.290000+00:00,4.827,95.536,30.0,4.7,mw,earthquake,reviewed
2005-03-31 01:37:39.690000+00:00,2.635,96.568,30.0,4.9,mw,earthquake,reviewed
2005-03-31 02:39:28.040000+00:00,1.102,97.296,23.2,5.1,mw,earthquake,reviewed
2005-03-31 03:14:50.490000+00:00,1.101,97.122,21.8,4.9,mw,earthquake,reviewed
2005-03-31 03:18:20.850000+00:00,1.092,97.139,30.0,4.6,mw,earthquake,reviewed
2005-03-31 04:35:53.910000+00:00,1.084,97.278,30.0,4.7,mw,earthquake,reviewed
2005-03-31 04:48:08.670000+00:00,1.312,97.193,30.0,5.2,mw,earthquake,reviewed
2005-03-31 04:54:13.370000+00:00,1.267,97.145,30.0,4.8,mw,earthquake,reviewed
2005-03-31 05:40:47.570000+00:00,0.803,97.549,30.0,4.5,mw,earthquake,reviewed
2005-03-31 05:50:58.740000+00:00,1.929,96.697,30.0,4.7,mw,earthquake,reviewed
2005-03-31 07:09:33.580000+00:00,1.548,97.058,26.4,4.9,mw,earthquake,reviewed
2005-03-31 07:14:21.370000+00:00,1.916,96.618,25.2,4.5,mw,earthquake,reviewed
2005-03-31 07:23:53.790000+00:00,1.701,97.119,22.0,5.8,mw,earthquake,reviewed
2005-03-31 08:30:26.870000+00:00,2.515,96.184,25.5,4.9,mw,earthquake,reviewed
2005-03-31 08:33:27.070000+00:00,0.939,97.311,30.0,4.9,mw,earthquake,reviewed
2005-03-31 08:41:20.360000+00:00,0.177,97.647,22.8,4.5,mw,earthquake,reviewed
2005-03-31 09:30:41.090000+00:00,0.707,97.633,30.0,4.2,mw,earthquake,reviewed
2005-03-31 09:49:06.770000+00:00,2.656,96.515,30.0,4.4,mw,earthquake,reviewed
2005-03-31 09:56:27.070000+00:00,0.911,97.457,24.8,4.6,mw,earthquake,reviewed
2005-03-31 10:58:19.380000+00:00,0.78,97.46,23.4,5.0,mw,earthquake,reviewed
2005-03-31 11:17:40.300000+00:00,2.363,99.22,30.0,4.4,mw,earthquake,reviewed
2005-03-31 11:33:47.950000+00:00,1.06,97.343,23.3,4.7,mw,earthquake,reviewed
2005-03-31 12:20:34.980000+00:00,0.57,97.078,30.0,4.5,mw,earthquake,reviewed
2005-03-31 12:33:16.360000+00:00,0.943,97.685,30.0,4.3,mw,earthquake,reviewed
2005-03-31 13:01:32.870000+00:00,1.278,97.28,24.0,4.8,mw,earthquake,reviewed
2005-03-31 13:21:13.890000+00:00,2.282,96.261,30.0,4.7,mw,earthquake,reviewed
2005-03-31 14:17:39.530000+00:00,0.455,97.881,30.0,4.5,mw,earthquake,reviewed
2005-03-31 15:08:10.080000+00:00,0.875,97.385,30.0,4.6,mw,earthquake,reviewed
2005-03-31 15:58:53.610000+00:00,2.667,95.959,30.0,4.6,mw,earthquake,reviewed
2005-03-31 16:12:52.430000+00:00,1.369,97.079,30.0,4.5,mw,earthquake,reviewed
2005-03-31 16:29:56.120000+00:00,1.32,97.208,30.0,4.9,mw,earthquake,reviewed
2005-03-31 17:16:49.100000+00:00,0.99,97.328,30.0,4.6,mw,earthquake,reviewed
2005-03-31 18:02:33.070000+00:00,0.354,97.741,21.1,4.8,mw,earthquake,reviewed
2005-03-31 18:28:38.850000+00:00,0.956,97.823,20.3,4.8,mw,earthquake,reviewed
2005-03-31 18:31:33.460000+00:00,0.478,99.125,30.0,4.6,mw,earthquake,reviewed
2005-03-31 19:14:37.140000+00:00,1.363,97.094,25.8,4.8,mw,earthquake,reviewed
2005-03-31 19:31:43.010000+00:00,0.309,97.708,28.2,4.7,mw,earthquake,reviewed
2005-03-31 19:33:37.470000+00:00,0.963,98.121,30.0,4.5,mw,earthquake,reviewed
2005-03-31 20:13:59.780000+00:00,0.991,97.165,30.0,4.2,mw,earthquake,reviewed
2005-03-31 20:36:32.690000+00:00,1.338,98.414,30.0,4.4,mw,earthquake,reviewed
2005-03-31 21:22:46.040000+00:00,0.932,97.486,26.2,4.8,mw,earthquake,reviewed
2005-03-31 21:36:46.850000+00:00,0.45,97.364,30.0,4.2,mw,earthquake,reviewed
2005-03-31 22:17:59.180000+00:00,-4.183,101.994,35.0,4.5,mw,earthquake,reviewed
2005-03-31 22:44:32.470000+00:00,1.241,98.617,30.0,4.2,mw,earthquake,reviewed
2005-03-31 22:57:22.580000+00:00,2.109,96.254,30.0,4.4,mw,earthquake,reviewed
2005-03-31 22:58:53.440000+00:00,1.134,97.199,30.0,4.4,mw,earthquake,reviewed
2005-04-01 00:48:47.350000+00:00,0.674,97.601,30.0,5.1,mw,earthquake,reviewed
2005-04-01 00:49:42.020000+00:00,1.105,97.158,22.3,5.0,mw,earthquake,reviewed
2005-04-01 00:59:50.820000+00:00,0.615,97.506,30.0,4.9,mw,earthquake,reviewed
2005-04-01 01:16:31.110000+00:00,1.118,97.786,30.0,4.1,mw,earthquake,reviewed
2005-04-01 01:47:00.020000+00:00,1.02,97.414,30.0,4.7,mw,earthquake,reviewed
2005-04-01 01:55:11.150000+00:00,0.747,97.418,30.0,4.7,mw,earthquake,reviewed
2005-04-01 02:20:29.970000+00:00,2.912,96.31,30.0,4.6,mw,earthquake,reviewed
2005-04-01 03:57:24.680000+00:00,0.809,97.005,30.0,4.7,mw,earthquake,reviewed
2005-04-01 05:25:56.400000+00:00,2.633,96.286,23.1,4.3,mw,earthquake,reviewed
2005-04-01 05:46:45.320000+00:00,1.133,97.073,25.5,4.4,mw,earthquake,reviewed
2005-04-01 05:55:56.360000+00:00,2.26,96.432,30.0,5.1,mw,earthquake,reviewed
2005-04-01 07:39:28.020000+00:00,2.331,96.53,26.8,4.3,mw,earthquake,reviewed
2005-04-01 07:40:27.070000+00:00,2.294,96.373,30.0,4.8,mw,earthquake,reviewed
2005-04-01 08:09:08.930000+00:00,1.923,96.693,30.0,4.2,mw,earthquake,reviewed
2005-04-01 08:28:39.620000+00:00,2.706,96.169,30.0,4.3,mw,earthquake,reviewed
2005-04-01 09:04:42.980000+00:00,1.187,96.752,30.0,4.6,mw,earthquake,reviewed
2005-04-01 10:00:45.240000+00:00,2.276,96.982,30.0,4.3,mw,earthquake,reviewed
2005-04-01 10:37:45.780000+00:00,2.873,96.391,26.9,5.1,mw,earthquake,reviewed
2005-04-01 10:42:18.100000+00:00,2.824,96.526,30.0,4.5,mw,earthquake,reviewed
2005-04-01 10:58:33.950000+00:00,2.819,96.386,27.5,4.8,mw,earthquake,reviewed
2005-04-01 11:42:46.660000+00:00,1.115,97.09,25.2,5.0,mw,earthquake,reviewed
2005-04-01 11:46:41.040000+00:00,2.087,96.703,30.0,4.9,mw,earthquake,reviewed
2005-04-01 11:57:01.400000+00:00,1.257,97.16,21.3,4.6,mw,earthquake,reviewed
2005-04-01 12:02:25.740000+00:00,0.903,97.372,33.6,4.5,mw,earthquake,reviewed
2005-04-01 12:21:23.540000+00:00,1.824,97.753,30.0,4.8,mw,earthquake,reviewed
2005-04-01 12:49:24.310000+00:00,2.777,96.256,30.0,4.4,mw,earthquake,reviewed
2005-04-01 14:15:41.640000+00:00,1.329,97.086,24.2,5.0,mw,earthquake,reviewed
2005-04-01 14:18:07.560000+00:00,2.173,96.694,28.1,4.8,mw,earthquake,reviewed
2005-04-01 14:25:08.680000+00:00,0.861,97.742,30.0,4.5,mw,earthquake,reviewed
2005-04-01 14:37:05.170000+00:00,1.127,97.212,30.0,4.7,mw,earthquake,reviewed
2005-04-01 14:50:41.130000+00:00,2.704,97.087,30.0,4.9,mw,earthquake,reviewed
2005-04-01 15:09:40.300000+00:00,1.036,98.04,30.0,4.5,mw,earthquake,reviewed
2005-04-01 15:27:28.310000+00:00,0.181,97.157,34.1,4.7,mw,earthquake,reviewed
2005-04-01 15:32:11.590000+00:00,0.285,97.22,33.7,4.8,mw,earthquake,reviewed
2005-04-01 16:20:24.490000+00:00,1.064,97.211,24.1,4.7,mw,earthquake,reviewed
2005-04-01 16:35:39.130000+00:00,-0.352,96.9,30.0,4.9,mw,earthquake,reviewed
2005-04-01 17:14:01.470000+00:00,-0.255,97.105,30.0,4.4,mw,earthquake,reviewed
2005-04-01 17:24:40.230000+00:00,1.135,97.244,26.3,5.1,mw,earthquake,reviewed
2005-04-01 17:42:55.440000+00:00,1.105,97.291,30.0,4.4,mw,earthquake,reviewed
2005-04-01 18:41:11.340000+00:00,0.976,97.326,30.0,4.1,mw,earthquake,reviewed
2005-04-01 19:03:35.700000+00:00,1.238,97.189,30.0,4.7,mw,earthquake,reviewed
2005-04-01 20:32:37.380000+00:00,0.323,98.109,29.7,5.6,mw,earthquake,reviewed
2005-04-01 20:57:11.550000+00:00,2.862,95.911,30.0,4.3,mw,earthquake,reviewed
2005-04-01 21:01:30.650000+00:00,2.264,96.308,30.0,4.3,mw,earthquake,reviewed
2005-04-01 21:23:58.290000+00:00,-0.201,97.097,30.0,4.4,mw,earthquake,reviewed
2005-04-01 21:48:23.240000+00:00,1.024,97.193,22.3,4.7,mw,earthquake,reviewed
2005-04-01 22:20:17.820000+00:00,-0.405,96.887,30.0,5.1,mw,earthquake,reviewed
2005-04-01 22:30:09.900000+00:00,0.408,96.64,30.0,4.2,mw,earthquake,reviewed
2005-04-01 23:40:10.490000+00:00,0.176,98.121,30.0,4.8,mw,earthquake,reviewed
2005-04-02 00:00:05.330000+00:00,2.248,96.289,30.0,4.1,mw,earthquake,reviewed
2005-04-02 00:12:15.590000+00:00,1.86,97.746,30.0,4.5,mw,earthquake,reviewed
2005-04-02 01:26:24.220000+00:00,0.437,97.977,30.0,4.6,mw,earthquake,reviewed
2005-04-02 02:09:40.260000+00:00,1.242,97.33,30.0,4.3,mw,earthquake,reviewed
2005-04-02 02:58:32.880000+00:00,1.231,97.18,30.0,4.6,mw,earthquake,reviewed
2005-04-02 03:05:33.720000+00:00,2.729,96.368,30.0,4.4,mw,earthquake,reviewed
2005-04-02 03:37:24.240000+00:00,0.813,97.457,30.0,4.9,mw,earthquake,reviewed
2005-04-02 03:39:05.540000+00:00,-1.728,99.842,30.0,4.8,mw,earthquake,reviewed
2005-04-02 04:23:15.560000+00:00,-1.839,99.809,30.0,4.3,mw,earthquake,reviewed
2005-04-02 04:25:13.670000+00:00,0.859,97.579,30.0,4.6,mw,earthquake,reviewed
2005-04-02 05:15:28.090000+00:00,0.857,97.3,30.0,4.7,mw,earthquake,reviewed
2005-04-02 05:19:03.260000+00:00,-0.244,96.988,30.0,4.7,mw,earthquake,reviewed
2005-04-02 05:43:17.980000+00:00,1.141,97.255,30.0,4.6,mw,earthquake,reviewed
2005-04-02 05:55:05.410000+00:00,2.2,96.177,24.8,4.9,mw,earthquake,reviewed
2005-04-02 06:47:29.220000+00:00,1.61,97.63,30.0,4.5,mw,earthquake,reviewed
2005-04-02 06:57:53.180000+00:00,0.057,98.014,30.0,4.6,mw,earthquake,reviewed
2005-04-02 07:09:22.580000+00:00,1.044,97.175,22.5,4.8,mw,earthquake,reviewed
2005-04-02 08:32:51.990000+00:00,1.206,97.085,23.6,4.5,mw,earthquake,reviewed
2005-04-02 09:24:12.850000+00:00,-2.183,99.394,30.0,4.3,mw,earthquake,reviewed
2005-04-02 09:28:17.620000+00:00,1.284,97.185,30.0,4.8,mw,earthquake,reviewed
2005-04-02 11:02:02.680000+00:00,1.154,97.665,30.0,4.5,mw,earthquake,reviewed
2005-04-02 11:38:31.680000+00:00,0.049,97.78,25.6,4.5,mw,earthquake,reviewed
2005-04-02 11:49:14.660000+00:00,1.879,96.597,25.2,4.5,mw,earthquake,reviewed
2005-04-02 14:09:58.490000+00:00,1.346,97.231,24.5,4.7,mw,earthquake,reviewed
2005-04-02 14:21:43.770000+00:00,0.99,97.607,50.1,4.6,mw,earthquake,reviewed
2005-04-02 15:03:45.490000+00:00,2.633,95.803,30.0,4.5,mw,earthquake,reviewed
2005-04-02 15:21:18.210000+00:00,-0.416,96.921,23.7,5.0,mw,earthquake,reviewed
2005-04-02 16:24:14.070000+00:00,2.888,96.398,28.2,5.0,mw,earthquake,reviewed
2005-04-02 16:50:47.310000+00:00,1.111,97.136,30.0,4.6,mw,earthquake,reviewed
2005-04-02 17:07:04.350000+00:00,2.721,96.511,26.5,4.8,mw,earthquake,reviewed
2005-04-02 17:40:50.210000+00:00,2.516,95.805,30.0,4.6,mw,earthquake,reviewed
2005-04-02 18:24:00.360000+00:00,1.424,97.026,27.1,4.4,mw,earthquake,reviewed
2005-04-02 18:45:22.580000+00:00,0.66,96.929,26.2,4.9,mw,earthquake,reviewed
2005-04-02 19:17:28.600000+00:00,0.814,97.49,26.3,4.5,mw,earthquake,reviewed
2005-04-02 19:20:44.190000+00:00,2.963,96.291,30.0,4.6,mw,earthquake,reviewed
2005-04-02 20:14:01.010000+00:00,2.644,96.192,30.0,4.4,mw,earthquake,reviewed
2005-04-02 20:30:56.470000+00:00,1.463,97.059,26.4,4.4,mw,earthquake,reviewed
2005-04-02 21:31:48.110000+00:00,1.487,97.415,30.0,4.7,mw,earthquake,reviewed
2005-04-02 23:10:44.440000+00:00,2.867,96.249,26.5,4.6,mw,earthquake,reviewed
2005-04-03 00:51:56.830000+00:00,0.997,97.193,23.1,4.5,mw,earthquake,reviewed
2005-04-03 00:59:21.420000+00:00,0.368,98.319,30.0,6.0,mw,earthquake,reviewed
2005-04-03 02:00:39.290000+00:00,1.806,99.449,30.0,4.5,mw,earthquake,reviewed
2005-04-03 03:10:56.470000+00:00,2.022,97.942,36.0,6.3,mw,earthquake,reviewed
2005-04-03 04:06:46.350000+00:00,2.37,96.22,23.5,5.0,mw,earthquake,reviewed
2005-04-03 05:15:38.150000+00:00,0.782,97.397,30.0,4.6,mw,earthquake,reviewed
2005-04-03 05:17:40.660000+00:00,0.152,96.408,30.0,4.6,mw,earthquake,reviewed
2005-04-03 05:18:17.240000+00:00,0.01,96.599,30.0,4.3,mw,earthquake,reviewed
2005-04-03 06:55:57.390000+00:00,2.236,96.278,30.0,4.9,mw,earthquake,reviewed
2005-04-03 07:09:16.870000+00:00,0.234,97.693,30.0,4.4,mw,earthquake,reviewed
2005-04-03 07:15:11.730000+00:00,0.774,97.349,30.0,4.8,mw,earthquake,reviewed
2005-04-03 07:28:54.920000+00:00,1.318,97.09,32.7,5.0,mw,earthquake,reviewed
2005-04-03 08:06:28.540000+00:00,1.165,97.161,30.0,4.6,mw,earthquake,reviewed
2005-04-03 08:16:10.680000+00:00,1.86,96.201,30.0,4.3,mw,earthquake,reviewed
2005-04-03 09:04:28.520000+00:00,1.065,97.169,21.3,4.8,mw,earthquake,reviewed
2005-04-03 09:16:57.810000+00:00,0.201,97.162,30.0,4.5,mw,earthquake,reviewed
2005-04-03 10:20:48.060000+00:00,1.174,97.136,25.2,5.0,mw,earthquake,reviewed
2005-04-03 11:12:37.980000+00:00,2.499,96.009,30.0,4.7,mw,earthquake,reviewed
2005-04-03 11:16:46.320000+00:00,2.798,95.892,30.0,5.0,mw,earthquake,reviewed
2005-04-03 12:10:52.340000+00:00,0.26,97.139,30.0,4.3,mw,earthquake,reviewed
2005-04-03 12:21:20.380000+00:00,2.974,96.284,30.0,5.1,mw,earthquake,reviewed
2005-04-03 13:09:01.290000+00:00,0.78,97.687,30.0,4.1,mw,earthquake,reviewed
2005-04-03 13:17:30.370000+00:00,0.802,97.457,22.3,4.4,mw,earthquake,reviewed
2005-04-03 13:40:16.910000+00:00,1.126,97.196,30.0,4.8,mw,earthquake,reviewed
2005-04-03 14:18:19.340000+00:00,2.614,97.405,30.0,4.5,mw,earthquake,reviewed
2005-04-03 15:16:24.210000+00:00,3.486,95.878,30.0,4.3,mw,earthquake,reviewed
2005-04-03 15:34:12.710000+00:00,0.241,97.189,30.0,4.5,mw,earthquake,reviewed
2005-04-03 16:10:18.700000+00:00,2.722,97.412,30.0,4.6,mw,earthquake,reviewed
2005-04-03 16:21:51.500000+00:00,2.202,96.272,26.4,4.8,mw,earthquake,reviewed
2005-04-03 16:27:48.480000+00:00,1.221,97.148,30.0,4.4,mw,earthquake,reviewed
2005-04-03 16:39:03.300000+00:00,2.905,96.307,26.7,4.9,mw,earthquake,reviewed
2005-04-03 17:11:25.500000+00:00,1.042,97.225,24.4,4.8,mw,earthquake,reviewed
2005-04-03 18:16:48.270000+00:00,0.229,97.624,27.0,4.3,mw,earthquake,reviewed
2005-04-03 19:25:44.640000+00:00,1.315,97.172,23.6,4.7,mw,earthquake,reviewed
2005-04-03 20:20:19.480000+00:00,2.755,96.198,30.0,4.7,mw,earthquake,reviewed
2005-04-03 20:23:07.510000+00:00,2.03,96.723,30.0,4.7,mw,earthquake,reviewed
2005-04-03 20:23:29.890000+00:00,2.085,96.752,25.3,4.8,mw,earthquake,reviewed
2005-04-03 20:29:49.790000+00:00,2.741,96.126,30.0,4.3,mw,earthquake,reviewed
2005-04-03 20:53:26.330000+00:00,-0.109,97.931,30.0,4.4,mw,earthquake,reviewed
2005-04-03 20:57:59.480000+00:00,2.885,96.263,43.1,4.4,mw,earthquake,reviewed
2005-04-03 21:59:25.750000+00:00,-1.003,96.909,30.0,4.3,mw,earthquake,reviewed
2005-04-03 22:01:37.270000+00:00,-0.282,96.955,30.0,4.4,mw,earthquake,reviewed
2005-04-03 22:13:57.710000+00:00,1.959,96.702,30.0,4.2,mw,earthquake,reviewed
2005-04-03 22:24:06.710000+00:00,1.003,97.317,21.2,4.8,mw,earthquake,reviewed
2005-04-03 22:31:51.560000+00:00,1.034,97.408,24.9,4.7,mw,earthquake,reviewed
2005-04-03 22:44:15.450000+00:00,1.256,97.214,30.0,4.3,mw,earthquake,reviewed
2005-04-03 22:46:06.100000+00:00,-0.312,96.953,30.0,4.3,mw,earthquake,reviewed
2005-04-03 23:07:12.610000+00:00,1.897,96.676,30.0,4.4,mw,earthquake,reviewed
2005-04-03 23:30:18.480000+00:00,1.913,96.775,30.0,4.3,mw,earthquake,reviewed
2005-04-03 23:59:10.890000+00:00,1.836,97.738,30.0,4.5,mw,earthquake,reviewed
2005-04-04 00:08:46.660000+00:00,1.981,97.307,30.0,4.1,mw,earthquake,reviewed
2005-04-04 00:55:00.710000+00:00,0.729,97.429,25.5,4.5,mw,earthquake,reviewed
2005-04-04 01:16:24.640000+00:00,2.725,96.174,30.0,4.2,mw,earthquake,reviewed
2005-04-04 01:45:19.750000+00:00,0.305,96.435,30.0,4.3,mw,earthquake,reviewed
2005-04-04 02:31:11.280000+00:00,0.872,97.399,30.0,4.3,mw,earthquake,reviewed
2005-04-04 03:05:48.770000+00:00,0.843,97.383,30.0,4.4,mw,earthquake,reviewed
2005-04-04 04:00:57.470000+00:00,0.19,97.048,30.0,4.4,mw,earthquake,reviewed
2005-04-04 04:26:50.180000+00:00,2.748,96.337,28.9,4.9,mw,earthquake,reviewed
2005-04-04 04:33:46.630000+00:00,1.605,97.872,30.0,5.6,mw,earthquake,reviewed
2005-04-04 05:40:38.010000+00:00,1.144,97.101,30.0,4.5,mw,earthquake,reviewed
2005-04-04 06:11:53+00:00,0.231,97.049,30.0,4.5,mw,earthquake,reviewed
2005-04-04 07:04:43.480000+00:00,1.345,97.202,30.0,4.8,mw,earthquake,reviewed
2005-04-04 08:05:00.510000+00:00,0.844,97.349,30.0,4.8,mw,earthquake,reviewed
2005-04-04 08:34:01.940000+00:00,1.15,97.16,22.1,4.3,mw,earthquake,reviewed
2005-04-04 09:43:07.760000+00:00,2.817,96.634,40.5,4.6,mw,earthquake,reviewed
2005-04-04 09:44:39.140000+00:00,0.835,97.309,30.0,4.9,mw,earthquake,reviewed
2005-04-04 10:23:47.520000+00:00,0.295,97.225,34.0,4.2,mw,earthquake,reviewed
2005-04-04 11:05:37.810000+00:00,1.279,97.155,23.8,4.9,mw,earthquake,reviewed
2005-04-04 11:13:25.230000+00:00,1.611,96.961,26.7,4.6,mw,earthquake,reviewed
2005-04-04 11:27:11.160000+00:00,1.166,97.102,25.4,4.9,mw,earthquake,reviewed
2005-04-04 12:03:49.260000+00:00,0.948,97.438,30.0,4.2,mw,earthquake,reviewed
2005-04-04 12:20:21.540000+00:00,1.816,97.728,30.0,4.5,mw,earthquake,reviewed
2005-04-04 12:21:10.750000+00:00,1.221,97.341,30.0,4.8,mw,earthquake,reviewed
2005-04-04 13:09:39.780000+00:00,-5.86,105.478,30.0,4.9,mw,earthquake,reviewed
2005-04-04 14:20:19.020000+00:00,0.938,97.571,30.0,4.2,mw,earthquake,reviewed
2005-04-04 16:31:59.490000+00:00,-0.279,97.056,30.0,4.2,mw,earthquake,reviewed
2005-04-04 17:34:19.660000+00:00,1.847,96.916,27.0,4.4,mw,earthquake,reviewed
2005-04-04 17:54:29.960000+00:00,0.292,97.21,37.3,4.2,mw,earthquake,reviewed
2005-04-04 18:16:15.110000+00:00,0.311,97.103,31.7,4.4,mw,earthquake,reviewed
2005-04-04 18:18:50.270000+00:00,0.293,97.148,34.9,4.3,mw,earthquake,reviewed
2005-04-04 18:30:49.080000+00:00,1.187,97.048,30.0,4.1,mw,earthquake,reviewed
2005-04-04 19:45:36.030000+00:00,1.225,97.034,20.1,4.2,mw,earthquake,reviewed
2005-04-04 19:51:44.020000+00:00,0.997,97.457,30.0,4.8,mw,earthquake,reviewed
2005-04-04 20:24:53.640000+00:00,1.338,96.931,30.0,4.2,mw,earthquake,reviewed
2005-04-04 21:00:46.500000+00:00,1.971,97.855,30.0,4.7,mw,earthquake,reviewed
2005-04-04 22:07:20.280000+00:00,0.786,97.407,30.0,4.6,mw,earthquake,reviewed
2005-04-04 22:14:11.780000+00:00,0.649,97.052,30.0,4.6,mw,earthquake,reviewed
2005-04-04 22:55:56.330000+00:00,0.805,97.455,30.0,4.5,mw,earthquake,reviewed
2005-04-05 00:42:50.170000+00:00,-0.299,96.936,30.0,4.7,mw,earthquake,reviewed
2005-04-05 01:24:41.260000+00:00,-0.162,97.645,30.0,4.4,mw,earthquake,reviewed
2005-04-05 03:07:07.910000+00:00,0.408,97.976,30.0,4.5,mw,earthquake,reviewed
2005-04-05 03:39:21.660000+00:00,2.512,96.115,30.0,4.4,mw,earthquake,reviewed
2005-04-05 03:42:23.910000+00:00,2.71,95.62,30.0,4.4,mw,earthquake,reviewed
2005-04-05 04:48:36.760000+00:00,1.297,97.149,30.0,4.6,mw,earthquake,reviewed
2005-04-05 05:04:33.920000+00:00,1.122,97.317,30.0,4.3,mw,earthquake,reviewed
2005-04-05 05:36:41.780000+00:00,1.036,97.301,30.0,4.5,mw,earthquake,reviewed
2005-04-05 06:36:50.470000+00:00,1.081,97.279,30.0,4.9,mw,earthquake,reviewed
2005-04-05 06:50:08.660000+00:00,2.104,96.469,26.5,4.4,mw,earthquake,reviewed
2005-04-05 07:11:10.790000+00:00,1.525,97.06,26.6,4.5,mw,earthquake,reviewed
2005-04-05 07:12:34.830000+00:00,0.141,97.174,32.0,4.7,mw,earthquake,reviewed
2005-04-05 08:06:00.170000+00:00,0.036,96.919,30.0,4.7,mw,earthquake,reviewed
2005-04-05 08:54:54.060000+00:00,0.47,97.146,30.0,4.8,mw,earthquake,reviewed
2005-04-05 09:37:22.920000+00:00,1.895,97.011,25.6,5.1,mw,earthquake,reviewed
2005-04-05 10:10:43.430000+00:00,1.16,97.156,30.0,4.2,mw,earthquake,reviewed
2005-04-05 10:27:30.630000+00:00,3.512,96.217,30.0,4.6,mw,earthquake,reviewed
2005-04-05 11:10:29.620000+00:00,2.391,96.156,30.0,4.5,mw,earthquake,reviewed
2005-04-05 12:40:58.950000+00:00,1.581,97.052,36.1,4.5,mw,earthquake,reviewed
2005-04-05 12:52:49.710000+00:00,1.343,97.177,30.0,5.0,mw,earthquake,reviewed
2005-04-05 13:01:55.330000+00:00,2.415,96.304,30.0,4.8,mw,earthquake,reviewed
2005-04-05 13:48:31.480000+00:00,1.138,97.192,30.0,4.5,mw,earthquake,reviewed
2005-04-05 14:13:33.300000+00:00,2.304,96.139,30.0,4.3,mw,earthquake,reviewed
2005-04-05 14:20:03.060000+00:00,2.579,95.637,30.0,4.3,mw,earthquake,reviewed
2005-04-05 14:48:38.450000+00:00,0.124,96.871,30.0,4.5,mw,earthquake,reviewed
2005-04-05 15:41:12.210000+00:00,0.188,98.852,30.0,4.5,mw,earthquake,reviewed
2005-04-05 16:47:08.160000+00:00,0.059,98.694,30.0,4.7,mw,earthquake,reviewed
2005-04-05 17:10:57.830000+00:00,2.453,96.801,30.0,4.2,mw,earthquake,reviewed
2005-04-05 17:25:44.630000+00:00,4.58,97.428,30.0,4.5,mw,earthquake,reviewed
2005-04-05 17:47:28.880000+00:00,0.116,97.737,24.5,4.4,mw,earthquake,reviewed
2005-04-05 18:25:25.340000+00:00,2.048,96.704,30.0,4.2,mw,earthquake,reviewed
2005-04-05 19:15:48.320000+00:00,1.158,97.261,30.0,4.3,mw,earthquake,reviewed
2005-04-05 19:27:39.670000+00:00,2.244,96.254,30.0,4.8,mw,earthquake,reviewed
2005-04-05 20:15:29.700000+00:00,1.179,97.124,30.0,4.4,mw,earthquake,reviewed
2005-04-05 21:02:26.370000+00:00,1.136,97.28,30.0,4.5,mw,earthquake,reviewed
2005-04-05 21:03:12.290000+00:00,4.243,96.927,30.0,4.5,mw,earthquake,reviewed
2005-04-05 22:20:09.380000+00:00,1.042,97.372,30.0,4.8,mw,earthquake,reviewed
2005-04-05 23:33:02.150000+00:00,0.001,97.124,30.0,4.1,mw,earthquake,reviewed
2005-04-05 23:34:11.620000+00:00,0.462,96.351,25.6,4.8,mw,earthquake,reviewed
2005-04-06 00:49:49.190000+00:00,3.66,96.399,47.6,4.9,mw,earthquake,reviewed
2005-04-06 01:03:07.250000+00:00,-0.224,96.913,30.0,4.5,mw,earthquake,reviewed
2005-04-06 01:10:36.590000+00:00,2.05,96.488,30.0,4.5,mw,earthquake,reviewed
2005-04-06 02:04:26.730000+00:00,1.317,97.149,25.3,4.9,mw,earthquake,reviewed
2005-04-06 02:21:13.160000+00:00,1.305,97.253,24.6,4.5,mw,earthquake,reviewed
2005-04-06 04:45:30.110000+00:00,0.922,97.445,30.0,4.4,mw,earthquake,reviewed
2005-04-06 05:15:02.320000+00:00,1.056,97.18,23.1,4.8,mw,earthquake,reviewed
2005-04-06 05:26:23.110000+00:00,1.917,96.646,30.0,4.4,mw,earthquake,reviewed
2005-04-06 07:41:04.920000+00:00,2.228,96.286,30.0,4.5,mw,earthquake,reviewed
2005-04-06 07:44:12.440000+00:00,1.377,97.114,26.4,4.8,mw,earthquake,reviewed
2005-04-06 08:36:37.470000+00:00,0.339,97.914,30.0,4.6,mw,earthquake,reviewed
2005-04-06 08:44:20.110000+00:00,1.093,97.024,30.0,5.2,mw,earthquake,reviewed
2005-04-06 08:57:13.310000+00:00,0.94,97.685,30.0,4.6,mw,earthquake,reviewed
2005-04-06 10:11:31.650000+00:00,2.186,96.331,26.6,4.9,mw,earthquake,reviewed
2005-04-06 11:20:09+00:00,-3.984,102.415,67.7,5.6,mw,earthquake,reviewed
2005-04-06 12:02:27.670000+00:00,2.871,96.29,27.1,4.7,mw,earthquake,reviewed
2005-04-06 18:09:16+00:00,2.08,96.515,30.0,4.3,mw,earthquake,reviewed
2005-04-06 19:46:18.800000+00:00,0.684,96.412,30.0,4.3,mw,earthquake,reviewed
2005-04-06 21:46:21.700000+00:00,0.851,97.506,30.0,4.5,mw,earthquake,reviewed
2005-04-06 22:09:35.060000+00:00,-2.642,99.75,31.6,4.7,mw,earthquake,reviewed
2005-04-06 23:19:42.670000+00:00,2.067,96.769,31.7,4.9,mw,earthquake,reviewed
2005-04-07 02:14:11.990000+00:00,1.058,98.255,28.8,4.5,mw,earthquake,reviewed
2005-04-07 02:18:02.360000+00:00,0.292,97.739,30.0,4.4,mw,earthquake,reviewed
2005-04-07 02:21:24.950000+00:00,1.198,97.239,24.2,5.0,mw,earthquake,reviewed
2005-04-07 02:55:14.370000+00:00,0.781,96.996,30.0,4.8,mw,earthquake,reviewed
2005-04-07 03:03:06.440000+00:00,0.977,97.158,25.6,4.8,mw,earthquake,reviewed
2005-04-07 03:20:40.030000+00:00,4.864,95.973,30.0,4.6,mw,earthquake,reviewed
2005-04-07 03:21:27.800000+00:00,1.963,96.727,29.0,4.9,mw,earthquake,reviewed
2005-04-07 04:12:09.050000+00:00,1.336,97.154,30.0,4.7,mw,earthquake,reviewed
2005-04-07 04:22:03.140000+00:00,2.564,96.322,30.0,4.6,mw,earthquake,reviewed
2005-04-07 05:46:43.810000+00:00,1.24,97.263,23.0,4.9,mw,earthquake,reviewed
2005-04-07 06:54:21.040000+00:00,0.45,96.438,31.9,4.9,mw,earthquake,reviewed
2005-04-07 09:04:38.410000+00:00,0.213,98.831,30.0,4.6,mw,earthquake,reviewed
2005-04-07 11:46:04.960000+00:00,0.607,97.424,26.4,5.6,mw,earthquake,reviewed
2005-04-07 11:50:27.410000+00:00,0.56,97.437,30.0,5.2,mw,earthquake,reviewed
2005-04-07 11:55:44.010000+00:00,0.541,97.53,30.0,4.8,mw,earthquake,reviewed
2005-04-07 13:59:25.660000+00:00,1.189,97.011,30.0,4.6,mw,earthquake,reviewed
2005-04-07 15:23:59.120000+00:00,1.351,97.164,24.3,5.0,mw,earthquake,reviewed
2005-04-07 16:29:44.260000+00:00,2.951,96.672,30.0,4.9,mw,earthquake,reviewed
2005-04-07 16:34:55.840000+00:00,1.182,97.189,30.0,4.2,mw,earthquake,reviewed
2005-04-07 16:40:53.560000+00:00,1.313,97.197,23.3,4.9,mw,earthquake,reviewed
2005-04-07 17:36:34.130000+00:00,0.906,97.474,30.0,4.5,mw,earthquake,reviewed
2005-04-07 19:11:39.490000+00:00,1.476,96.95,30.0,4.3,mw,earthquake,reviewed
2005-04-07 19:29:13.780000+00:00,1.171,97.27,30.0,4.2,mw,earthquake,reviewed
2005-04-07 21:02:44.550000+00:00,2.295,96.318,30.0,4.5,mw,earthquake,reviewed
2005-04-07 22:48:39.730000+00:00,-1.565,99.42,17.3,5.3,mw,earthquake,reviewed
2005-04-07 22:50:02.760000+00:00,-1.653,99.448,20.0,5.1,mw,earthquake,reviewed
2005-04-07 22:58:17.330000+00:00,-1.566,99.569,30.0,4.4,mw,earthquake,reviewed
2005-04-08 00:26:18.230000+00:00,0.784,97.293,30.0,4.7,mw,earthquake,reviewed
2005-04-08 00:53:24.640000+00:00,-1.665,99.422,30.0,4.6,mw,earthquake,reviewed
2005-04-08 01:11:42+00:00,0.987,97.275,30.0,4.1,mw,earthquake,reviewed
2005-04-08 01:34:25.110000+00:00,0.794,97.342,30.0,4.4,mw,earthquake,reviewed
2005-04-08 01:44:19.370000+00:00,0.45,96.625,30.0,4.2,mw,earthquake,reviewed
2005-04-08 01:49:17.670000+00:00,-1.496,99.747,30.0,4.2,mw,earthquake,reviewed
2005-04-08 01:51:38.700000+00:00,0.679,97.38,30.0,5.7,mw,earthquake,reviewed
2005-04-08 02:14:47.200000+00:00,0.394,96.623,30.0,4.4,mw,earthquake,reviewed
2005-04-08 02:38:11.190000+00:00,0.007,98.578,30.0,4.3,mw,earthquake,reviewed
2005-04-08 03:07:12.430000+00:00,1.23,97.298,30.0,4.6,mw,earthquake,reviewed
2005-04-08 03:16:26.700000+00:00,1.201,97.093,30.0,4.5,mw,earthquake,reviewed
2005-04-08 03:16:52.620000+00:00,1.203,97.168,30.0,4.7,mw,earthquake,reviewed
2005-04-08 03:17:59.830000+00:00,-1.565,99.536,46.9,4.7,mw,earthquake,reviewed
2005-04-08 05:48:37.880000+00:00,-0.215,97.731,20.9,6.1,mw,earthquake,reviewed
2005-04-08 05:56:07.170000+00:00,-0.461,97.768,30.0,4.8,mw,earthquake,reviewed
2005-04-08 06:51:39.420000+00:00,-1.572,99.51,30.0,4.3,mw,earthquake,reviewed
2005-04-08 07:24:41.750000+00:00,-1.587,99.51,30.0,4.6,mw,earthquake,reviewed
2005-04-08 08:03:20.020000+00:00,1.236,97.192,30.0,4.7,mw,earthquake,reviewed
2005-04-08 10:05:25.400000+00:00,0.844,97.949,30.0,4.6,mw,earthquake,reviewed
2005-04-08 13:30:01.610000+00:00,2.369,97.389,30.0,4.6,mw,earthquake,reviewed
2005-04-08 14:35:26.470000+00:00,1.132,97.174,30.0,4.1,mw,earthquake,reviewed
2005-04-08 15:59:35.970000+00:00,2.53,95.905,30.0,4.5,mw,earthquake,reviewed
2005-04-08 17:19:58.850000+00:00,1.04,97.408,30.0,4.4,mw,earthquake,reviewed
2005-04-08 18:05:40.610000+00:00,1.126,97.182,30.0,4.2,mw,earthquake,reviewed
2005-04-08 18:40:54.240000+00:00,2.08,96.701,30.0,4.8,mw,earthquake,reviewed
2005-04-08 19:39:57.900000+00:00,0.727,97.346,24.7,4.7,mw,earthquake,reviewed
2005-04-08 21:21:20.200000+00:00,0.792,97.899,30.0,4.4,mw,earthquake,reviewed
2005-04-08 22:22:10.520000+00:00,0.62,98.082,29.3,4.2,mw,earthquake,reviewed
2005-04-09 00:55:04.920000+00:00,0.498,98.007,30.0,4.9,mw,earthquake,reviewed
2005-04-09 01:14:48.550000+00:00,-0.396,96.892,30.0,4.3,mw,earthquake,reviewed
2005-04-09 01:26:02.150000+00:00,0.967,97.42,30.0,4.4,mw,earthquake,reviewed
2005-04-09 01:27:53.220000+00:00,1.216,97.288,30.0,4.2,mw,earthquake,reviewed
2005-04-09 01:35:10.590000+00:00,0.488,96.641,30.0,4.9,mw,earthquake,reviewed
2005-04-09 02:07:20.860000+00:00,1.341,97.145,30.0,5.0,mw,earthquake,reviewed
2005-04-09 02:43:35.330000+00:00,2.332,96.97,30.0,4.4,mw,earthquake,reviewed
2005-04-09 02:58:42.650000+00:00,-5.914,105.584,35.0,4.2,mw,earthquake,reviewed
2005-04-09 03:41:34.680000+00:00,1.399,97.156,30.0,5.2,mw,earthquake,reviewed
2005-04-09 03:58:07.020000+00:00,1.778,96.938,30.0,4.1,mw,earthquake,reviewed
2005-04-09 04:30:20.800000+00:00,1.385,97.191,30.0,4.8,mw,earthquake,reviewed
2005-04-09 06:44:08.930000+00:00,1.774,97.902,30.0,4.6,mw,earthquake,reviewed
2005-04-09 08:40:56.980000+00:00,1.419,97.357,30.0,4.7,mw,earthquake,reviewed
2005-04-09 08:54:24.240000+00:00,0.045,98.024,30.0,4.7,mw,earthquake,reviewed
2005-04-09 09:12:02.470000+00:00,1.115,97.124,21.7,4.5,mw,earthquake,reviewed
2005-04-09 10:49:11.550000+00:00,0.969,97.246,22.5,4.8,mw,earthquake,reviewed
2005-04-09 12:44:29.140000+00:00,0.014,97.697,23.9,5.0,mw,earthquake,reviewed
2005-04-09 12:52:35.050000+00:00,0.062,97.714,24.2,4.4,mw,earthquake,reviewed
2005-04-09 13:01:57.010000+00:00,1.146,97.208,24.1,5.0,mw,earthquake,reviewed
2005-04-09 13:10:09.520000+00:00,0.937,97.853,42.5,4.8,mw,earthquake,reviewed
2005-04-09 13:51:22.530000+00:00,0.964,97.247,30.0,4.3,mw,earthquake,reviewed
2005-04-09 14:07:44.480000+00:00,1.488,97.036,30.0,4.2,mw,earthquake,reviewed
2005-04-09 14:35:26.900000+00:00,2.486,96.07,30.0,4.1,mw,earthquake,reviewed
2005-04-09 17:47:15.580000+00:00,-0.622,98.704,30.0,4.5,mw,earthquake,reviewed
2005-04-09 18:14:45.830000+00:00,2.277,98.935,30.0,4.7,mw,earthquake,reviewed
2005-04-09 19:03:28.810000+00:00,1.1,97.269,22.6,4.8,mw,earthquake,reviewed
2005-04-09 19:18:57.060000+00:00,-0.468,98.799,30.0,4.3,mw,earthquake,reviewed
2005-04-09 23:54:49.120000+00:00,3.714,95.595,30.0,4.5,mw,earthquake,reviewed
2005-04-10 00:55:18.400000+00:00,1.178,97.148,22.7,4.8,mw,earthquake,reviewed
2005-04-10 01:09:11.340000+00:00,1.594,97.587,30.0,4.5,mw,earthquake,reviewed
2005-04-10 01:31:06.490000+00:00,-0.366,96.865,29.8,4.9,mw,earthquake,reviewed
2005-04-10 03:09:28.240000+00:00,2.248,96.239,37.4,4.3,mw,earthquake,reviewed
2005-04-10 03:28:55.490000+00:00,0.412,98.143,43.3,4.6,mw,earthquake,reviewed
2005-04-10 04:01:58.020000+00:00,-0.364,97.012,30.0,4.5,mw,earthquake,reviewed
2005-04-10 04:11:13.270000+00:00,-0.494,97.038,30.0,4.2,mw,earthquake,reviewed
2005-04-10 04:12:08.950000+00:00,1.289,97.067,20.7,4.8,mw,earthquake,reviewed
2005-04-10 06:12:55.350000+00:00,0.977,97.371,30.0,4.5,mw,earthquake,reviewed
2005-04-10 06:52:57.980000+00:00,0.107,97.769,30.0,4.4,mw,earthquake,reviewed
2005-04-10 07:58:35.610000+00:00,-1.579,99.537,19.8,4.9,mw,earthquake,reviewed
2005-04-10 08:54:38.050000+00:00,-0.318,96.924,30.0,4.2,mw,earthquake,reviewed
2005-04-10 09:51:01.500000+00:00,1.38,97.108,26.2,5.1,mw,earthquake,reviewed
2005-04-10 10:01:40.760000+00:00,1.104,97.205,23.0,4.4,mw,earthquake,reviewed
2005-04-10 10:02:34.970000+00:00,1.153,97.302,30.0,4.5,mw,earthquake,reviewed
2005-04-10 10:19:35.940000+00:00,1.058,97.27,30.0,4.1,mw,earthquake,reviewed
2005-04-10 10:29:11.280000+00:00,-1.644,99.607,19.0,6.7,mw,earthquake,reviewed
2005-04-10 10:35:16.780000+00:00,-1.609,99.583,30.0,5.4,mw,earthquake,reviewed
2005-04-10 10:43:31.680000+00:00,-1.593,99.667,20.2,4.8,mw,earthquake,reviewed
2005-04-10 10:45:49.410000+00:00,-1.606,99.618,30.0,5.8,mw,earthquake,reviewed
2005-04-10 10:49:59.890000+00:00,-1.459,99.256,30.0,5.1,mw,earthquake,reviewed
2005-04-10 10:55:07.970000+00:00,-1.679,99.782,27.1,5.3,mw,earthquake,reviewed
2005-04-10 10:58:07.310000+00:00,-1.638,99.777,30.0,4.8,mw,earthquake,reviewed
2005-04-10 11:01:46.340000+00:00,-1.589,99.695,30.0,4.5,mw,earthquake,reviewed
2005-04-10 11:12:26.940000+00:00,-1.362,99.87,30.0,4.5,mw,earthquake,reviewed
2005-04-10 11:13:57.140000+00:00,-1.6,99.566,30.0,4.6,mw,earthquake,reviewed
2005-04-10 11:14:19.620000+00:00,-1.714,99.779,30.0,6.5,mw,earthquake,reviewed
2005-04-10 11:21:48.720000+00:00,-1.756,99.938,30.0,5.0,mw,earthquake,reviewed
2005-04-10 11:23:56.130000+00:00,-1.373,99.188,30.0,4.7,mw,earthquake,reviewed
2005-04-10 11:29:22.980000+00:00,-0.926,99.822,30.0,4.4,mw,earthquake,reviewed
2005-04-10 11:31:32.570000+00:00,-1.609,99.645,30.0,4.4,mw,earthquake,reviewed
2005-04-10 11:31:54.380000+00:00,-1.878,99.644,30.0,4.7,mw,earthquake,reviewed
2005-04-10 11:33:50.090000+00:00,-1.63,101.206,30.0,4.6,mw,earthquake,reviewed
2005-04-10 11:35:33.400000+00:00,-1.676,99.784,23.7,5.0,mw,earthquake,reviewed
2005-04-10 11:37:35.430000+00:00,-1.536,100.027,30.0,4.8,mw,earthquake,reviewed
2005-04-10 11:40:02.370000+00:00,-1.949,99.683,30.0,4.5,mw,earthquake,reviewed
2005-04-10 11:41:46.480000+00:00,-0.454,99.661,30.0,4.6,mw,earthquake,reviewed
2005-04-10 11:45:02.800000+00:00,-1.619,99.594,30.0,5.6,mw,earthquake,reviewed
2005-04-10 11:48:33.260000+00:00,-1.692,99.674,30.0,4.7,mw,earthquake,reviewed
2005-04-10 11:52:10.840000+00:00,-1.512,99.656,30.0,4.5,mw,earthquake,reviewed
2005-04-10 11:53:58.930000+00:00,-1.724,99.583,30.0,4.2,mw,earthquake,reviewed
2005-04-10 11:54:11.460000+00:00,-1.813,99.818,30.0,4.8,mw,earthquake,reviewed
2005-04-10 11:55:30.700000+00:00,-1.705,99.72,29.4,5.8,mw,earthquake,reviewed
2005-04-10 11:58:36.930000+00:00,-1.52,99.04,30.0,5.3,mw,earthquake,reviewed
2005-04-10 12:07:18.700000+00:00,-1.689,99.962,30.0,4.5,mw,earthquake,reviewed
2005-04-10 12:10:06.030000+00:00,-1.469,99.964,30.0,4.2,mw,earthquake,reviewed
2005-04-10 12:13:22.180000+00:00,-1.51,99.798,38.7,4.8,mw,earthquake,reviewed
2005-04-10 12:13:27.070000+00:00,-1.802,99.625,30.0,4.6,mw,earthquake,reviewed
2005-04-10 12:14:41.230000+00:00,-1.74,99.693,30.0,4.5,mw,earthquake,reviewed
2005-04-10 12:18:32.350000+00:00,-1.502,99.839,30.0,4.3,mw,earthquake,reviewed
2005-04-10 12:19:02.820000+00:00,-1.781,99.746,30.0,4.4,mw,earthquake,reviewed
2005-04-10 12:22:00.200000+00:00,-1.705,99.872,25.9,5.1,mw,earthquake,reviewed
2005-04-10 12:23:47.820000+00:00,-1.627,99.699,30.0,4.7,mw,earthquake,reviewed
2005-04-10 12:29:38.180000+00:00,-1.588,99.616,30.0,5.0,mw,earthquake,reviewed
2005-04-10 12:37:36.090000+00:00,-1.656,99.742,28.3,5.0,mw,earthquake,reviewed
2005-04-10 12:42:17.120000+00:00,-1.602,99.58,43.4,4.8,mw,earthquake,reviewed
2005-04-10 12:50:39.730000+00:00,-1.925,99.311,30.0,4.3,mw,earthquake,reviewed
2005-04-10 12:55:17.570000+00:00,-1.688,99.653,30.0,4.7,mw,earthquake,reviewed
2005-04-10 12:59:45.080000+00:00,-2.024,99.3,30.0,4.4,mw,earthquake,reviewed
2005-04-10 13:02:55.340000+00:00,-1.646,99.865,30.0,4.3,mw,earthquake,reviewed
2005-04-10 13:05:58.490000+00:00,-1.668,99.695,23.3,4.5,mw,earthquake,reviewed
2005-04-10 13:11:14.350000+00:00,-1.755,99.732,30.0,4.4,mw,earthquake,reviewed
2005-04-10 13:14:15.290000+00:00,-1.697,99.875,30.0,4.2,mw,earthquake,reviewed
2005-04-10 13:16:55.930000+00:00,-1.883,99.663,26.6,4.4,mw,earthquake,reviewed
2005-04-10 13:20:54.490000+00:00,0.03,97.956,30.0,4.6,mw,earthquake,reviewed
2005-04-10 13:22:55.610000+00:00,-1.523,99.628,29.4,4.4,mw,earthquake,reviewed
2005-04-10 13:27:40.910000+00:00,-1.675,99.656,22.9,4.6,mw,earthquake,reviewed
2005-04-10 13:29:46.260000+00:00,-2.441,99.223,32.4,4.6,mw,earthquake,reviewed
2005-04-10 13:31:14.280000+00:00,-1.755,99.849,30.2,4.8,mw,earthquake,reviewed
2005-04-10 13:39:36.880000+00:00,-1.708,99.618,30.0,4.9,mw,earthquake,reviewed
2005-04-10 13:39:47.250000+00:00,-1.63,99.641,23.5,5.6,mw,earthquake,reviewed
2005-04-10 13:40:39.440000+00:00,-1.64,99.696,21.4,5.4,mw,earthquake,reviewed
2005-04-10 13:47:25.710000+00:00,-1.702,99.605,28.7,4.6,mw,earthquake,reviewed
2005-04-10 13:50:50.310000+00:00,-1.808,99.675,23.7,4.9,mw,earthquake,reviewed
2005-04-10 13:53:23.450000+00:00,-1.646,99.811,30.0,4.4,mw,earthquake,reviewed
2005-04-10 13:54:16.340000+00:00,-1.777,99.934,32.2,5.5,mw,earthquake,reviewed
2005-04-10 13:58:32.120000+00:00,-1.577,99.632,23.7,4.7,mw,earthquake,reviewed
2005-04-10 14:19:28.400000+00:00,-1.645,99.702,30.0,4.3,mw,earthquake,reviewed
2005-04-10 14:20:37.150000+00:00,-1.742,99.726,20.0,4.7,mw,earthquake,reviewed
2005-04-10 14:25:39.820000+00:00,-1.621,99.638,30.0,5.3,mw,earthquake,reviewed
2005-04-10 14:33:12.090000+00:00,-1.591,99.731,30.0,4.2,mw,earthquake,reviewed
2005-04-10 14:41:29.380000+00:00,-1.698,99.568,30.0,4.4,mw,earthquake,reviewed
2005-04-10 14:42:45.250000+00:00,-2.084,99.431,30.0,4.4,mw,earthquake,reviewed
2005-04-10 14:44:23.200000+00:00,-1.69,99.718,39.2,4.6,mw,earthquake,reviewed
2005-04-10 14:47:24.250000+00:00,-1.648,99.624,30.0,5.3,mw,earthquake,reviewed
2005-04-10 14:49:49.010000+00:00,-1.612,99.737,30.0,4.6,mw,earthquake,reviewed
2005-04-10 14:54:14.940000+00:00,-1.865,99.416,30.0,4.3,mw,earthquake,reviewed
2005-04-10 15:08:47.150000+00:00,-1.784,99.913,31.7,4.4,mw,earthquake,reviewed
2005-04-10 15:18:01.610000+00:00,-1.651,99.911,30.0,4.5,mw,earthquake,reviewed
2005-04-10 15:25:00.040000+00:00,0.838,97.396,36.0,4.8,mw,earthquake,reviewed
2005-04-10 15:27:19+00:00,-1.722,99.61,27.2,4.9,mw,earthquake,reviewed
2005-04-10 15:28:24.190000+00:00,-1.707,99.649,30.0,4.6,mw,earthquake,reviewed
2005-04-10 15:30:26.570000+00:00,-1.721,99.758,30.0,4.5,mw,earthquake,reviewed
2005-04-10 15:35:42.560000+00:00,-1.462,99.886,30.0,4.3,mw,earthquake,reviewed
2005-04-10 15:41:27.420000+00:00,-1.65,99.616,30.0,4.9,mw,earthquake,reviewed
2005-04-10 15:44:06.570000+00:00,-1.715,99.47,30.0,4.3,mw,earthquake,reviewed
2005-04-10 15:44:16.250000+00:00,-1.826,99.775,27.7,5.2,mw,earthquake,reviewed
2005-04-10 16:05:30.160000+00:00,1.297,97.164,24.1,4.8,mw,earthquake,reviewed
2005-04-10 16:27:12.360000+00:00,1.093,97.237,16.7,4.3,mw,earthquake,reviewed
2005-04-10 16:29:56.330000+00:00,-1.745,99.689,25.0,4.5,mw,earthquake,reviewed
2005-04-10 16:36:27.500000+00:00,-1.751,99.927,30.0,4.5,mw,earthquake,reviewed
2005-04-10 16:40:41.320000+00:00,1.798,96.925,25.5,4.7,mw,earthquake,reviewed
2005-04-10 16:43:50.620000+00:00,-1.54,99.653,34.2,4.3,mw,earthquake,reviewed
2005-04-10 16:48:10.540000+00:00,-1.612,99.678,18.4,5.0,mw,earthquake,reviewed
2005-04-10 16:51:32.250000+00:00,1.665,97.023,27.4,4.7,mw,earthquake,reviewed
2005-04-10 16:56:05.540000+00:00,-1.726,99.913,32.1,4.9,mw,earthquake,reviewed
2005-04-10 17:06:48.780000+00:00,-1.786,99.554,46.6,4.3,mw,earthquake,reviewed
2005-04-10 17:08:58.270000+00:00,-1.194,101.836,30.0,4.5,mw,earthquake,reviewed
2005-04-10 17:11:53.370000+00:00,-1.786,100.05,30.0,4.3,mw,earthquake,reviewed
2005-04-10 17:21:53.150000+00:00,-1.763,99.932,31.1,4.7,mw,earthquake,reviewed
2005-04-10 17:24:39.400000+00:00,-1.591,99.717,30.0,6.4,mw,earthquake,reviewed
2005-04-10 17:39:22.030000+00:00,-1.833,99.643,33.9,4.9,mw,earthquake,reviewed
2005-04-10 17:40:17.960000+00:00,-1.653,99.77,30.0,4.8,mw,earthquake,reviewed
2005-04-10 17:41:44.320000+00:00,-1.574,99.733,30.0,4.7,mw,earthquake,reviewed
2005-04-10 17:42:42.280000+00:00,-1.797,99.773,32.4,4.8,mw,earthquake,reviewed
2005-04-10 17:44:00.960000+00:00,-1.931,99.399,30.0,4.9,mw,earthquake,reviewed
2005-04-10 17:44:52+00:00,-1.604,99.808,37.6,4.9,mw,earthquake,reviewed
2005-04-10 17:53:42.130000+00:00,-1.735,99.89,30.0,4.3,mw,earthquake,reviewed
2005-04-10 17:57:08.020000+00:00,-1.64,99.763,44.4,4.5,mw,earthquake,reviewed
2005-04-10 17:57:49.040000+00:00,-1.542,99.972,30.0,4.7,mw,earthquake,reviewed
2005-04-10 18:11:35.790000+00:00,-1.797,99.698,28.5,4.3,mw,earthquake,reviewed
2005-04-10 18:18:11.870000+00:00,-1.496,100.172,30.0,4.2,mw,earthquake,reviewed
2005-04-10 18:20:18.210000+00:00,-1.559,99.991,30.0,4.4,mw,earthquake,reviewed
2005-04-10 18:23:11.240000+00:00,-1.609,99.76,30.0,4.3,mw,earthquake,reviewed
2005-04-10 18:40:04.440000+00:00,-1.628,99.698,30.0,4.1,mw,earthquake,reviewed
2005-04-10 18:44:10.070000+00:00,-1.544,99.925,30.0,4.1,mw,earthquake,reviewed
2005-04-10 18:44:18.170000+00:00,-1.737,99.916,29.6,5.0,mw,earthquake,reviewed
2005-04-10 18:47:00.950000+00:00,-1.405,99.959,32.9,4.5,mw,earthquake,reviewed
2005-04-10 19:13:26.410000+00:00,-1.587,99.842,30.0,4.1,mw,earthquake,reviewed
2005-04-10 19:14:50.800000+00:00,-1.7,99.803,23.5,5.0,mw,earthquake,reviewed
2005-04-10 19:18:17.330000+00:00,-1.703,99.681,33.7,4.4,mw,earthquake,reviewed
2005-04-10 19:19:16.880000+00:00,-1.641,99.798,28.5,5.0,mw,earthquake,reviewed
2005-04-10 19:35:59.780000+00:00,-1.922,99.479,30.0,4.1,mw,earthquake,reviewed
2005-04-10 19:39:16.520000+00:00,-1.601,99.767,30.0,4.3,mw,earthquake,reviewed
2005-04-10 19:41:34.870000+00:00,-1.775,99.652,31.0,4.3,mw,earthquake,reviewed
2005-04-10 19:43:04.380000+00:00,-1.872,99.327,19.8,4.4,mw,earthquake,reviewed
2005-04-10 19:44:42.500000+00:00,-1.545,99.149,30.0,4.3,mw,earthquake,reviewed
2005-04-10 19:56:46.850000+00:00,-1.655,99.638,20.5,5.0,mw,earthquake,reviewed
2005-04-10 20:07:33.050000+00:00,-1.745,99.793,30.0,4.9,mw,earthquake,reviewed
2005-04-10 20:25:53.130000+00:00,-1.763,99.696,30.0,4.2,mw,earthquake,reviewed
2005-04-10 20:26:35.180000+00:00,-1.663,99.738,28.8,4.6,mw,earthquake,reviewed
2005-04-10 20:36:11.140000+00:00,-1.539,99.555,27.7,4.9,mw,earthquake,reviewed
2005-04-10 20:49:28.280000+00:00,-1.486,100.309,31.8,4.1,mw,earthquake,reviewed
2005-04-10 20:55:01.930000+00:00,-1.532,99.603,28.9,4.4,mw,earthquake,reviewed
2005-04-10 21:06:06.390000+00:00,-1.469,99.935,30.0,4.4,mw,earthquake,reviewed
2005-04-10 21:36:14.370000+00:00,1.902,96.638,30.0,4.1,mw,earthquake,reviewed
2005-04-10 21:38:19.140000+00:00,-1.831,99.613,30.0,4.3,mw,earthquake,reviewed
2005-04-10 21:49:29.220000+00:00,-1.571,99.65,30.0,4.6,mw,earthquake,reviewed
2005-04-10 22:06:51.260000+00:00,-1.734,99.667,30.0,4.4,mw,earthquake,reviewed
2005-04-10 22:15:20.280000+00:00,-1.733,99.775,46.3,4.5,mw,earthquake,reviewed
2005-04-10 22:15:26.490000+00:00,-1.814,99.672,30.0,4.6,mw,earthquake,reviewed
2005-04-10 22:37:59.600000+00:00,2.794,96.388,30.0,4.2,mw,earthquake,reviewed
2005-04-10 22:48:35.350000+00:00,-0.394,96.888,30.0,5.1,mw,earthquake,reviewed
2005-04-10 22:59:03.490000+00:00,-1.455,99.208,30.0,4.6,mw,earthquake,reviewed
2005-04-10 23:00:30.050000+00:00,-0.796,98.375,30.0,4.3,mw,earthquake,reviewed
2005-04-10 23:11:50.470000+00:00,-1.65,99.678,30.0,4.2,mw,earthquake,reviewed
2005-04-10 23:27:34.460000+00:00,-1.524,99.83,30.0,4.5,mw,earthquake,reviewed
2005-04-10 23:28:20.010000+00:00,-1.549,99.92,30.0,4.7,mw,earthquake,reviewed
2005-04-10 23:55:03.900000+00:00,-1.722,99.659,30.0,4.2,mw,earthquake,reviewed
2005-04-11 00:14:42.510000+00:00,-1.647,99.636,30.0,4.7,mw,earthquake,reviewed
2005-04-11 00:27:34.800000+00:00,-1.58,99.597,30.0,4.5,mw,earthquake,reviewed
2005-04-11 00:39:15.380000+00:00,-1.713,99.92,30.0,4.6,mw,earthquake,reviewed
2005-04-11 00:46:53.560000+00:00,-1.887,99.556,30.0,4.1,mw,earthquake,reviewed
2005-04-11 01:09:28.460000+00:00,-1.752,99.595,33.4,4.6,mw,earthquake,reviewed
2005-04-11 01:25:28.490000+00:00,-1.562,99.64,30.0,4.3,mw,earthquake,reviewed
2005-04-11 01:46:48.650000+00:00,-1.753,99.495,30.0,4.4,mw,earthquake,reviewed
2005-04-11 01:48:31.540000+00:00,-1.802,99.706,30.0,4.5,mw,earthquake,reviewed
2005-04-11 01:49:46.590000+00:00,-1.748,99.491,30.0,4.3,mw,earthquake,reviewed
2005-04-11 02:17:07.500000+00:00,-1.615,99.876,30.0,4.8,mw,earthquake,reviewed
2005-04-11 02:19:18.290000+00:00,-1.691,99.661,37.6,4.9,mw,earthquake,reviewed
2005-04-11 03:12:14.880000+00:00,-1.644,99.625,30.0,4.3,mw,earthquake,reviewed
2005-04-11 03:23:47.680000+00:00,-1.61,99.78,30.0,4.3,mw,earthquake,reviewed
2005-04-11 03:33:21.480000+00:00,0.767,97.512,30.0,4.4,mw,earthquake,reviewed
2005-04-11 03:57:34.740000+00:00,-1.76,99.519,30.0,4.5,mw,earthquake,reviewed
2005-04-11 04:29:12.240000+00:00,-1.968,99.412,30.0,4.2,mw,earthquake,reviewed
2005-04-11 04:36:25.860000+00:00,-1.646,99.613,37.9,4.7,mw,earthquake,reviewed
2005-04-11 05:36:02.960000+00:00,2.558,95.965,30.0,4.6,mw,earthquake,reviewed
2005-04-11 05:37:46.220000+00:00,-1.754,99.657,30.0,4.7,mw,earthquake,reviewed
2005-04-11 06:06:16.050000+00:00,-1.817,99.768,30.0,4.8,mw,earthquake,reviewed
2005-04-11 06:11:11.820000+00:00,2.169,96.759,24.0,6.1,mw,earthquake,reviewed
2005-04-11 08:19:03.790000+00:00,1.546,96.888,25.0,4.3,mw,earthquake,reviewed
2005-04-11 08:57:58.830000+00:00,-1.813,99.868,30.0,4.4,mw,earthquake,reviewed
2005-04-11 09:00:50+00:00,-2.207,99.346,30.0,4.6,mw,earthquake,reviewed
2005-04-11 09:04:30.610000+00:00,2.075,96.829,26.6,5.5,mw,earthquake,reviewed
2005-04-11 09:15:00.010000+00:00,2.263,96.242,30.0,4.7,mw,earthquake,reviewed
2005-04-11 09:20:16+00:00,-1.447,99.745,25.3,4.2,mw,earthquake,reviewed
2005-04-11 09:26:49.660000+00:00,1.014,97.487,33.3,5.1,mw,earthquake,reviewed
2005-04-11 09:37:12.100000+00:00,-1.378,99.985,30.0,4.3,mw,earthquake,reviewed
2005-04-11 09:53:36.680000+00:00,2.104,96.847,28.4,5.0,mw,earthquake,reviewed
2005-04-11 10:46:25.930000+00:00,2.136,96.497,26.1,4.6,mw,earthquake,reviewed
2005-04-11 10:48:32.050000+00:00,0.912,97.704,30.0,4.3,mw,earthquake,reviewed
2005-04-11 11:07:24.700000+00:00,-1.853,99.727,29.1,4.6,mw,earthquake,reviewed
2005-04-11 11:09:05.970000+00:00,-1.675,99.795,30.0,4.7,mw,earthquake,reviewed
2005-04-11 11:27:30.700000+00:00,0.986,97.422,30.0,4.3,mw,earthquake,reviewed
2005-04-11 11:42:35.560000+00:00,1.713,99.072,30.0,4.6,mw,earthquake,reviewed
2005-04-11 12:03:47.590000+00:00,-1.632,100.079,30.2,4.4,mw,earthquake,reviewed
2005-04-11 12:24:30.230000+00:00,-1.829,99.863,26.0,4.8,mw,earthquake,reviewed
2005-04-11 12:52:48.310000+00:00,-2.181,99.299,30.0,4.5,mw,earthquake,reviewed
2005-04-11 12:58:43.830000+00:00,0.719,97.599,30.0,4.3,mw,earthquake,reviewed
2005-04-11 13:39:58.910000+00:00,2.356,97.135,30.0,4.8,mw,earthquake,reviewed
2005-04-11 13:45:22.750000+00:00,-1.74,99.695,30.0,4.4,mw,earthquake,reviewed
2005-04-11 15:18:36.570000+00:00,-1.639,99.688,30.0,4.6,mw,earthquake,reviewed
2005-04-11 15:25:30+00:00,-1.713,99.943,30.0,4.3,mw,earthquake,reviewed
2005-04-11 16:32:27.180000+00:00,1.25,97.31,30.0,4.6,mw,earthquake,reviewed
2005-04-11 16:51:32.010000+00:00,-1.825,99.633,20.9,4.8,mw,earthquake,reviewed
2005-04-11 17:05:19.560000+00:00,1.929,96.477,27.6,4.1,mw,earthquake,reviewed
2005-04-11 17:36:26.380000+00:00,-1.743,99.472,30.0,4.3,mw,earthquake,reviewed
2005-04-11 17:41:57.030000+00:00,2.325,96.111,30.0,4.4,mw,earthquake,reviewed
2005-04-11 17:42:27.780000+00:00,1.045,97.276,22.8,5.1,mw,earthquake,reviewed
2005-04-11 18:19:14.340000+00:00,-1.688,99.856,23.9,5.1,mw,earthquake,reviewed
2005-04-11 18:51:56.440000+00:00,-1.705,99.74,30.0,5.5,mw,earthquake,reviewed
2005-04-11 19:07:29.220000+00:00,1.438,96.968,25.0,4.6,mw,earthquake,reviewed
2005-04-11 19:11:26.050000+00:00,-1.715,99.887,32.2,4.9,mw,earthquake,reviewed
2005-04-11 19:18:03.090000+00:00,-1.623,99.78,30.0,4.3,mw,earthquake,reviewed
2005-04-11 19:26:50.980000+00:00,-1.681,99.619,30.0,4.3,mw,earthquake,reviewed
2005-04-11 19:37:14.460000+00:00,-1.954,99.276,30.0,4.1,mw,earthquake,reviewed
2005-04-11 20:31:04.740000+00:00,-1.679,99.744,30.0,4.5,mw,earthquake,reviewed
2005-04-11 20:54:13.010000+00:00,-1.037,100.865,30.0,4.5,mw,earthquake,reviewed
2005-04-11 21:03:34.890000+00:00,2.458,96.256,30.0,4.7,mw,earthquake,reviewed
2005-04-11 21:46:06.810000+00:00,-1.678,99.813,30.0,4.7,mw,earthquake,reviewed
2005-04-11 22:20:53.900000+00:00,-1.728,99.64,32.9,4.1,mw,earthquake,reviewed
2005-04-11 22:29:25.540000+00:00,-1.549,99.722,30.0,4.4,mw,earthquake,reviewed
2005-04-11 23:33:11.220000+00:00,-1.72,99.73,30.0,4.3,mw,earthquake,reviewed
2005-04-11 23:37:09.800000+00:00,-1.683,99.671,30.0,4.4,mw,earthquake,reviewed
2005-04-11 23:50:42.680000+00:00,1.604,96.743,30.0,4.6,mw,earthquake,reviewed
2005-04-11 23:51:33.100000+00:00,-1.627,99.716,30.0,4.6,mw,earthquake,reviewed
2005-04-12 00:20:57.480000+00:00,1.497,97.028,28.5,4.5,mw,earthquake,reviewed
2005-04-12 01:00:26.580000+00:00,-1.733,99.728,28.8,4.9,mw,earthquake,reviewed
2005-04-12 01:24:52.840000+00:00,-1.656,99.639,30.0,5.1,mw,earthquake,reviewed
2005-04-12 01:27:49.150000+00:00,-1.742,99.687,29.2,4.9,mw,earthquake,reviewed
2005-04-12 01:41:17.370000+00:00,-1.651,99.69,30.0,4.4,mw,earthquake,reviewed
2005-04-12 01:51:58.090000+00:00,-1.621,99.893,30.0,4.7,mw,earthquake,reviewed
2005-04-12 01:59:25.570000+00:00,-1.885,99.513,30.0,4.4,mw,earthquake,reviewed
2005-04-12 03:10:43.180000+00:00,-1.748,99.628,30.0,4.4,mw,earthquake,reviewed
2005-04-12 03:21:51.570000+00:00,-1.657,99.776,30.0,4.9,mw,earthquake,reviewed
2005-04-12 03:54:44.950000+00:00,-1.756,99.848,33.0,5.1,mw,earthquake,reviewed
2005-04-12 04:17:31.760000+00:00,-1.592,99.447,22.3,5.2,mw,earthquake,reviewed
2005-04-12 04:30:00.650000+00:00,-1.762,99.8,30.0,5.2,mw,earthquake,reviewed
2005-04-12 04:39:53.420000+00:00,2.299,96.703,30.0,4.6,mw,earthquake,reviewed
2005-04-12 04:52:25.350000+00:00,0.754,97.393,30.0,4.7,mw,earthquake,reviewed
2005-04-12 06:01:08.660000+00:00,1.83,97.057,26.0,4.6,mw,earthquake,reviewed
2005-04-12 06:29:38.370000+00:00,-2.083,99.232,30.0,4.5,mw,earthquake,reviewed
2005-04-12 07:50:49.720000+00:00,-1.544,99.845,30.0,4.4,mw,earthquake,reviewed
2005-04-12 08:06:24.980000+00:00,0.244,97.645,22.2,4.5,mw,earthquake,reviewed
2005-04-12 08:20:39.950000+00:00,-1.717,99.664,30.0,4.6,mw,earthquake,reviewed
2005-04-12 09:28:36.620000+00:00,0.672,98.44,22.1,4.4,mw,earthquake,reviewed
2005-04-12 09:30:24.050000+00:00,1.01,97.281,21.5,5.0,mw,earthquake,reviewed
2005-04-12 09:51:45.540000+00:00,2.652,96.239,30.0,4.6,mw,earthquake,reviewed
2005-04-12 09:56:39.270000+00:00,1.027,97.172,22.8,4.8,mw,earthquake,reviewed
2005-04-12 11:31:32.620000+00:00,-1.995,99.527,30.0,4.4,mw,earthquake,reviewed
2005-04-12 11:43:02.320000+00:00,-1.79,99.819,30.0,4.9,mw,earthquake,reviewed
2005-04-12 11:53:08.410000+00:00,1.195,97.149,30.0,4.8,mw,earthquake,reviewed
2005-04-12 13:54:33.790000+00:00,-1.872,99.571,30.0,4.5,mw,earthquake,reviewed
2005-04-12 17:07:07.840000+00:00,-1.848,99.872,33.7,4.3,mw,earthquake,reviewed
2005-04-12 17:23:33.300000+00:00,2.875,96.207,30.0,4.5,mw,earthquake,reviewed
2005-04-12 17:49:13.200000+00:00,-1.571,99.63,26.2,4.6,mw,earthquake,reviewed
2005-04-12 18:05:11.490000+00:00,-1.7,99.819,29.9,4.1,mw,earthquake,reviewed
2005-04-12 18:18:45.970000+00:00,-1.929,99.761,27.9,4.7,mw,earthquake,reviewed
2005-04-12 18:25:54.310000+00:00,-1.537,99.867,33.7,4.4,mw,earthquake,reviewed
2005-04-12 18:36:52.610000+00:00,-1.738,99.864,30.0,4.4,mw,earthquake,reviewed
2005-04-12 18:39:34.180000+00:00,-1.601,99.64,30.0,4.6,mw,earthquake,reviewed
2005-04-12 18:40:09.950000+00:00,-1.782,99.744,28.9,4.9,mw,earthquake,reviewed
2005-04-12 19:06:58.910000+00:00,1.256,97.215,30.0,4.3,mw,earthquake,reviewed
2005-04-12 19:21:48.990000+00:00,-1.715,99.699,24.5,4.5,mw,earthquake,reviewed
2005-04-12 20:34:44.500000+00:00,-1.565,99.636,30.0,4.5,mw,earthquake,reviewed
2005-04-12 22:39:42.680000+00:00,1.191,97.343,30.0,4.4,mw,earthquake,reviewed
2005-04-12 22:55:43.570000+00:00,-0.283,96.987,30.0,4.3,mw,earthquake,reviewed
2005-04-12 23:43:17.400000+00:00,2.109,96.355,30.0,4.4,mw,earthquake,reviewed
2005-04-13 01:20:36.730000+00:00,-1.639,100.12,30.0,4.7,mw,earthquake,reviewed
2005-04-13 01:30:02.800000+00:00,-1.505,99.693,30.0,4.6,mw,earthquake,reviewed
2005-04-13 02:08:25.200000+00:00,-1.741,99.826,43.2,4.8,mw,earthquake,reviewed
2005-04-13 02:32:13.230000+00:00,-1.71,99.592,30.0,4.7,mw,earthquake,reviewed
2005-04-13 02:59:34.650000+00:00,-1.713,99.851,30.7,5.2,mw,earthquake,reviewed
2005-04-13 08:18:54.450000+00:00,-0.516,98.828,46.9,4.7,mw,earthquake,reviewed
2005-04-13 08:24:50.560000+00:00,0.725,97.448,25.6,4.7,mw,earthquake,reviewed
2005-04-13 09:05:50.770000+00:00,-1.648,99.413,30.0,4.5,mw,earthquake,reviewed
2005-04-13 09:20:04.320000+00:00,-1.789,99.572,30.0,4.3,mw,earthquake,reviewed
2005-04-13 12:58:25.720000+00:00,-1.722,99.604,37.2,4.6,mw,earthquake,reviewed
2005-04-13 14:14:14.960000+00:00,-0.322,96.925,30.0,4.5,mw,earthquake,reviewed
2005-04-13 15:06:06.800000+00:00,-1.794,99.762,30.0,4.6,mw,earthquake,reviewed
2005-04-13 16:29:46.170000+00:00,-0.675,98.545,30.0,4.3,mw,earthquake,reviewed
2005-04-13 17:29:34.610000+00:00,-1.712,99.875,31.8,5.0,mw,earthquake,reviewed
2005-04-13 18:09:22.820000+00:00,1.039,97.275,30.0,4.5,mw,earthquake,reviewed
2005-04-13 18:36:03.200000+00:00,-1.595,99.747,30.0,4.5,mw,earthquake,reviewed
2005-04-13 21:21:10.200000+00:00,1.074,98.151,30.0,4.4,mw,earthquake,reviewed
2005-04-13 21:33:57.890000+00:00,-1.685,99.964,29.2,4.8,mw,earthquake,reviewed
2005-04-13 22:01:52.660000+00:00,-0.612,97.227,30.0,4.1,mw,earthquake,reviewed
2005-04-14 00:04:52.170000+00:00,2.761,96.445,30.0,4.2,mw,earthquake,reviewed
2005-04-14 02:52:56.750000+00:00,4.074,95.775,52.6,4.4,mw,earthquake,reviewed
2005-04-14 05:23:36.180000+00:00,-1.758,99.78,30.0,4.5,mw,earthquake,reviewed
2005-04-14 08:32:41.110000+00:00,-1.477,99.788,30.0,4.6,mw,earthquake,reviewed
2005-04-14 09:40:38.450000+00:00,-1.618,99.426,30.0,4.4,mw,earthquake,reviewed
2005-04-14 11:12:42.440000+00:00,-1.745,99.654,30.0,4.7,mw,earthquake,reviewed
2005-04-14 11:29:52.550000+00:00,-1.915,99.951,33.4,5.7,mw,earthquake,reviewed
2005-04-14 11:53:51.260000+00:00,2.765,96.557,30.0,4.5,mw,earthquake,reviewed
2005-04-14 13:07:00.120000+00:00,-1.535,99.829,38.7,4.7,mw,earthquake,reviewed
2005-04-14 14:26:01.050000+00:00,-1.505,99.826,30.0,4.6,mw,earthquake,reviewed
2005-04-14 15:41:06.120000+00:00,-1.801,99.724,30.0,4.6,mw,earthquake,reviewed
2005-04-14 17:18:47.960000+00:00,1.442,97.626,30.0,5.0,mw,earthquake,reviewed
2005-04-14 17:47:57.230000+00:00,1.899,97.062,30.0,4.1,mw,earthquake,reviewed
2005-04-14 19:06:43.140000+00:00,1.994,96.677,30.0,4.1,mw,earthquake,reviewed
2005-04-14 20:04:34.760000+00:00,-1.777,99.837,30.0,4.6,mw,earthquake,reviewed
2005-04-14 21:56:30.850000+00:00,-1.525,99.785,30.0,4.4,mw,earthquake,reviewed
2005-04-15 00:20:30.960000+00:00,2.563,95.57,21.4,4.4,mw,earthquake,reviewed
2005-04-15 01:00:51.750000+00:00,1.078,97.225,30.0,4.4,mw,earthquake,reviewed
2005-04-15 02:14:39.490000+00:00,-1.753,99.756,30.0,4.7,mw,earthquake,reviewed
2005-04-15 10:02:16.610000+00:00,0.968,98.047,30.0,4.8,mw,earthquake,reviewed
2005-04-15 13:08:54.460000+00:00,2.932,96.335,26.3,5.3,mw,earthquake,reviewed
2005-04-15 13:27:34.890000+00:00,2.743,96.127,30.0,4.3,mw,earthquake,reviewed
2005-04-15 13:45:34.740000+00:00,2.673,95.988,30.0,4.1,mw,earthquake,reviewed
2005-04-15 13:59:26.950000+00:00,-1.672,99.671,30.0,4.4,mw,earthquake,reviewed
2005-04-15 14:49:46.430000+00:00,1.287,97.079,30.0,4.7,mw,earthquake,reviewed
2005-04-15 15:12:50.730000+00:00,1.765,97.111,30.0,4.8,mw,earthquake,reviewed
2005-04-15 16:39:34.760000+00:00,2.979,96.311,43.9,4.9,mw,earthquake,reviewed
2005-04-15 17:21:49.210000+00:00,2.212,96.988,30.0,4.3,mw,earthquake,reviewed
2005-04-15 18:50:24.460000+00:00,-1.688,99.622,30.0,4.4,mw,earthquake,reviewed
2005-04-15 21:32:31.260000+00:00,1.096,97.114,23.7,4.7,mw,earthquake,reviewed
2005-04-15 21:37:03.990000+00:00,2.269,96.29,30.0,4.4,mw,earthquake,reviewed
2005-04-15 21:56:14.680000+00:00,1.308,97.349,21.1,4.6,mw,earthquake,reviewed
2005-04-15 22:26:53.140000+00:00,1.291,97.254,30.0,4.7,mw,earthquake,reviewed
2005-04-15 22:27:10.670000+00:00,1.865,96.905,26.3,4.6,mw,earthquake,reviewed
2005-04-16 04:58:20.240000+00:00,1.073,97.227,30.0,4.8,mw,earthquake,reviewed
2005-04-16 05:44:01.740000+00:00,1.572,96.957,28.2,4.6,mw,earthquake,reviewed
2005-04-16 06:46:51.810000+00:00,1.216,97.191,30.0,4.7,mw,earthquake,reviewed
2005-04-16 08:43:07.820000+00:00,-1.773,99.942,29.9,5.0,mw,earthquake,reviewed
2005-04-16 09:59:04.050000+00:00,2.88,96.457,30.0,4.4,mw,earthquake,reviewed
2005-04-16 10:07:28.610000+00:00,0.86,96.912,30.0,4.4,mw,earthquake,reviewed
2005-04-16 10:36:43.740000+00:00,1.007,97.351,30.0,4.6,mw,earthquake,reviewed
2005-04-16 11:40:40.930000+00:00,1.638,97.106,26.8,5.0,mw,earthquake,reviewed
2005-04-16 12:36:07.980000+00:00,-0.105,96.63,27.0,4.5,mw,earthquake,reviewed
2005-04-16 13:37:12.630000+00:00,-1.657,99.59,29.5,4.5,mw,earthquake,reviewed
2005-04-16 14:22:54.570000+00:00,2.296,96.149,25.6,4.7,mw,earthquake,reviewed
2005-04-16 16:38:03.900000+00:00,1.812,97.662,31.0,6.4,mw,earthquake,reviewed
2005-04-16 20:45:51.360000+00:00,2.724,96.066,30.0,4.2,mw,earthquake,reviewed
2005-04-16 22:09:14.200000+00:00,1.143,97.272,30.0,4.4,mw,earthquake,reviewed
2005-04-16 22:23:07.440000+00:00,-1.793,99.831,30.0,4.4,mw,earthquake,reviewed
2005-04-16 22:35:09.170000+00:00,-1.864,99.9,30.0,4.6,mw,earthquake,reviewed
2005-04-17 03:36:26.770000+00:00,1.152,97.175,30.0,4.1,mw,earthquake,reviewed
2005-04-17 04:21:47.990000+00:00,-1.623,99.564,37.9,4.8,mw,earthquake,reviewed
2005-04-17 04:56:03.500000+00:00,0.251,97.674,24.8,4.5,mw,earthquake,reviewed
2005-04-17 07:42:26.410000+00:00,0.991,97.2,30.0,4.5,mw,earthquake,reviewed
2005-04-17 07:48:09.490000+00:00,1.244,97.12,21.8,4.9,mw,earthquake,reviewed
2005-04-17 10:38:02.340000+00:00,1.029,97.171,20.7,4.6,mw,earthquake,reviewed
2005-04-17 11:41:25.900000+00:00,0.896,97.488,30.0,4.8,mw,earthquake,reviewed
2005-04-17 11:54:28.840000+00:00,0.867,97.36,9.3,4.5,mw,earthquake,reviewed
2005-04-17 13:20:51.160000+00:00,4.575,96.786,86.5,4.6,mw,earthquake,reviewed
2005-04-17 13:43:54.560000+00:00,0.307,97.663,25.3,5.5,mw,earthquake,reviewed
2005-04-17 14:27:41.780000+00:00,-1.722,99.73,36.3,4.3,mw,earthquake,reviewed
2005-04-17 14:44:19.410000+00:00,0.247,98.219,24.5,4.6,mw,earthquake,reviewed
2005-04-17 14:48:02.130000+00:00,1.263,97.149,23.9,4.5,mw,earthquake,reviewed
2005-04-17 17:03:14.470000+00:00,1.389,97.315,30.0,4.5,mw,earthquake,reviewed
2005-04-17 17:50:58.860000+00:00,-1.587,99.8,30.0,4.6,mw,earthquake,reviewed
2005-04-17 20:28:50.840000+00:00,-1.621,99.563,19.0,4.9,mw,earthquake,reviewed
2005-04-17 21:23:50.830000+00:00,-1.626,99.624,21.6,5.4,mw,earthquake,reviewed
2005-04-17 21:43:11.570000+00:00,-1.583,99.735,30.0,4.6,mw,earthquake,reviewed
2005-04-18 00:47:33.710000+00:00,2.22,96.263,30.0,4.6,mw,earthquake,reviewed
2005-04-18 01:02:40.290000+00:00,2.225,96.344,30.0,4.6,mw,earthquake,reviewed
2005-04-18 01:05:58.430000+00:00,2.156,96.271,30.0,4.5,mw,earthquake,reviewed
2005-04-18 01:21:19.900000+00:00,2.199,96.281,30.0,4.6,mw,earthquake,reviewed
2005-04-18 03:29:43.290000+00:00,2.787,96.292,30.0,4.5,mw,earthquake,reviewed
2005-04-18 05:01:43.140000+00:00,2.061,96.645,30.0,4.1,mw,earthquake,reviewed
2005-04-18 06:41:00.660000+00:00,1.915,97.618,30.0,4.1,mw,earthquake,reviewed
2005-04-18 08:28:17.730000+00:00,0.784,96.898,24.5,4.7,mw,earthquake,reviewed
2005-04-18 10:07:24.190000+00:00,-1.867,99.714,28.3,4.2,mw,earthquake,reviewed
2005-04-18 10:09:02.650000+00:00,0.982,97.362,30.0,4.1,mw,earthquake,reviewed
2005-04-18 10:10:08.420000+00:00,1.023,97.316,23.1,4.7,mw,earthquake,reviewed
2005-04-18 13:21:29.980000+00:00,1.144,97.101,21.8,4.4,mw,earthquake,reviewed
2005-04-18 13:25:32.120000+00:00,0.931,97.491,22.7,5.0,mw,earthquake,reviewed
2005-04-18 14:56:32.040000+00:00,2.209,96.612,30.0,4.3,mw,earthquake,reviewed
2005-04-18 17:29:20.040000+00:00,2.526,97.027,30.0,4.6,mw,earthquake,reviewed
2005-04-18 19:17:04.530000+00:00,-1.752,99.856,29.2,4.8,mw,earthquake,reviewed
2005-04-18 21:20:26.150000+00:00,0.191,97.682,30.0,4.7,mw,earthquake,reviewed
2005-04-19 03:32:32.130000+00:00,1.241,97.139,23.0,4.9,mw,earthquake,reviewed
2005-04-19 03:40:19.250000+00:00,1.19,97.097,22.3,4.8,mw,earthquake,reviewed
2005-04-19 05:32:58.400000+00:00,1.204,97.113,30.0,4.7,mw,earthquake,reviewed
2005-04-19 06:13:04.170000+00:00,0.649,97.235,30.0,4.7,mw,earthquake,reviewed
2005-04-19 09:07:56.670000+00:00,0.888,97.419,30.0,4.4,mw,earthquake,reviewed
2005-04-19 09:59:24.100000+00:00,0.982,97.398,30.0,4.4,mw,earthquake,reviewed
2005-04-19 10:11:32.040000+00:00,1.224,97.176,40.0,4.3,mw,earthquake,reviewed
2005-04-19 10:33:32.680000+00:00,1.313,97.204,30.0,4.9,mw,earthquake,reviewed
2005-04-19 10:34:00+00:00,1.214,97.144,22.6,5.1,mw,earthquake,reviewed
2005-04-19 11:08:19.130000+00:00,1.293,97.102,22.9,4.7,mw,earthquake,reviewed
2005-04-19 11:35:36.470000+00:00,-1.684,99.67,31.1,4.5,mw,earthquake,reviewed
2005-04-19 12:40:20.040000+00:00,2.175,96.268,30.0,4.3,mw,earthquake,reviewed
2005-04-19 12:56:03.250000+00:00,-1.877,99.618,30.0,4.2,mw,earthquake,reviewed
2005-04-19 15:10:15.300000+00:00,2.357,96.302,26.4,5.0,mw,earthquake,reviewed
2005-04-19 15:21:10.980000+00:00,2.211,96.376,30.0,4.6,mw,earthquake,reviewed
2005-04-19 21:08:59.850000+00:00,1.281,97.155,30.0,4.1,mw,earthquake,reviewed
2005-04-19 23:02:56.430000+00:00,1.45,96.272,30.0,4.4,mw,earthquake,reviewed
2005-04-20 00:30:33.240000+00:00,2.152,96.193,39.5,5.0,mw,earthquake,reviewed
2005-04-20 06:00:36.970000+00:00,2.261,96.545,26.4,4.8,mw,earthquake,reviewed
2005-04-20 09:26:57.720000+00:00,1.351,97.065,30.0,4.6,mw,earthquake,reviewed
2005-04-20 11:23:27.410000+00:00,-2.006,102.238,166.0,4.6,mw,earthquake,reviewed
2005-04-20 16:50:53.040000+00:00,-0.618,101.029,10.0,4.3,mw,earthquake,reviewed
2005-04-20 17:23:24.120000+00:00,1.801,97.754,30.0,4.8,mw,earthquake,reviewed
2005-04-20 19:32:22.180000+00:00,-1.716,99.756,30.0,4.5,mw,earthquake,reviewed
2005-04-20 20:42:19.520000+00:00,1.263,97.072,24.7,4.5,mw,earthquake,reviewed
2005-04-20 21:18:35.520000+00:00,1.142,97.192,30.0,4.5,mw,earthquake,reviewed
2005-04-21 00:13:53.430000+00:00,1.503,97.047,30.0,4.7,mw,earthquake,reviewed
2005-04-21 04:16:42.210000+00:00,-0.445,97.96,30.0,4.6,mw,earthquake,reviewed
2005-04-21 04:25:53.560000+00:00,1.122,97.291,30.0,4.5,mw,earthquake,reviewed
2005-04-21 05:10:39.310000+00:00,1.746,97.039,30.0,4.5,mw,earthquake,reviewed
2005-04-21 08:40:03.840000+00:00,1.355,97.076,23.7,4.8,mw,earthquake,reviewed
2005-04-21 09:49:45.790000+00:00,1.145,97.481,30.0,4.5,mw,earthquake,reviewed
2005-04-21 17:36:06.400000+00:00,0.437,98.096,30.0,4.7,mw,earthquake,reviewed
2005-04-21 17:50:51.750000+00:00,1.6,97.008,30.0,4.3,mw,earthquake,reviewed
2005-04-21 22:07:04.470000+00:00,0.799,97.381,22.5,4.3,mw,earthquake,reviewed
2005-04-21 22:15:24+00:00,1.858,96.782,27.1,4.4,mw,earthquake,reviewed
2005-04-21 23:27:19.810000+00:00,-0.455,98.266,30.0,4.2,mw,earthquake,reviewed
2005-04-22 01:23:50.590000+00:00,1.661,97.006,30.0,4.3,mw,earthquake,reviewed
2005-04-22 03:14:34.680000+00:00,1.704,97.126,29.5,5.0,mw,earthquake,reviewed
2005-04-22 03:22:30.220000+00:00,1.652,97.029,25.5,4.7,mw,earthquake,reviewed
2005-04-22 06:19:27.820000+00:00,2.705,96.093,30.0,4.3,mw,earthquake,reviewed
2005-04-22 07:30:53.770000+00:00,2.691,95.746,30.0,4.2,mw,earthquake,reviewed
2005-04-22 08:22:50.210000+00:00,1.88,96.974,30.0,4.7,mw,earthquake,reviewed
2005-04-22 08:53:37.050000+00:00,2.596,95.564,30.0,4.8,mw,earthquake,reviewed
2005-04-22 11:04:24.900000+00:00,2.459,95.803,30.0,4.3,mw,earthquake,reviewed
2005-04-22 21:45:03.650000+00:00,-1.727,99.8,30.0,4.5,mw,earthquake,reviewed
2005-04-23 03:01:31.720000+00:00,0.922,97.309,30.0,4.3,mw,earthquake,reviewed
2005-04-23 04:41:38.120000+00:00,1.925,96.633,25.5,4.2,mw,earthquake,reviewed
2005-04-23 09:07:06.510000+00:00,-0.291,96.88,27.5,4.4,mw,earthquake,reviewed
2005-04-23 10:31:44.950000+00:00,2.746,95.989,32.9,5.2,mw,earthquake,reviewed
2005-04-23 11:20:05.570000+00:00,-0.318,96.88,27.3,4.2,mw,earthquake,reviewed
2005-04-23 14:52:59.870000+00:00,-1.919,99.627,6.1,4.4,mw,earthquake,reviewed
2005-04-23 22:14:07.520000+00:00,0.217,97.831,25.2,4.3,mw,earthquake,reviewed
2005-04-24 04:05:41.880000+00:00,1.031,97.197,30.0,4.8,mw,earthquake,reviewed
2005-04-24 05:49:38.560000+00:00,-1.892,99.686,30.0,4.3,mw,earthquake,reviewed
2005-04-24 09:19:38.130000+00:00,-1.821,99.907,30.0,4.8,mw,earthquake,reviewed
2005-04-24 10:03:13+00:00,3.051,96.389,30.0,4.6,mw,earthquake,reviewed
2005-04-24 10:51:07.930000+00:00,1.504,97.063,47.2,4.2,mw,earthquake,reviewed
2005-04-24 10:59:06.250000+00:00,2.368,96.312,27.8,4.7,mw,earthquake,reviewed
2005-04-24 12:46:59.030000+00:00,3.114,96.301,30.0,4.2,mw,earthquake,reviewed
2005-04-24 13:32:13.240000+00:00,2.745,96.349,30.0,4.6,mw,earthquake,reviewed
2005-04-25 01:29:54.400000+00:00,1.078,97.249,24.4,5.1,mw,earthquake,reviewed
2005-04-25 03:10:18.650000+00:00,0.336,97.252,30.1,4.5,mw,earthquake,reviewed
2005-04-25 03:25:00.390000+00:00,0.285,97.27,16.3,4.7,mw,earthquake,reviewed
2005-04-25 03:37:55.580000+00:00,0.31,97.299,32.4,4.4,mw,earthquake,reviewed
2005-04-25 05:56:15.760000+00:00,0.886,97.354,30.0,4.5,mw,earthquake,reviewed
2005-04-25 08:11:18.510000+00:00,-1.865,100.43,30.0,5.0,mw,earthquake,reviewed
2005-04-25 08:53:48.860000+00:00,-1.786,99.761,28.3,4.3,mw,earthquake,reviewed
2005-04-25 13:58:31.680000+00:00,2.286,97.02,30.0,4.7,mw,earthquake,reviewed
2005-04-25 14:29:33.980000+00:00,0.895,97.467,30.0,4.1,mw,earthquake,reviewed
2005-04-25 18:50:01.950000+00:00,1.915,96.635,30.0,4.1,mw,earthquake,reviewed
2005-04-25 19:24:46.310000+00:00,1.205,97.164,30.0,4.2,mw,earthquake,reviewed
2005-04-25 19:46:32.860000+00:00,1.2,97.226,30.0,4.3,mw,earthquake,reviewed
2005-04-25 19:51:58.630000+00:00,1.222,97.142,30.0,4.6,mw,earthquake,reviewed
2005-04-25 20:18:20.640000+00:00,0.364,97.275,35.9,5.6,mw,earthquake,reviewed
2005-04-25 20:22:12.510000+00:00,0.305,97.307,30.0,4.8,mw,earthquake,reviewed
2005-04-25 20:47:20.520000+00:00,1.508,97.721,30.0,4.2,mw,earthquake,reviewed
2005-04-25 21:02:48.290000+00:00,0.332,97.343,34.5,4.4,mw,earthquake,reviewed
2005-04-25 21:38:20.250000+00:00,1.167,97.071,21.2,4.7,mw,earthquake,reviewed
2005-04-25 21:40:17.390000+00:00,0.395,97.287,35.6,5.2,mw,earthquake,reviewed
2005-04-25 21:41:12.240000+00:00,0.46,97.297,30.0,5.0,mw,earthquake,reviewed
2005-04-25 21:44:00.290000+00:00,1.23,99.145,30.0,4.3,mw,earthquake,reviewed
2005-04-25 21:44:27.270000+00:00,0.979,97.198,30.0,4.6,mw,earthquake,reviewed
2005-04-25 21:47:56.110000+00:00,0.424,97.341,30.0,4.2,mw,earthquake,reviewed
2005-04-25 22:01:12.620000+00:00,0.338,97.316,30.0,4.4,mw,earthquake,reviewed
2005-04-25 22:04:38.390000+00:00,0.419,97.432,30.0,4.1,mw,earthquake,reviewed
2005-04-25 22:58:04.380000+00:00,2.258,96.232,30.0,4.6,mw,earthquake,reviewed
2005-04-25 23:39:22.090000+00:00,0.276,97.422,32.1,4.2,mw,earthquake,reviewed
2005-04-26 01:20:14.860000+00:00,1.028,97.223,30.0,4.4,mw,earthquake,reviewed
2005-04-26 01:33:30.910000+00:00,-1.738,99.757,30.0,4.7,mw,earthquake,reviewed
2005-04-26 05:16:34.330000+00:00,0.382,97.268,30.0,4.4,mw,earthquake,reviewed
2005-04-26 06:03:47.480000+00:00,0.376,97.205,30.0,4.8,mw,earthquake,reviewed
2005-04-26 08:03:05.920000+00:00,0.26,97.291,30.0,4.4,mw,earthquake,reviewed
2005-04-26 15:22:34.580000+00:00,1.368,96.998,30.0,4.9,mw,earthquake,reviewed
2005-04-26 17:18:23.560000+00:00,1.357,97.173,22.4,5.2,mw,earthquake,reviewed
2005-04-27 03:03:34.040000+00:00,1.215,97.117,30.0,4.7,mw,earthquake,reviewed
2005-04-27 05:02:05.710000+00:00,1.167,97.249,30.0,4.5,mw,earthquake,reviewed
2005-04-27 06:58:46.470000+00:00,1.068,97.243,30.0,4.7,mw,earthquake,reviewed
2005-04-27 11:48:59.100000+00:00,1.376,97.057,30.0,4.6,mw,earthquake,reviewed
2005-04-27 14:48:00.380000+00:00,0.828,98.031,30.0,4.4,mw,earthquake,reviewed
2005-04-27 16:15:56.460000+00:00,0.236,97.821,30.0,4.3,mw,earthquake,reviewed
2005-04-27 23:02:05.530000+00:00,1.41,97.648,30.0,4.4,mw,earthquake,reviewed
2005-04-28 09:36:44.650000+00:00,2.419,95.853,30.0,4.9,mw,earthquake,reviewed
2005-04-28 12:54:42.260000+00:00,1.371,97.091,30.0,4.8,mw,earthquake,reviewed
2005-04-28 14:07:33.700000+00:00,2.132,96.799,22.0,6.2,mw,earthquake,reviewed
2005-04-28 14:17:02+00:00,1.965,96.733,30.0,4.9,mw,earthquake,reviewed
2005-04-28 14:20:29.740000+00:00,2.09,96.724,30.0,4.9,mw,earthquake,reviewed
2005-04-28 21:50:23.830000+00:00,2.338,97.03,30.0,4.8,mw,earthquake,reviewed
2005-04-28 22:18:31.130000+00:00,0.358,97.294,30.0,4.5,mw,earthquake,reviewed
2005-04-28 22:46:43.190000+00:00,-1.301,99.548,30.0,4.6,mw,earthquake,reviewed
2005-04-28 23:26:18.450000+00:00,1.064,97.169,30.0,4.7,mw,earthquake,reviewed
2005-04-29 01:03:16+00:00,0.265,98.621,30.0,4.6,mw,earthquake,reviewed
2005-04-29 02:23:24.040000+00:00,-1.811,99.57,30.0,4.4,mw,earthquake,reviewed
2005-04-29 02:40:04.450000+00:00,-1.35,99.505,30.0,4.6,mw,earthquake,reviewed
2005-04-29 03:15:54.540000+00:00,2.848,96.149,30.0,4.3,mw,earthquake,reviewed
2005-04-29 03:16:44.960000+00:00,1.119,97.186,21.8,4.8,mw,earthquake,reviewed
2005-04-29 08:11:14.160000+00:00,2.259,96.242,30.0,4.8,mw,earthquake,reviewed
2005-04-29 12:02:48.480000+00:00,-1.522,99.478,21.0,4.6,mw,earthquake,reviewed
2005-04-29 15:58:41.720000+00:00,-1.641,99.613,30.0,4.3,mw,earthquake,reviewed
2005-04-29 18:14:23.340000+00:00,0.832,97.354,30.0,4.2,mw,earthquake,reviewed
2005-04-29 18:40:21.840000+00:00,0.316,97.293,32.6,4.6,mw,earthquake,reviewed
2005-04-29 20:10:46.450000+00:00,1.019,97.383,30.0,4.5,mw,earthquake,reviewed
2005-04-29 20:13:34.270000+00:00,0.179,97.943,28.6,4.9,mw,earthquake,reviewed
2005-04-29 21:06:29.300000+00:00,0.114,97.831,28.1,4.3,mw,earthquake,reviewed
2005-04-30 01:50:36.930000+00:00,1.961,96.725,30.0,4.3,mw,earthquake,reviewed
2005-04-30 02:09:49.370000+00:00,0.356,97.9,30.0,4.3,mw,earthquake,reviewed
2005-04-30 02:40:19.010000+00:00,2.741,96.127,30.0,4.3,mw,earthquake,reviewed
2005-04-30 03:33:04.730000+00:00,-1.814,99.93,35.0,4.7,mw,earthquake,reviewed
2005-04-30 04:45:14.030000+00:00,1.974,96.695,30.0,4.4,mw,earthquake,reviewed
2005-04-30 10:10:28.270000+00:00,0.218,97.555,30.0,4.4,mw,earthquake,reviewed
2005-04-30 12:18:05.510000+00:00,1.076,97.194,30.0,4.5,mw,earthquake,reviewed
2005-04-30 13:17:18.960000+00:00,1.974,97.128,30.0,5.3,mw,earthquake,reviewed
2005-04-30 19:44:46.980000+00:00,2.454,95.967,30.0,4.4,mw,earthquake,reviewed
2005-05-01 00:24:42.320000+00:00,-1.548,99.469,31.8,4.1,mw,earthquake,reviewed
2005-05-01 04:36:16.660000+00:00,1.306,97.142,30.0,4.7,mw,earthquake,reviewed
2005-05-01 04:49:19.190000+00:00,-1.816,99.809,30.0,4.7,mw,earthquake,reviewed
2005-05-01 09:47:38.900000+00:00,1.906,96.986,30.0,4.6,mw,earthquake,reviewed
2005-05-01 12:00:05.430000+00:00,0.8,97.869,25.9,4.7,mw,earthquake,reviewed
2005-05-01 13:51:13.610000+00:00,-1.657,99.303,29.4,4.8,mw,earthquake,reviewed
2005-05-01 14:52:26.560000+00:00,1.446,97.268,47.1,4.4,mw,earthquake,reviewed
2005-05-01 19:15:43.140000+00:00,1.472,97.411,30.0,4.5,mw,earthquake,reviewed
2005-05-01 22:49:11.930000+00:00,-1.625,99.856,32.3,4.8,mw,earthquake,reviewed
2005-05-02 09:35:44.760000+00:00,-1.607,99.757,22.1,4.6,mw,earthquake,reviewed
2005-05-02 12:03:15.760000+00:00,1.299,97.093,24.1,4.8,mw,earthquake,reviewed
2005-05-02 14:16:26.250000+00:00,1.296,97.196,30.0,4.5,mw,earthquake,reviewed
2005-05-02 14:29:55.250000+00:00,-1.516,99.568,28.0,4.8,mw,earthquake,reviewed
2005-05-02 15:02:40.390000+00:00,1.608,96.906,28.0,4.5,mw,earthquake,reviewed
2005-05-02 16:34:08+00:00,1.041,97.494,24.6,4.9,mw,earthquake,reviewed
2005-05-02 16:57:41.160000+00:00,-0.409,98.184,30.0,4.3,mw,earthquake,reviewed
2005-05-02 17:55:19.370000+00:00,1.005,97.305,30.0,4.1,mw,earthquake,reviewed
2005-05-02 19:12:17.120000+00:00,1.002,97.641,30.0,4.3,mw,earthquake,reviewed
2005-05-03 07:29:10.300000+00:00,2.464,95.878,21.5,4.8,mw,earthquake,reviewed
2005-05-03 07:54:36.870000+00:00,-1.945,99.689,30.0,4.7,mw,earthquake,reviewed
2005-05-03 08:55:35.350000+00:00,-1.789,99.812,30.0,4.8,mw,earthquake,reviewed
2005-05-03 09:09:34.660000+00:00,-1.801,99.777,30.0,4.6,mw,earthquake,reviewed
2005-05-03 09:26:09.940000+00:00,-1.667,100.16,27.4,4.6,mw,earthquake,reviewed
2005-05-03 09:32:46.420000+00:00,-1.903,99.732,25.2,4.5,mw,earthquake,reviewed
2005-05-03 10:25:18.970000+00:00,-1.808,99.601,30.0,4.5,mw,earthquake,reviewed
2005-05-03 14:38:09.560000+00:00,1.235,97.201,30.0,4.4,mw,earthquake,reviewed
2005-05-03 15:58:14.920000+00:00,1.241,96.974,22.8,4.8,mw,earthquake,reviewed
2005-05-03 16:35:19.660000+00:00,1.258,97.214,30.0,4.2,mw,earthquake,reviewed
2005-05-03 19:19:30.500000+00:00,0.882,97.67,30.0,4.3,mw,earthquake,reviewed
2005-05-03 22:20:57.590000+00:00,1.872,97.739,30.0,4.5,mw,earthquake,reviewed
2005-05-04 00:42:03.540000+00:00,0.322,97.04,35.5,5.1,mw,earthquake,reviewed
2005-05-04 00:44:50.540000+00:00,3.047,96.382,40.2,5.1,mw,earthquake,reviewed
2005-05-04 02:03:04.820000+00:00,1.965,96.705,30.0,4.5,mw,earthquake,reviewed
2005-05-04 03:22:51.060000+00:00,0.167,97.827,23.0,4.7,mw,earthquake,reviewed
2005-05-04 10:04:30.040000+00:00,0.807,97.797,13.6,4.6,mw,earthquake,reviewed
2005-05-04 11:57:06.990000+00:00,2.933,96.219,30.0,4.9,mw,earthquake,reviewed
2005-05-04 12:24:27.730000+00:00,1.077,97.401,21.0,4.8,mw,earthquake,reviewed
2005-05-04 16:55:34.830000+00:00,1.446,97.253,30.0,4.6,mw,earthquake,reviewed
2005-05-04 18:52:29.870000+00:00,0.89,97.411,30.0,4.3,mw,earthquake,reviewed
2005-05-04 19:36:16.510000+00:00,0.654,97.054,30.0,4.1,mw,earthquake,reviewed
2005-05-04 20:58:11.010000+00:00,2.077,96.669,24.6,4.6,mw,earthquake,reviewed
2005-05-04 21:30:05.070000+00:00,1.15,97.158,30.0,4.2,mw,earthquake,reviewed
2005-05-04 23:29:25.690000+00:00,1.374,97.308,30.0,4.6,mw,earthquake,reviewed
2005-05-05 00:24:52.430000+00:00,1.303,97.294,30.0,4.4,mw,earthquake,reviewed
2005-05-05 07:03:21.320000+00:00,1.152,97.222,30.0,4.7,mw,earthquake,reviewed
2005-05-05 09:55:08.240000+00:00,0.993,97.292,30.0,4.4,mw,earthquake,reviewed
2005-05-05 21:03:35.300000+00:00,1.586,97.567,30.0,4.4,mw,earthquake,reviewed
2005-05-05 22:57:29.400000+00:00,1.248,97.197,30.0,4.5,mw,earthquake,reviewed
2005-05-06 00:01:16.240000+00:00,0.91,97.612,30.0,4.7,mw,earthquake,reviewed
2005-05-06 00:05:12.010000+00:00,0.869,97.458,30.0,4.6,mw,earthquake,reviewed
2005-05-06 00:06:32.910000+00:00,0.866,97.391,30.0,4.7,mw,earthquake,reviewed
2005-05-06 00:07:26.860000+00:00,0.88,97.451,30.0,4.7,mw,earthquake,reviewed
2005-05-06 02:03:34.630000+00:00,1.297,97.077,30.0,4.7,mw,earthquake,reviewed
2005-05-06 10:08:17.890000+00:00,1.245,97.17,30.0,4.8,mw,earthquake,reviewed
2005-05-06 10:33:13.340000+00:00,0.091,97.413,30.0,4.3,mw,earthquake,reviewed
2005-05-06 11:18:08.970000+00:00,1.655,97.874,30.0,4.2,mw,earthquake,reviewed
2005-05-06 12:07:52.550000+00:00,1.647,96.865,30.0,4.3,mw,earthquake,reviewed
2005-05-06 15:51:50.030000+00:00,2.12,97.657,30.0,4.1,mw,earthquake,reviewed
2005-05-06 16:23:38.050000+00:00,3.173,96.032,30.0,4.4,mw,earthquake,reviewed
2005-05-06 18:19:13.330000+00:00,1.088,97.211,30.0,5.0,mw,earthquake,reviewed
2005-05-06 21:47:19.640000+00:00,0.258,97.423,28.8,4.1,mw,earthquake,reviewed
2005-05-07 04:29:49.530000+00:00,0.963,97.421,24.3,4.9,mw,earthquake,reviewed
2005-05-07 04:31:24.450000+00:00,1.292,97.132,24.4,4.8,mw,earthquake,reviewed
2005-05-07 07:43:10.640000+00:00,1.267,97.059,20.9,4.7,mw,earthquake,reviewed
2005-05-07 08:39:54.580000+00:00,0.979,97.412,16.5,4.4,mw,earthquake,reviewed
2005-05-07 13:24:13.570000+00:00,0.913,97.422,26.8,4.4,mw,earthquake,reviewed
2005-05-07 17:08:32.050000+00:00,1.304,97.1,21.7,4.7,mw,earthquake,reviewed
2005-05-07 17:20:35.430000+00:00,1.228,97.004,26.1,4.7,mw,earthquake,reviewed
2005-05-08 00:49:33.370000+00:00,0.32,98.416,30.0,4.7,mw,earthquake,reviewed
2005-05-08 00:55:17.910000+00:00,0.785,97.435,23.4,4.6,mw,earthquake,reviewed
2005-05-08 03:13:18.030000+00:00,1.213,97.172,30.0,4.6,mw,earthquake,reviewed
2005-05-08 04:13:28.150000+00:00,1.159,97.19,30.0,4.3,mw,earthquake,reviewed
2005-05-08 04:14:40.640000+00:00,1.005,97.424,30.0,4.2,mw,earthquake,reviewed
2005-05-08 04:32:46.370000+00:00,-4.505,102.58,30.0,4.6,mw,earthquake,reviewed
2005-05-08 04:44:45.470000+00:00,0.894,97.402,30.0,4.2,mw,earthquake,reviewed
2005-05-08 04:51:21.620000+00:00,1.055,97.292,30.0,4.7,mw,earthquake,reviewed
2005-05-08 08:00:22.970000+00:00,1.623,96.887,27.4,4.4,mw,earthquake,reviewed
2005-05-08 09:27:06.020000+00:00,2.139,96.094,25.5,4.8,mw,earthquake,reviewed
2005-05-08 09:47:01.690000+00:00,1.255,97.132,30.0,4.2,mw,earthquake,reviewed
2005-05-08 14:14:25.360000+00:00,1.185,97.097,22.1,4.6,mw,earthquake,reviewed
2005-05-08 14:51:55.950000+00:00,2.073,96.927,30.0,4.5,mw,earthquake,reviewed
2005-05-08 17:33:50.350000+00:00,2.084,96.623,27.7,4.9,mw,earthquake,reviewed
2005-05-09 00:12:01.190000+00:00,1.524,96.96,24.7,4.7,mw,earthquake,reviewed
2005-05-09 04:25:07.820000+00:00,0.302,97.712,30.0,4.2,mw,earthquake,reviewed
2005-05-09 06:59:16.360000+00:00,1.154,97.171,30.0,4.3,mw,earthquake,reviewed
2005-05-09 10:41:38.960000+00:00,0.919,96.99,23.5,4.1,mw,earthquake,reviewed
2005-05-09 14:21:00.260000+00:00,2.089,96.445,30.0,4.3,mw,earthquake,reviewed
2005-05-09 15:41:54.230000+00:00,-3.384,101.692,30.0,4.6,mw,earthquake,reviewed
2005-05-09 17:53:31.120000+00:00,0.97,97.235,30.0,4.4,mw,earthquake,reviewed
2005-05-10 02:18:22.440000+00:00,-3.793,101.225,30.0,4.4,mw,earthquake,reviewed
2005-05-10 14:48:52.660000+00:00,0.31,97.267,30.0,4.7,mw,earthquake,reviewed
2005-05-10 15:21:17.660000+00:00,0.338,97.367,30.0,4.2,mw,earthquake,reviewed
2005-05-10 22:22:45.480000+00:00,1.198,97.322,30.0,5.0,mw,earthquake,reviewed
2005-05-10 22:29:43.950000+00:00,1.244,97.227,27.9,5.3,mw,earthquake,reviewed
2005-05-10 23:43:39.830000+00:00,-2.309,99.51,30.0,4.3,mw,earthquake,reviewed
2005-05-10 23:48:12.440000+00:00,0.879,97.485,30.0,4.1,mw,earthquake,reviewed
2005-05-11 03:38:55.050000+00:00,1.203,97.184,30.0,4.3,mw,earthquake,reviewed
2005-05-11 09:33:00.710000+00:00,2.601,96.996,30.0,4.9,mw,earthquake,reviewed
2005-05-11 13:46:21.140000+00:00,0.195,97.86,30.0,4.5,mw,earthquake,reviewed
2005-05-12 02:29:21.080000+00:00,1.167,97.227,22.1,4.9,mw,earthquake,reviewed
2005-05-12 15:03:44.910000+00:00,2.48,95.589,23.6,4.4,mw,earthquake,reviewed
2005-05-12 15:06:54.690000+00:00,0.515,98.755,30.0,4.6,mw,earthquake,reviewed
2005-05-12 17:36:06.680000+00:00,1.13,97.18,30.0,4.6,mw,earthquake,reviewed
2005-05-12 18:18:49.570000+00:00,1.162,97.195,30.0,4.4,mw,earthquake,reviewed
2005-05-12 23:47:29.620000+00:00,2.423,96.271,22.5,4.9,mw,earthquake,reviewed
2005-05-13 00:00:32.240000+00:00,3.011,96.205,30.0,4.2,mw,earthquake,reviewed
2005-05-13 01:08:09.420000+00:00,2.065,96.258,30.0,4.4,mw,earthquake,reviewed
2005-05-13 02:43:08.270000+00:00,4.138,96.556,30.0,4.9,mw,earthquake,reviewed
2005-05-13 04:10:25.800000+00:00,0.322,98.927,30.0,4.9,mw,earthquake,reviewed
2005-05-13 05:46:24.390000+00:00,4.973,96.232,30.0,4.7,mw,earthquake,reviewed
2005-05-13 16:40:28.900000+00:00,3.031,96.592,30.0,4.4,mw,earthquake,reviewed
2005-05-13 17:45:49.790000+00:00,1.091,97.294,30.0,4.4,mw,earthquake,reviewed
2005-05-13 18:05:14+00:00,1.707,97.081,30.0,4.8,mw,earthquake,reviewed
2005-05-13 18:37:00.570000+00:00,-1.645,99.677,30.0,4.4,mw,earthquake,reviewed
2005-05-13 18:57:42.220000+00:00,1.995,96.669,30.0,4.1,mw,earthquake,reviewed
2005-05-14 00:42:27.240000+00:00,1.283,97.15,30.0,4.5,mw,earthquake,reviewed
2005-05-14 02:51:08.730000+00:00,-1.678,99.77,30.0,4.3,mw,earthquake,reviewed
2005-05-14 05:05:18.480000+00:00,0.587,98.459,34.0,6.7,mw,earthquake,reviewed
2005-05-14 07:18:25.910000+00:00,0.233,98.436,30.0,4.8,mw,earthquake,reviewed
2005-05-14 09:22:52.150000+00:00,2.071,96.133,30.0,4.3,mw,earthquake,reviewed
2005-05-14 12:38:32.390000+00:00,0.353,98.573,30.0,5.0,mw,earthquake,reviewed
2005-05-14 15:53:41.280000+00:00,0.326,98.393,30.0,4.6,mw,earthquake,reviewed
2005-05-14 17:36:11.470000+00:00,-0.25,102.006,136.7,4.3,mw,earthquake,reviewed
2005-05-14 19:38:21.420000+00:00,0.403,98.355,30.0,4.3,mw,earthquake,reviewed
2005-05-14 21:00:01.730000+00:00,-1.537,99.645,30.0,4.6,mw,earthquake,reviewed
2005-05-14 21:28:34.880000+00:00,1.352,96.985,26.6,4.3,mw,earthquake,reviewed
2005-05-14 22:54:52.920000+00:00,1.247,97.167,30.0,4.5,mw,earthquake,reviewed
2005-05-14 22:55:07.560000+00:00,1.248,97.17,23.5,4.7,mw,earthquake,reviewed
2005-05-15 02:58:08.770000+00:00,2.237,96.985,30.0,4.6,mw,earthquake,reviewed
2005-05-15 05:07:47.100000+00:00,2.307,96.277,30.0,4.2,mw,earthquake,reviewed
2005-05-15 07:39:42.730000+00:00,1.259,97.161,23.0,4.3,mw,earthquake,reviewed
2005-05-15 09:19:17.940000+00:00,2.319,96.25,30.0,4.8,mw,earthquake,reviewed
2005-05-15 09:51:59.260000+00:00,1.155,97.159,21.9,4.6,mw,earthquake,reviewed
2005-05-15 15:21:28.490000+00:00,0.316,98.647,30.0,4.1,mw,earthquake,reviewed
2005-05-15 16:31:50.650000+00:00,0.88,97.358,21.8,4.7,mw,earthquake,reviewed
2005-05-15 23:01:21.450000+00:00,0.454,98.673,40.8,5.1,mw,earthquake,reviewed
2005-05-16 02:41:36.910000+00:00,1.586,97.054,42.6,4.5,mw,earthquake,reviewed
2005-05-16 02:41:57.790000+00:00,1.669,97.076,30.0,4.6,mw,earthquake,reviewed
2005-05-16 02:51:50.810000+00:00,2.445,96.356,30.0,4.7,mw,earthquake,reviewed
2005-05-16 04:25:22.660000+00:00,1.154,97.263,30.0,4.7,mw,earthquake,reviewed
2005-05-16 04:39:38.300000+00:00,1.128,97.219,30.0,4.5,mw,earthquake,reviewed
2005-05-16 04:54:25.200000+00:00,1.156,97.297,30.0,4.4,mw,earthquake,reviewed
2005-05-16 07:16:20.210000+00:00,0.489,98.224,30.0,4.5,mw,earthquake,reviewed
2005-05-16 09:58:45.710000+00:00,0.216,97.933,27.8,5.0,mw,earthquake,reviewed
2005-05-16 11:07:37.290000+00:00,-1.777,99.738,20.9,4.8,mw,earthquake,reviewed
2005-05-16 17:30:50.660000+00:00,1.126,97.223,21.6,4.4,mw,earthquake,reviewed
2005-05-16 19:20:41.410000+00:00,3.016,96.241,30.0,4.4,mw,earthquake,reviewed
2005-05-16 21:07:46.230000+00:00,1.309,97.178,30.0,4.8,mw,earthquake,reviewed
2005-05-17 03:35:58.950000+00:00,2.668,95.533,30.0,4.6,mw,earthquake,reviewed
2005-05-17 07:21:57.170000+00:00,2.191,96.969,30.0,4.5,mw,earthquake,reviewed
2005-05-17 14:26:41.710000+00:00,2.18,97.217,30.0,4.5,mw,earthquake,reviewed
2005-05-17 18:20:31.580000+00:00,1.942,96.655,25.8,4.2,mw,earthquake,reviewed
2005-05-17 21:29:58.750000+00:00,-2.163,99.165,30.0,4.4,mw,earthquake,reviewed
2005-05-18 06:25:40.070000+00:00,0.286,98.277,30.0,4.9,mw,earthquake,reviewed
2005-05-18 14:21:40.150000+00:00,1.938,96.843,30.0,4.5,mw,earthquake,reviewed
2005-05-19 01:52:35.610000+00:00,1.876,96.953,30.0,4.8,mw,earthquake,reviewed
2005-05-19 01:54:52.850000+00:00,1.989,97.041,30.0,6.9,mw,earthquake,reviewed
2005-05-19 02:15:27.430000+00:00,2.204,96.874,30.0,4.7,mw,earthquake,reviewed
2005-05-19 02:17:14.570000+00:00,1.809,96.92,30.0,5.0,mw,earthquake,reviewed
2005-05-19 07:01:01.110000+00:00,1.222,97.21,30.0,4.6,mw,earthquake,reviewed
2005-05-19 07:10:41.010000+00:00,0.851,97.497,26.2,4.7,mw,earthquake,reviewed
2005-05-19 20:44:08.690000+00:00,0.396,97.258,22.9,4.9,mw,earthquake,reviewed
2005-05-19 20:59:40.540000+00:00,0.4,97.23,30.0,4.9,mw,earthquake,reviewed
2005-05-20 00:20:36.380000+00:00,0.427,97.161,29.1,4.4,mw,earthquake,reviewed
2005-05-20 00:23:05.140000+00:00,0.17,97.509,30.0,4.3,mw,earthquake,reviewed
2005-05-20 02:10:26.920000+00:00,0.372,97.25,30.0,4.4,mw,earthquake,reviewed
2005-05-20 02:32:46.690000+00:00,1.038,97.272,30.0,4.5,mw,earthquake,reviewed
2005-05-20 03:05:16.710000+00:00,2.051,96.715,30.0,4.1,mw,earthquake,reviewed
2005-05-20 05:31:00.080000+00:00,0.963,97.396,30.0,4.5,mw,earthquake,reviewed
2005-05-20 12:15:20.140000+00:00,0.435,97.356,30.0,4.3,mw,earthquake,reviewed
2005-05-20 21:41:28.360000+00:00,2.047,97.191,30.0,4.3,mw,earthquake,reviewed
2005-05-21 04:19:48.430000+00:00,0.375,97.228,30.0,4.2,mw,earthquake,reviewed
2005-05-21 04:29:03.820000+00:00,1.956,97.924,30.0,4.8,mw,earthquake,reviewed
2005-05-21 09:43:46.230000+00:00,1.399,97.173,30.0,5.0,mw,earthquake,reviewed
2005-05-21 16:39:16.560000+00:00,2.145,96.172,30.0,4.5,mw,earthquake,reviewed
2005-05-21 19:25:58.580000+00:00,2.959,96.208,30.0,4.3,mw,earthquake,reviewed
2005-05-21 23:07:55.990000+00:00,1.213,97.155,23.0,5.1,mw,earthquake,reviewed
2005-05-21 23:09:06.910000+00:00,1.286,97.12,24.4,5.2,mw,earthquake,reviewed
2005-05-21 23:15:49.190000+00:00,1.228,97.143,30.0,4.5,mw,earthquake,reviewed
2005-05-22 00:07:08.080000+00:00,0.197,97.312,32.8,4.2,mw,earthquake,reviewed
2005-05-22 01:25:11.290000+00:00,0.271,97.409,28.6,4.9,mw,earthquake,reviewed
2005-05-22 01:37:06.400000+00:00,0.297,97.517,28.4,4.8,mw,earthquake,reviewed
2005-05-22 05:54:11.400000+00:00,2.433,95.733,30.0,4.6,mw,earthquake,reviewed
2005-05-22 06:43:14.790000+00:00,0.841,97.377,30.0,4.3,mw,earthquake,reviewed
2005-05-22 08:15:10.750000+00:00,0.15,98.724,30.0,4.3,mw,earthquake,reviewed
2005-05-22 12:41:05.530000+00:00,1.074,97.183,30.0,4.6,mw,earthquake,reviewed
2005-05-22 22:17:39.390000+00:00,1.449,97.052,27.3,4.4,mw,earthquake,reviewed
2005-05-22 22:36:42.290000+00:00,-1.77,99.448,30.0,4.3,mw,earthquake,reviewed
2005-05-23 00:13:44.780000+00:00,1.711,96.488,27.4,4.2,mw,earthquake,reviewed
2005-05-23 00:56:05.370000+00:00,-1.667,99.811,30.0,4.3,mw,earthquake,reviewed
2005-05-23 04:01:09.160000+00:00,1.361,97.119,30.0,4.4,mw,earthquake,reviewed
2005-05-23 05:48:16.820000+00:00,0.804,97.447,23.6,4.9,mw,earthquake,reviewed
2005-05-23 13:21:08.460000+00:00,-2.032,100.023,30.0,4.3,mw,earthquake,reviewed
2005-05-23 14:01:21.300000+00:00,1.174,97.143,30.0,4.2,mw,earthquake,reviewed
2005-05-23 15:56:12.820000+00:00,-4.268,103.026,130.1,4.6,mw,earthquake,reviewed
2005-05-23 23:35:57.660000+00:00,0.44,97.3,30.0,4.4,mw,earthquake,reviewed
2005-05-23 23:37:37.080000+00:00,0.407,97.221,30.0,4.6,mw,earthquake,reviewed
2005-05-24 04:47:51.090000+00:00,0.864,97.495,30.0,4.6,mw,earthquake,reviewed
2005-05-24 07:04:04.470000+00:00,0.964,97.336,30.0,4.6,mw,earthquake,reviewed
2005-05-24 07:26:40.990000+00:00,2.214,96.223,30.0,4.4,mw,earthquake,reviewed
2005-05-24 11:38:32.100000+00:00,1.079,97.3,23.1,4.8,mw,earthquake,reviewed
2005-05-24 14:32:53.190000+00:00,2.324,96.226,30.0,4.6,mw,earthquake,reviewed
2005-05-24 17:10:11.860000+00:00,2.231,96.94,30.0,4.1,mw,earthquake,reviewed
2005-05-25 14:42:14.910000+00:00,2.908,95.599,24.7,5.1,mw,earthquake,reviewed
2005-05-25 14:43:29.310000+00:00,2.886,95.617,30.0,4.9,mw,earthquake,reviewed
2005-05-25 18:32:38.200000+00:00,0.219,98.604,30.0,4.4,mw,earthquake,reviewed
2005-05-25 18:47:33.820000+00:00,1.348,97.185,25.0,4.9,mw,earthquake,reviewed
2005-05-25 19:19:47.610000+00:00,1.84,96.927,30.0,4.5,mw,earthquake,reviewed
2005-05-25 23:51:20.850000+00:00,2.057,96.785,30.0,4.5,mw,earthquake,reviewed
2005-05-26 09:59:35.310000+00:00,0.427,97.068,30.0,4.6,mw,earthquake,reviewed
2005-05-26 10:36:29.610000+00:00,2.334,97.094,30.0,4.6,mw,earthquake,reviewed
2005-05-26 19:12:46.220000+00:00,-4.272,103.065,125.1,4.7,mw,earthquake,reviewed
2005-05-27 00:30:46.580000+00:00,0.865,97.414,30.0,4.7,mw,earthquake,reviewed
2005-05-27 02:07:09.370000+00:00,4.875,96.083,30.0,4.4,mw,earthquake,reviewed
2005-05-27 05:27:46.660000+00:00,1.065,97.315,22.7,4.7,mw,earthquake,reviewed
2005-05-27 17:11:53.120000+00:00,4.46,97.023,30.0,4.4,mw,earthquake,reviewed
2005-05-27 19:29:26.610000+00:00,2.776,95.983,30.0,4.3,mw,earthquake,reviewed
2005-05-28 02:19:55.050000+00:00,2.845,96.212,30.0,4.4,mw,earthquake,reviewed
2005-05-28 06:23:31.120000+00:00,2.043,96.673,24.1,4.9,mw,earthquake,reviewed
2005-05-28 07:10:55.990000+00:00,1.965,96.603,39.1,4.7,mw,earthquake,reviewed
2005-05-28 11:58:15.350000+00:00,-1.831,99.737,30.0,4.7,mw,earthquake,reviewed
2005-05-28 15:49:42.140000+00:00,2.335,96.22,30.3,4.5,mw,earthquake,reviewed
2005-05-28 16:03:37.310000+00:00,0.377,98.476,30.0,4.9,mw,earthquake,reviewed
2005-05-29 01:53:47.840000+00:00,0.775,96.347,42.2,4.5,mw,earthquake,reviewed
2005-05-29 03:42:24.390000+00:00,2.146,96.26,30.0,4.5,mw,earthquake,reviewed
2005-05-29 04:55:17.630000+00:00,-4.732,103.171,22.6,5.0,mw,earthquake,reviewed
2005-05-29 08:46:37.270000+00:00,2.811,96.211,30.0,4.3,mw,earthquake,reviewed
2005-05-29 12:42:33.930000+00:00,2.513,95.921,23.2,4.9,mw,earthquake,reviewed
2005-05-29 16:55:02.970000+00:00,2.181,95.901,30.0,4.3,mw,earthquake,reviewed
2005-05-29 17:16:31.620000+00:00,1.116,97.247,30.0,4.7,mw,earthquake,reviewed
2005-05-29 18:16:46.130000+00:00,0.444,97.957,30.0,4.7,mw,earthquake,reviewed
2005-05-29 21:45:59.640000+00:00,1.058,97.301,23.1,4.9,mw,earthquake,reviewed
2005-05-29 22:22:04.010000+00:00,1.078,97.084,22.1,4.7,mw,earthquake,reviewed
2005-05-30 05:31:19.210000+00:00,2.619,96.139,30.0,4.5,mw,earthquake,reviewed
2005-05-30 09:02:35.550000+00:00,1.083,97.2,30.0,4.7,mw,earthquake,reviewed
2005-05-30 12:57:53.840000+00:00,1.23,97.146,30.0,4.3,mw,earthquake,reviewed
2005-05-30 13:34:18.170000+00:00,2.356,97.165,30.0,5.0,mw,earthquake,reviewed
2005-05-30 14:45:17+00:00,0.915,97.722,30.0,4.5,mw,earthquake,reviewed
2005-05-30 19:06:23.570000+00:00,1.183,97.26,30.0,4.7,mw,earthquake,reviewed
2005-05-30 19:23:10.640000+00:00,2.624,95.908,23.8,5.0,mw,earthquake,reviewed
2005-05-31 00:01:37.700000+00:00,0.699,96.254,34.1,5.0,mw,earthquake,reviewed
2005-05-31 03:57:32.050000+00:00,0.077,98.056,29.3,4.7,mw,earthquake,reviewed
2005-05-31 07:12:03.540000+00:00,2.131,96.042,30.0,4.5,mw,earthquake,reviewed
2005-05-31 09:56:29.480000+00:00,1.115,97.067,30.0,4.6,mw,earthquake,reviewed
2005-05-31 19:04:35.250000+00:00,0.713,97.797,30.0,4.1,mw,earthquake,reviewed
2005-06-01 02:18:25.580000+00:00,0.325,97.552,28.5,4.6,mw,earthquake,reviewed
2005-06-01 16:37:20.390000+00:00,3.857,95.844,30.0,4.6,mw,earthquake,reviewed
2005-06-01 17:45:56.190000+00:00,0.944,97.513,44.7,4.4,mw,earthquake,reviewed
2005-06-01 19:13:41.370000+00:00,2.259,96.222,30.0,4.6,mw,earthquake,reviewed
2005-06-01 23:47:06.440000+00:00,2.002,96.67,28.1,4.5,mw,earthquake,reviewed
2005-06-02 02:45:06.040000+00:00,0.235,97.665,30.0,4.6,mw,earthquake,reviewed
2005-06-02 05:14:47.300000+00:00,1.39,97.177,30.0,4.7,mw,earthquake,reviewed
2005-06-03 00:42:01.900000+00:00,1.455,97.146,24.9,5.8,mw,earthquake,reviewed
2005-06-03 02:08:32.530000+00:00,1.268,97.121,30.0,4.3,mw,earthquake,reviewed
2005-06-03 02:11:19.610000+00:00,1.301,97.044,21.7,4.7,mw,earthquake,reviewed
2005-06-03 02:36:10.480000+00:00,1.37,97.198,23.6,4.6,mw,earthquake,reviewed
2005-06-03 03:38:29.750000+00:00,1.334,97.132,24.2,4.9,mw,earthquake,reviewed
2005-06-03 03:42:17.150000+00:00,0.876,97.325,22.6,4.3,mw,earthquake,reviewed
2005-06-03 12:07:44.210000+00:00,1.303,97.241,30.0,4.7,mw,earthquake,reviewed
2005-06-03 12:37:53.100000+00:00,1.361,97.145,30.0,4.3,mw,earthquake,reviewed
2005-06-04 10:33:58.760000+00:00,2.132,96.654,30.0,4.7,mw,earthquake,reviewed
2005-06-04 18:46:52.680000+00:00,1.222,97.415,30.0,4.4,mw,earthquake,reviewed
2005-06-04 22:20:14.650000+00:00,2.301,96.092,30.0,4.2,mw,earthquake,reviewed
2005-06-05 01:35:28.860000+00:00,1.129,97.081,30.0,4.2,mw,earthquake,reviewed
2005-06-05 04:49:07.340000+00:00,1.388,97.131,48.8,4.8,mw,earthquake,reviewed
2005-06-05 05:30:30.790000+00:00,2.467,96.152,30.0,4.4,mw,earthquake,reviewed
2005-06-05 16:21:25.800000+00:00,1.218,97.22,30.0,4.3,mw,earthquake,reviewed
2005-06-05 16:42:09.480000+00:00,4.783,95.677,124.2,4.3,mw,earthquake,reviewed
2005-06-05 22:40:51.040000+00:00,1.312,97.178,30.0,4.7,mw,earthquake,reviewed
2005-06-05 23:47:27.910000+00:00,1.71,97.007,25.0,4.1,mw,earthquake,reviewed
2005-06-06 11:49:08.970000+00:00,4.981,96.421,30.0,4.3,mw,earthquake,reviewed
2005-06-06 12:37:28.680000+00:00,1.266,97.092,29.7,4.6,mw,earthquake,reviewed
2005-06-06 15:11:43.220000+00:00,-1.745,99.581,35.7,4.7,mw,earthquake,reviewed
2005-06-07 05:07:44.440000+00:00,2.203,96.13,30.0,4.4,mw,earthquake,reviewed
2005-06-07 07:12:04.280000+00:00,0.83,97.364,30.0,4.7,mw,earthquake,reviewed
2005-06-07 08:41:20.290000+00:00,-4.594,103.046,30.0,5.0,mw,earthquake,reviewed
2005-06-07 09:17:14.270000+00:00,-0.635,96.552,30.0,4.7,mw,earthquake,reviewed
2005-06-07 09:30:56.050000+00:00,1.33,97.151,30.0,4.6,mw,earthquake,reviewed
2005-06-07 16:29:35.250000+00:00,1.432,97.087,27.3,4.6,mw,earthquake,reviewed
2005-06-07 16:38:56.470000+00:00,-2.148,100.965,79.7,4.5,mw,earthquake,reviewed
2005-06-07 17:36:52.140000+00:00,1.058,97.273,24.6,4.7,mw,earthquake,reviewed
2005-06-08 04:56:17.370000+00:00,2.02,96.675,24.9,4.6,mw,earthquake,reviewed
2005-06-08 06:28:10.920000+00:00,2.17,96.724,23.5,6.1,mw,earthquake,reviewed
2005-06-08 07:11:13.750000+00:00,2.026,96.647,26.2,4.5,mw,earthquake,reviewed
2005-06-08 08:14:21.550000+00:00,2.572,95.803,30.0,4.6,mw,earthquake,reviewed
2005-06-08 08:27:19.480000+00:00,1.114,97.425,44.0,4.6,mw,earthquake,reviewed
2005-06-09 10:59:35.960000+00:00,1.725,97.776,30.0,4.7,mw,earthquake,reviewed
2005-06-10 13:36:01.170000+00:00,-0.278,96.967,30.0,4.1,mw,earthquake,reviewed
2005-06-10 14:20:41.150000+00:00,-0.394,96.588,30.0,4.2,mw,earthquake,reviewed
2005-06-10 16:24:16.820000+00:00,2.187,97.476,30.0,4.3,mw,earthquake,reviewed
2005-06-10 17:42:41.540000+00:00,1.813,97.089,25.0,5.5,mw,earthquake,reviewed
2005-06-10 20:02:08.200000+00:00,1.15,97.23,30.0,4.5,mw,earthquake,reviewed
2005-06-11 03:47:44.140000+00:00,1.015,97.513,23.7,5.2,mw,earthquake,reviewed
2005-06-11 13:45:51.850000+00:00,1.664,97.155,30.0,4.4,mw,earthquake,reviewed
2005-06-11 16:16:32.060000+00:00,1.392,97.159,30.0,4.6,mw,earthquake,reviewed
2005-06-11 17:36:55.930000+00:00,2.117,96.599,24.8,5.0,mw,earthquake,reviewed
2005-06-11 21:20:32.510000+00:00,1.213,97.276,23.8,4.6,mw,earthquake,reviewed
2005-06-12 00:54:17.190000+00:00,2.084,96.465,26.4,5.0,mw,earthquake,reviewed
2005-06-12 01:47:07.320000+00:00,1.266,98.346,30.0,4.6,mw,earthquake,reviewed
2005-06-12 01:47:43.630000+00:00,2.556,98.409,30.0,4.2,mw,earthquake,reviewed
2005-06-12 08:57:13.580000+00:00,3.839,95.653,30.0,4.7,mw,earthquake,reviewed
2005-06-12 10:05:14.970000+00:00,0.083,97.642,14.3,4.8,mw,earthquake,reviewed
2005-06-12 18:57:09.920000+00:00,1.837,97.745,30.0,4.4,mw,earthquake,reviewed
2005-06-13 02:26:50.500000+00:00,2.738,95.638,22.5,5.1,mw,earthquake,reviewed
2005-06-13 17:27:05.200000+00:00,1.137,97.183,30.0,4.4,mw,earthquake,reviewed
2005-06-14 03:32:50.430000+00:00,1.164,98.02,30.0,4.5,mw,earthquake,reviewed
2005-06-14 15:58:28.170000+00:00,2.203,96.366,30.0,4.8,mw,earthquake,reviewed
2005-06-16 07:37:56.400000+00:00,1.255,97.14,30.0,4.6,mw,earthquake,reviewed
2005-06-16 07:42:01.640000+00:00,1.266,97.215,25.7,4.9,mw,earthquake,reviewed
2005-06-16 09:45:06.060000+00:00,2.101,96.717,30.0,4.4,mw,earthquake,reviewed
2005-06-16 12:17:59.530000+00:00,2.004,98.98,30.0,4.8,mw,earthquake,reviewed
2005-06-16 12:37:24.930000+00:00,1.894,98.933,30.0,4.7,mw,earthquake,reviewed
2005-06-16 21:15:44.300000+00:00,1.099,97.13,25.8,4.9,mw,earthquake,reviewed
2005-06-17 16:43:33.550000+00:00,-0.321,96.723,30.0,4.4,mw,earthquake,reviewed
2005-06-17 21:26:03.130000+00:00,2.138,96.796,27.6,5.3,mw,earthquake,reviewed
2005-06-18 04:06:50.540000+00:00,1.062,97.17,30.0,4.6,mw,earthquake,reviewed
2005-06-18 09:25:45.720000+00:00,0.402,96.844,30.0,4.3,mw,earthquake,reviewed
2005-06-18 12:29:39.310000+00:00,1.32,97.252,53.9,4.9,mw,earthquake,reviewed
2005-06-18 12:36:06.170000+00:00,1.263,97.243,41.3,4.7,mw,earthquake,reviewed
2005-06-18 14:43:51.890000+00:00,1.066,97.199,30.0,4.2,mw,earthquake,reviewed
2005-06-18 20:26:14.520000+00:00,1.039,97.28,30.0,4.7,mw,earthquake,reviewed
2005-06-19 04:34:19.530000+00:00,2.234,97.068,30.0,4.4,mw,earthquake,reviewed
2005-06-19 06:24:18.200000+00:00,1.201,97.323,26.1,4.9,mw,earthquake,reviewed
2005-06-19 08:38:14.840000+00:00,1.077,97.173,30.0,4.3,mw,earthquake,reviewed
2005-06-19 12:44:55.610000+00:00,1.168,97.254,23.3,5.0,mw,earthquake,reviewed
2005-06-19 17:39:07.700000+00:00,3.018,96.118,30.0,4.3,mw,earthquake,reviewed
2005-06-19 19:00:00.330000+00:00,1.104,97.226,37.8,4.7,mw,earthquake,reviewed
2005-06-19 22:56:09.350000+00:00,2.376,96.667,30.0,4.1,mw,earthquake,reviewed
2005-06-20 00:48:58.410000+00:00,1.2,97.182,30.0,4.5,mw,earthquake,reviewed
2005-06-20 07:38:34.770000+00:00,2.298,96.353,30.0,4.8,mw,earthquake,reviewed
2005-06-20 09:24:53.950000+00:00,0.823,97.435,30.0,4.1,mw,earthquake,reviewed
2005-06-20 12:42:11.340000+00:00,-3.926,101.286,30.0,4.2,mw,earthquake,reviewed
2005-06-20 14:44:45.070000+00:00,2.425,95.981,24.7,4.5,mw,earthquake,reviewed
2005-06-20 19:17:06.800000+00:00,2.637,95.923,30.0,4.7,mw,earthquake,reviewed
2005-06-21 04:07:52.110000+00:00,0.901,97.444,30.0,4.3,mw,earthquake,reviewed
2005-06-21 04:19:33.940000+00:00,1.364,97.152,30.0,4.8,mw,earthquake,reviewed
2005-06-21 06:48:43.390000+00:00,2.599,95.733,30.0,4.6,mw,earthquake,reviewed
2005-06-21 07:58:32.950000+00:00,0.474,98.388,30.0,4.7,mw,earthquake,reviewed
2005-06-21 12:33:46.490000+00:00,-3.202,102.564,228.8,4.1,mw,earthquake,reviewed
2005-06-22 03:51:07.400000+00:00,1.132,97.33,38.9,4.5,mw,earthquake,reviewed
2005-06-22 05:22:27.970000+00:00,2.274,96.075,30.0,4.6,mw,earthquake,reviewed
2005-06-22 13:15:36.550000+00:00,0.671,96.941,28.5,4.8,mw,earthquake,reviewed
2005-06-22 17:07:06.270000+00:00,0.764,97.086,30.0,4.2,mw,earthquake,reviewed
2005-06-22 23:37:39.420000+00:00,1.918,96.661,30.0,4.5,mw,earthquake,reviewed
2005-06-23 00:00:14.410000+00:00,2.39,96.179,30.0,4.6,mw,earthquake,reviewed
2005-06-23 01:19:41.390000+00:00,1.959,96.859,47.2,4.7,mw,earthquake,reviewed
2005-06-23 03:26:23.510000+00:00,1.827,99.003,113.3,4.5,mw,earthquake,reviewed
2005-06-23 05:30:48.500000+00:00,1.015,97.348,30.0,4.8,mw,earthquake,reviewed
2005-06-23 08:43:08.750000+00:00,2.211,96.408,30.0,4.8,mw,earthquake,reviewed
2005-06-23 11:56:39.620000+00:00,1.214,97.298,30.0,4.4,mw,earthquake,reviewed
2005-06-24 20:31:37.820000+00:00,1.793,97.727,30.0,4.5,mw,earthquake,reviewed
2005-06-25 06:48:07.630000+00:00,2.292,97.049,43.0,4.1,mw,earthquake,reviewed
2005-06-25 14:40:56.890000+00:00,0.26,97.31,30.0,4.3,mw,earthquake,reviewed
2005-06-26 20:50:26.260000+00:00,2.26,96.217,30.0,4.5,mw,earthquake,reviewed
2005-06-27 12:07:42.460000+00:00,2.017,96.622,30.0,4.3,mw,earthquake,reviewed
2005-06-27 17:14:23.610000+00:00,1.28,97.14,24.6,4.8,mw,earthquake,reviewed
2005-06-27 18:18:57.560000+00:00,0.22,97.89,30.0,4.1,mw,earthquake,reviewed
2005-06-27 22:38:00.790000+00:00,1.152,97.053,30.0,4.2,mw,earthquake,reviewed
2005-06-28 02:07:30.160000+00:00,0.729,97.747,30.0,4.7,mw,earthquake,reviewed
2005-06-28 09:32:29.290000+00:00,-4.537,105.675,30.0,4.7,mw,earthquake,reviewed
2005-06-28 09:33:08.620000+00:00,1.535,97.045,25.8,5.0,mw,earthquake,reviewed
2005-06-28 11:29:36.660000+00:00,-4.912,102.885,30.0,4.2,mw,earthquake,reviewed
2005-06-29 01:21:34.950000+00:00,2.731,96.049,30.0,4.1,mw,earthquake,reviewed
2005-06-29 03:40:46.320000+00:00,2.515,95.689,30.0,4.5,mw,earthquake,reviewed
2005-06-29 06:28:15.990000+00:00,-1.619,99.668,34.0,4.9,mw,earthquake,reviewed
2005-06-29 19:35:38.440000+00:00,1.073,97.478,45.3,4.9,mw,earthquake,reviewed
2005-06-29 22:24:07.770000+00:00,2.247,96.173,30.0,4.7,mw,earthquake,reviewed
2005-06-29 22:54:35.370000+00:00,1.038,97.412,35.9,4.7,mw,earthquake,reviewed
2005-06-30 06:36:33.660000+00:00,1.602,97.048,28.0,4.6,mw,earthquake,reviewed
2005-06-30 07:26:14.680000+00:00,0.986,97.112,22.6,4.6,mw,earthquake,reviewed
2005-06-30 09:54:21.570000+00:00,1.184,97.206,35.0,4.4,mw,earthquake,reviewed
2005-07-01 01:37:22.740000+00:00,1.37,97.156,30.0,4.3,mw,earthquake,reviewed
2005-07-01 04:41:58.420000+00:00,-0.46,98.064,30.0,4.7,mw,earthquake,reviewed
2005-07-01 05:09:12.180000+00:00,1.779,97.853,30.0,4.9,mw,earthquake,reviewed
2005-07-01 11:25:25.450000+00:00,-2.183,102.591,282.5,4.1,mw,earthquake,reviewed
2005-07-01 13:08:10.050000+00:00,0.995,98.767,30.0,4.2,mw,earthquake,reviewed
2005-07-01 16:57:44.920000+00:00,0.929,97.417,21.8,4.7,mw,earthquake,reviewed
2005-07-02 09:00:37.770000+00:00,0.898,97.236,30.0,4.6,mw,earthquake,reviewed
2005-07-02 09:10:34.870000+00:00,1.098,97.255,24.4,4.9,mw,earthquake,reviewed
2005-07-02 11:04:30.940000+00:00,0.743,97.375,22.7,4.2,mw,earthquake,reviewed
2005-07-02 19:36:37.720000+00:00,-0.934,97.718,24.0,4.9,mw,earthquake,reviewed
2005-07-03 03:32:08.110000+00:00,1.631,96.868,28.5,4.4,mw,earthquake,reviewed
2005-07-03 07:12:36.170000+00:00,1.226,97.155,30.0,4.2,mw,earthquake,reviewed
2005-07-03 12:03:41.650000+00:00,-1.773,99.841,26.9,4.8,mw,earthquake,reviewed
2005-07-03 17:02:42.370000+00:00,-1.775,99.867,25.1,4.5,mw,earthquake,reviewed
2005-07-03 18:13:20.940000+00:00,1.279,97.064,30.0,4.4,mw,earthquake,reviewed
2005-07-04 04:46:49.650000+00:00,1.963,96.613,29.0,4.6,mw,earthquake,reviewed
2005-07-04 11:07:04.140000+00:00,1.592,96.914,24.1,4.5,mw,earthquake,reviewed
2005-07-04 15:10:17.290000+00:00,0.29,97.57,30.0,4.3,mw,earthquake,reviewed
2005-07-04 18:43:38.910000+00:00,1.957,96.422,30.0,4.1,mw,earthquake,reviewed
2005-07-05 01:52:02.950000+00:00,1.819,97.082,21.0,6.7,mw,earthquake,reviewed
2005-07-05 12:15:11.790000+00:00,-5.922,103.553,30.0,4.7,mw,earthquake,reviewed
2005-07-05 13:26:49.680000+00:00,1.788,96.884,30.0,4.6,mw,earthquake,reviewed
2005-07-05 14:44:46.800000+00:00,-1.712,99.761,30.0,4.3,mw,earthquake,reviewed
2005-07-06 02:13:57.250000+00:00,0.823,97.043,30.0,4.6,mw,earthquake,reviewed
2005-07-06 22:41:59+00:00,1.093,97.158,23.0,4.9,mw,earthquake,reviewed
2005-07-08 00:10:02.180000+00:00,1.951,96.692,30.0,4.1,mw,earthquake,reviewed
2005-07-08 12:16:21.610000+00:00,1.49,96.956,30.0,4.1,mw,earthquake,reviewed
2005-07-08 14:26:40.240000+00:00,1.102,97.216,30.0,4.2,mw,earthquake,reviewed
2005-07-08 21:28:23.740000+00:00,1.175,97.272,27.0,4.7,mw,earthquake,reviewed
2005-07-09 13:58:34.080000+00:00,2.267,96.932,30.0,4.2,mw,earthquake,reviewed
2005-07-09 14:17:29.620000+00:00,0.237,96.269,26.0,4.1,mw,earthquake,reviewed
2005-07-10 07:38:49.790000+00:00,1.142,97.156,22.1,4.5,mw,earthquake,reviewed
2005-07-10 16:20:13.560000+00:00,2.493,95.564,30.0,4.4,mw,earthquake,reviewed
2005-07-11 03:19:44.400000+00:00,1.803,99.483,30.9,4.5,mw,earthquake,reviewed
2005-07-11 03:23:52.610000+00:00,1.872,99.221,30.0,4.6,mw,earthquake,reviewed
2005-07-11 04:51:04.780000+00:00,1.445,97.108,30.0,4.6,mw,earthquake,reviewed
2005-07-11 06:59:03.580000+00:00,1.331,97.115,30.0,4.7,mw,earthquake,reviewed
2005-07-11 14:36:09.540000+00:00,1.274,97.226,23.1,5.6,mw,earthquake,reviewed
2005-07-11 16:20:46.170000+00:00,0.799,97.327,6.7,4.6,mw,earthquake,reviewed
2005-07-11 19:04:51.340000+00:00,0.256,97.092,30.0,4.3,mw,earthquake,reviewed
2005-07-11 19:12:03.940000+00:00,0.257,97.129,33.3,4.3,mw,earthquake,reviewed
2005-07-11 23:55:44.950000+00:00,1.764,96.859,30.0,4.3,mw,earthquake,reviewed
2005-07-12 03:55:00.110000+00:00,1.868,97.04,30.0,4.3,mw,earthquake,reviewed
2005-07-12 09:08:17.810000+00:00,-0.298,96.877,29.0,4.8,mw,earthquake,reviewed
2005-07-12 18:14:57.190000+00:00,1.03,97.148,30.0,4.1,mw,earthquake,reviewed
2005-07-13 00:48:30.400000+00:00,-0.175,97.302,23.9,4.7,mw,earthquake,reviewed
2005-07-13 01:31:21.180000+00:00,2.261,96.174,30.0,4.6,mw,earthquake,reviewed
2005-07-13 03:16:25.800000+00:00,2.069,96.63,30.0,4.3,mw,earthquake,reviewed
2005-07-13 09:29:54.720000+00:00,1.296,97.159,30.0,4.7,mw,earthquake,reviewed
2005-07-13 13:35:35.620000+00:00,-2.36,100.584,30.0,4.7,mw,earthquake,reviewed
2005-07-13 16:01:21.330000+00:00,1.309,97.164,30.0,4.4,mw,earthquake,reviewed
2005-07-14 13:02:32.050000+00:00,0.828,97.373,30.0,4.5,mw,earthquake,reviewed
2005-07-14 15:53:07.160000+00:00,1.407,97.03,30.0,4.6,mw,earthquake,reviewed
2005-07-14 16:36:43.450000+00:00,1.039,97.245,30.0,4.2,mw,earthquake,reviewed
2005-07-14 19:40:35.020000+00:00,2.035,97.848,30.0,4.9,mw,earthquake,reviewed
2005-07-15 02:23:23.790000+00:00,1.127,97.162,30.0,4.2,mw,earthquake,reviewed
2005-07-15 06:55:39.060000+00:00,2.611,95.722,23.3,4.8,mw,earthquake,reviewed
2005-07-15 12:39:31.460000+00:00,2.32,96.181,30.0,4.1,mw,earthquake,reviewed
2005-07-16 23:31:51.980000+00:00,1.199,97.164,30.0,4.6,mw,earthquake,reviewed
2005-07-17 18:31:31.070000+00:00,1.169,97.295,51.0,4.7,mw,earthquake,reviewed
2005-07-18 00:47:19.560000+00:00,2.06,96.625,30.0,4.1,mw,earthquake,reviewed
2005-07-18 10:11:57.150000+00:00,2.417,96.166,30.0,4.1,mw,earthquake,reviewed
2005-07-19 02:38:12.110000+00:00,0.906,97.818,30.0,4.9,mw,earthquake,reviewed
2005-07-19 11:58:49.240000+00:00,2.061,96.687,30.0,4.6,mw,earthquake,reviewed
2005-07-19 16:32:28.220000+00:00,2.827,96.22,30.0,4.5,mw,earthquake,reviewed
2005-07-20 19:18:17.800000+00:00,0.846,97.344,22.9,4.4,mw,earthquake,reviewed
2005-07-20 21:07:46.650000+00:00,0.989,97.181,30.0,4.7,mw,earthquake,reviewed
2005-07-21 01:42:43.500000+00:00,4.342,96.267,14.6,5.1,mw,earthquake,reviewed
2005-07-21 12:18:08.140000+00:00,2.667,95.665,22.1,4.7,mw,earthquake,reviewed
2005-07-21 20:54:37.370000+00:00,-5.176,102.152,30.0,4.8,mw,earthquake,reviewed
2005-07-22 09:50:08.060000+00:00,2.433,97.136,43.6,5.2,mw,earthquake,reviewed
2005-07-22 17:25:16.970000+00:00,3.981,95.875,30.0,4.9,mw,earthquake,reviewed
2005-07-22 20:12:19.690000+00:00,1.179,97.134,30.0,4.6,mw,earthquake,reviewed
2005-07-23 10:50:03.440000+00:00,-2.27,100.54,30.0,4.6,mw,earthquake,reviewed
2005-07-24 06:15:49.830000+00:00,-1.493,99.629,30.0,4.8,mw,earthquake,reviewed
2005-07-24 12:06:01.640000+00:00,-5.624,102.002,38.7,4.8,mw,earthquake,reviewed
2005-07-24 14:50:54.490000+00:00,0.051,98.543,30.0,4.7,mw,earthquake,reviewed
2005-07-25 07:09:57.050000+00:00,1.219,96.638,30.0,4.5,mw,earthquake,reviewed
2005-07-25 16:02:02.350000+00:00,1.18,96.838,25.7,5.3,mw,earthquake,reviewed
2005-07-25 17:47:41.240000+00:00,0.017,97.238,30.0,4.1,mw,earthquake,reviewed
2005-07-25 18:39:11.900000+00:00,0.998,97.382,30.0,4.2,mw,earthquake,reviewed
2005-07-26 01:38:55.310000+00:00,1.898,97.023,27.9,5.0,mw,earthquake,reviewed
2005-07-26 07:55:16.040000+00:00,1.032,97.149,24.0,4.9,mw,earthquake,reviewed
2005-07-27 13:57:12.680000+00:00,2.644,96.022,24.5,4.8,mw,earthquake,reviewed
2005-07-28 00:38:55.370000+00:00,2.245,96.803,28.9,4.6,mw,earthquake,reviewed
2005-07-28 00:59:55.710000+00:00,1.614,97.058,30.0,4.3,mw,earthquake,reviewed
2005-07-28 02:43:59.150000+00:00,2.732,95.619,22.8,4.8,mw,earthquake,reviewed
2005-07-28 06:21:21.550000+00:00,-2.578,102.318,30.0,4.6,mw,earthquake,reviewed
2005-07-28 07:11:55.720000+00:00,1.387,97.048,30.0,4.8,mw,earthquake,reviewed
2005-07-29 06:01:57.710000+00:00,0.278,97.271,32.0,4.9,mw,earthquake,reviewed
2005-07-29 13:32:21.640000+00:00,2.061,96.189,30.0,4.6,mw,earthquake,reviewed
2005-07-29 15:14:29.860000+00:00,0.313,97.296,32.4,4.5,mw,earthquake,reviewed
2005-07-29 17:03:30.380000+00:00,1.004,97.411,30.0,4.5,mw,earthquake,reviewed
2005-07-29 18:10:07.110000+00:00,0.244,97.713,25.1,4.7,mw,earthquake,reviewed
2005-07-30 00:36:29.680000+00:00,1.092,97.417,25.9,5.3,mw,earthquake,reviewed
2005-07-30 00:40:11.550000+00:00,0.992,97.43,30.0,5.1,mw,earthquake,reviewed
2005-07-30 04:56:51.530000+00:00,0.876,97.434,30.0,4.2,mw,earthquake,reviewed
2005-07-30 21:17:07.890000+00:00,0.316,97.296,30.0,4.7,mw,earthquake,reviewed
2005-07-31 01:11:34.590000+00:00,-0.195,96.873,30.0,4.6,mw,earthquake,reviewed
2005-07-31 05:40:09.900000+00:00,0.967,97.027,18.1,4.7,mw,earthquake,reviewed
2005-07-31 08:04:30.510000+00:00,1.516,97.034,27.6,4.9,mw,earthquake,reviewed
2005-07-31 11:54:44.960000+00:00,0.229,97.7,30.0,4.2,mw,earthquake,reviewed
2005-07-31 12:17:11.060000+00:00,1.637,97.016,30.0,4.3,mw,earthquake,reviewed
2005-07-31 12:18:22.650000+00:00,0.348,97.764,26.0,5.1,mw,earthquake,reviewed
2005-07-31 12:37:18.180000+00:00,0.381,97.816,29.1,5.0,mw,earthquake,reviewed
2005-07-31 15:46:56.450000+00:00,0.218,97.609,30.0,4.6,mw,earthquake,reviewed
2005-08-01 13:17:37.200000+00:00,1.222,97.147,30.0,4.7,mw,earthquake,reviewed
2005-08-01 13:51:53.230000+00:00,-1.666,99.576,30.0,4.5,mw,earthquake,reviewed
2005-08-02 07:15:44.700000+00:00,1.123,97.128,30.0,4.6,mw,earthquake,reviewed
2005-08-02 13:54:50.480000+00:00,2.081,96.379,25.6,4.5,mw,earthquake,reviewed
2005-08-02 17:12:12.370000+00:00,1.613,96.701,30.0,4.3,mw,earthquake,reviewed
2005-08-03 01:56:44.800000+00:00,2.699,95.607,30.0,4.6,mw,earthquake,reviewed
2005-08-03 05:38:29.870000+00:00,2.106,96.343,30.0,4.4,mw,earthquake,reviewed
2005-08-03 16:32:53.440000+00:00,-5.777,105.209,15.0,4.2,mw,earthquake,reviewed
2005-08-04 09:41:35.200000+00:00,4.574,96.392,30.0,5.0,mw,earthquake,reviewed
2005-08-04 21:10:28.060000+00:00,1.275,97.178,30.0,4.9,mw,earthquake,reviewed
2005-08-05 13:18:29.630000+00:00,0.817,97.394,30.0,4.5,mw,earthquake,reviewed
2005-08-05 13:21:30.910000+00:00,2.164,96.421,26.2,5.1,mw,earthquake,reviewed
2005-08-06 06:38:36.670000+00:00,1.049,97.958,30.0,5.0,mw,earthquake,reviewed
2005-08-06 10:44:12.990000+00:00,1.333,97.036,30.0,4.4,mw,earthquake,reviewed
2005-08-07 01:23:35.320000+00:00,0.221,98.263,46.2,4.9,mw,earthquake,reviewed
2005-08-07 04:16:39.890000+00:00,-5.127,102.529,30.0,4.6,mw,earthquake,reviewed
2005-08-07 07:03:29.040000+00:00,0.985,97.18,30.0,4.2,mw,earthquake,reviewed
2005-08-08 08:52:25.990000+00:00,1.05,98.044,30.0,4.2,mw,earthquake,reviewed
2005-08-08 17:13:00.840000+00:00,-1.863,99.774,30.0,4.8,mw,earthquake,reviewed
2005-08-09 12:23:04.660000+00:00,4.167,95.809,15.0,4.7,mw,earthquake,reviewed
2005-08-09 18:05:53.880000+00:00,1.051,97.238,26.9,4.1,mw,earthquake,reviewed
2005-08-09 22:10:43.680000+00:00,1.032,97.147,26.1,4.6,mw,earthquake,reviewed
2005-08-10 00:55:18.090000+00:00,0.212,97.541,27.8,4.6,mw,earthquake,reviewed
2005-08-10 10:25:18.960000+00:00,-4.94,103.847,27.9,4.7,mw,earthquake,reviewed
2005-08-10 13:34:15.180000+00:00,1.883,97.622,30.0,4.1,mw,earthquake,reviewed
2005-08-11 03:46:20.110000+00:00,2.253,96.333,30.0,4.6,mw,earthquake,reviewed
2005-08-11 04:57:32.460000+00:00,1.768,96.308,32.3,4.5,mw,earthquake,reviewed
2005-08-11 05:08:59.250000+00:00,1.276,97.149,30.0,4.6,mw,earthquake,reviewed
2005-08-13 15:47:27.760000+00:00,1.905,96.676,30.0,4.4,mw,earthquake,reviewed
2005-08-13 15:56:02.210000+00:00,3.119,98.058,30.0,4.5,mw,earthquake,reviewed
2005-08-13 18:27:23.440000+00:00,1.367,97.207,30.0,5.0,mw,earthquake,reviewed
2005-08-13 22:19:40.710000+00:00,1.299,97.107,30.0,4.5,mw,earthquake,reviewed
2005-08-14 15:36:55.720000+00:00,0.076,98.574,30.0,4.2,mw,earthquake,reviewed
2005-08-14 21:28:01.140000+00:00,0.613,97.127,37.6,4.1,mw,earthquake,reviewed
2005-08-15 10:30:40.650000+00:00,4.691,96.15,30.0,4.8,mw,earthquake,reviewed
2005-08-15 12:15:44.210000+00:00,2.282,96.926,30.0,4.5,mw,earthquake,reviewed
2005-08-15 16:00:08.400000+00:00,0.142,98.322,30.0,4.4,mw,earthquake,reviewed
2005-08-15 17:18:26.750000+00:00,1.02,97.165,20.0,4.8,mw,earthquake,reviewed
2005-08-15 19:56:29.300000+00:00,1.084,97.21,30.0,4.5,mw,earthquake,reviewed
2005-08-16 11:39:40.330000+00:00,2.133,96.309,30.0,4.7,mw,earthquake,reviewed
2005-08-16 13:56:24.240000+00:00,-3.764,101.472,10.0,4.7,mw,earthquake,reviewed
2005-08-16 14:04:09.050000+00:00,-3.99,101.128,30.0,4.6,mw,earthquake,reviewed
2005-08-16 14:53:34.190000+00:00,1.371,97.132,35.8,4.7,mw,earthquake,reviewed
2005-08-16 22:32:59.150000+00:00,2.494,95.764,24.2,4.1,mw,earthquake,reviewed
2005-08-17 07:43:48.240000+00:00,2.014,97.832,30.0,5.1,mw,earthquake,reviewed
2005-08-18 09:00:41.320000+00:00,0.988,97.237,30.0,4.7,mw,earthquake,reviewed
2005-08-18 20:08:50.480000+00:00,1.593,96.815,30.0,4.5,mw,earthquake,reviewed
2005-08-18 22:25:40.790000+00:00,2.341,96.132,30.0,4.6,mw,earthquake,reviewed
2005-08-19 11:33:59.260000+00:00,1.108,97.088,30.0,4.6,mw,earthquake,reviewed
2005-08-19 12:33:11.580000+00:00,2.001,96.724,30.0,4.4,mw,earthquake,reviewed
2005-08-19 18:32:24.720000+00:00,2.001,96.642,27.0,4.9,mw,earthquake,reviewed
2005-08-20 19:00:22.760000+00:00,2.361,96.641,30.0,4.4,mw,earthquake,reviewed
2005-08-21 17:04:43.170000+00:00,0.086,98.464,48.1,4.7,mw,earthquake,reviewed
2005-08-22 04:01:51.960000+00:00,1.336,97.115,30.0,4.5,mw,earthquake,reviewed
2005-08-22 07:04:30.460000+00:00,3.794,95.619,30.0,4.5,mw,earthquake,reviewed
2005-08-22 12:29:57.400000+00:00,-4.947,103.481,30.0,4.4,mw,earthquake,reviewed
2005-08-23 12:39:11.150000+00:00,1.198,98.058,30.0,5.0,mw,earthquake,reviewed
2005-08-23 18:55:06.260000+00:00,1.039,97.289,24.4,4.8,mw,earthquake,reviewed
2005-08-23 19:03:25.490000+00:00,1.056,97.28,24.6,4.7,mw,earthquake,reviewed
2005-08-23 21:52:42.610000+00:00,2.197,96.232,30.0,4.7,mw,earthquake,reviewed
2005-08-23 22:47:09.140000+00:00,1.293,97.153,30.0,4.4,mw,earthquake,reviewed
2005-08-24 04:24:05.310000+00:00,1.092,97.4,51.0,4.9,mw,earthquake,reviewed
2005-08-25 09:24:35.410000+00:00,0.821,97.438,30.0,4.6,mw,earthquake,reviewed
2005-08-26 06:07:00.250000+00:00,2.156,96.694,29.3,4.7,mw,earthquake,reviewed
2005-08-26 19:34:47.950000+00:00,1.121,97.217,30.0,4.2,mw,earthquake,reviewed
2005-08-27 11:11:27.990000+00:00,2.487,95.822,30.0,4.7,mw,earthquake,reviewed
2005-08-27 22:08:46.850000+00:00,-1.592,99.544,30.0,4.5,mw,earthquake,reviewed
2005-08-28 02:06:28.610000+00:00,0.122,97.869,39.6,4.4,mw,earthquake,reviewed
2005-08-28 05:34:40.040000+00:00,1.468,97.137,30.0,5.0,mw,earthquake,reviewed
2005-08-28 19:02:02.700000+00:00,4.444,96.334,30.0,4.6,mw,earthquake,reviewed
2005-08-29 17:40:18.180000+00:00,0.323,97.743,26.0,5.3,mw,earthquake,reviewed
2005-08-30 14:10:44.970000+00:00,0.129,97.76,30.0,4.1,mw,earthquake,reviewed
2005-08-30 20:59:08.690000+00:00,-1.662,99.625,29.1,5.0,mw,earthquake,reviewed
2005-08-30 21:28:05.610000+00:00,-1.728,99.563,30.0,4.8,mw,earthquake,reviewed
2005-08-31 07:20:19.830000+00:00,5.364,95.794,48.0,4.8,mw,earthquake,reviewed
2005-08-31 10:38:57.280000+00:00,-1.137,99.341,30.0,4.8,mw,earthquake,reviewed
2005-09-01 02:27:11.540000+00:00,1.617,96.807,30.0,4.6,mw,earthquake,reviewed
2005-09-01 04:18:53.830000+00:00,1.145,97.261,30.0,4.6,mw,earthquake,reviewed
2005-09-01 10:39:10.530000+00:00,2.608,96.046,30.0,4.9,mw,earthquake,reviewed
2005-09-02 00:30:07.340000+00:00,2.726,95.892,49.5,4.9,mw,earthquake,reviewed
2005-09-02 01:11:12.770000+00:00,1.003,97.293,30.0,4.5,mw,earthquake,reviewed
2005-09-02 01:12:45.540000+00:00,0.991,97.35,30.0,4.5,mw,earthquake,reviewed
2005-09-02 01:15:43.920000+00:00,1.041,97.386,23.8,4.8,mw,earthquake,reviewed
2005-09-02 08:04:04.980000+00:00,2.451,98.923,147.1,5.5,mw,earthquake,reviewed
2005-09-02 13:46:55.100000+00:00,-1.906,99.665,35.0,4.3,mw,earthquake,reviewed
2005-09-02 16:58:28.010000+00:00,2.07,96.603,30.0,4.5,mw,earthquake,reviewed
2005-09-02 17:18:24.840000+00:00,1.999,96.559,30.0,4.2,mw,earthquake,reviewed
2005-09-03 03:51:31.490000+00:00,1.512,96.908,30.0,4.7,mw,earthquake,reviewed
2005-09-03 12:05:54.620000+00:00,1.336,97.462,30.0,4.5,mw,earthquake,reviewed
2005-09-03 16:56:08.300000+00:00,-3.796,102.699,103.6,4.9,mw,earthquake,reviewed
2005-09-04 00:59:06.160000+00:00,4.604,97.043,30.0,4.2,mw,earthquake,reviewed
2005-09-04 07:35:20.710000+00:00,1.285,97.158,30.0,4.7,mw,earthquake,reviewed
2005-09-04 08:18:23.470000+00:00,2.351,96.203,30.0,4.5,mw,earthquake,reviewed
2005-09-05 15:20:12.890000+00:00,0.721,97.249,30.0,4.4,mw,earthquake,reviewed
2005-09-06 11:00:48.610000+00:00,0.029,97.604,27.6,5.6,mw,earthquake,reviewed
2005-09-06 11:11:53.100000+00:00,0.048,97.612,27.0,5.2,mw,earthquake,reviewed
2005-09-06 12:50:43.670000+00:00,0.391,96.626,30.0,4.9,mw,earthquake,reviewed
2005-09-06 17:40:10.670000+00:00,-0.008,97.563,19.4,4.7,mw,earthquake,reviewed
2005-09-07 00:43:16.590000+00:00,0.083,97.704,13.2,5.1,mw,earthquake,reviewed
2005-09-07 09:44:02.260000+00:00,1.613,97.036,30.0,4.5,mw,earthquake,reviewed
2005-09-07 11:03:54+00:00,0.862,97.557,46.6,4.9,mw,earthquake,reviewed
2005-09-07 13:12:41.930000+00:00,0.439,96.633,19.9,4.6,mw,earthquake,reviewed
2005-09-07 16:31:59.080000+00:00,-1.705,100.065,30.0,4.2,mw,earthquake,reviewed
2005-09-08 08:22:05.280000+00:00,5.081,95.807,30.0,4.7,mw,earthquake,reviewed
2005-09-08 10:21:54.870000+00:00,-0.022,97.575,30.0,4.9,mw,earthquake,reviewed
2005-09-08 14:41:53.250000+00:00,1.222,97.157,24.9,5.0,mw,earthquake,reviewed
2005-09-08 20:31:26.160000+00:00,-4.532,101.838,35.0,4.6,mw,earthquake,reviewed
2005-09-08 21:40:49.180000+00:00,0.633,97.401,30.0,4.8,mw,earthquake,reviewed
2005-09-09 05:39:03.670000+00:00,1.315,97.144,24.2,5.0,mw,earthquake,reviewed
2005-09-09 12:36:51.100000+00:00,2.12,96.656,30.0,4.3,mw,earthquake,reviewed
2005-09-09 13:32:43.450000+00:00,0.267,97.827,30.0,4.2,mw,earthquake,reviewed
2005-09-09 23:47:13.490000+00:00,1.153,97.25,22.9,5.0,mw,earthquake,reviewed
2005-09-10 02:49:22.920000+00:00,1.806,96.947,30.0,4.9,mw,earthquake,reviewed
2005-09-11 19:03:58.210000+00:00,0.972,96.496,26.6,4.3,mw,earthquake,reviewed
2005-09-12 11:30:58.920000+00:00,0.447,97.711,30.0,4.1,mw,earthquake,reviewed
2005-09-13 08:48:31.990000+00:00,1.769,99.032,127.4,4.8,mw,earthquake,reviewed
2005-09-13 15:21:28.350000+00:00,0.963,97.308,30.0,4.7,mw,earthquake,reviewed
2005-09-14 07:13:13.580000+00:00,0.689,97.453,24.8,4.6,mw,earthquake,reviewed
2005-09-15 22:12:08.170000+00:00,0.449,96.682,30.0,4.8,mw,earthquake,reviewed
2005-09-16 11:12:08.820000+00:00,-0.233,100.963,150.0,4.1,mw,earthquake,reviewed
2005-09-16 13:42:23+00:00,4.742,96.082,30.0,4.6,mw,earthquake,reviewed
2005-09-16 17:19:27.440000+00:00,2.429,96.314,24.4,4.8,mw,earthquake,reviewed
2005-09-16 23:14:28.680000+00:00,2.655,95.535,24.1,4.9,mw,earthquake,reviewed
2005-09-17 10:33:21.700000+00:00,1.097,97.223,30.0,4.4,mw,earthquake,reviewed
2005-09-17 21:53:53.210000+00:00,1.944,99.58,20.0,4.6,mw,earthquake,reviewed
2005-09-18 10:12:31.120000+00:00,1.238,97.108,30.0,4.2,mw,earthquake,reviewed
2005-09-18 21:45:34.670000+00:00,1.362,97.379,27.0,4.4,mw,earthquake,reviewed
2005-09-19 11:09:18.470000+00:00,-0.095,97.545,30.0,4.8,mw,earthquake,reviewed
2005-09-19 14:34:53.840000+00:00,1.342,97.17,30.0,4.9,mw,earthquake,reviewed
2005-09-19 19:18:04.200000+00:00,3.986,96.267,30.0,4.8,mw,earthquake,reviewed
2005-09-20 12:05:34.600000+00:00,0.992,97.079,30.0,4.7,mw,earthquake,reviewed
2005-09-20 13:20:54.420000+00:00,1.065,97.227,30.0,4.7,mw,earthquake,reviewed
2005-09-20 21:16:44.140000+00:00,1.279,99.418,131.1,4.7,mw,earthquake,reviewed
2005-09-21 07:23:41.210000+00:00,1.608,96.98,28.3,4.7,mw,earthquake,reviewed
2005-09-21 12:08:02.680000+00:00,-3.06,102.145,130.3,4.8,mw,earthquake,reviewed
2005-09-22 08:18:38.930000+00:00,0.811,97.425,30.0,4.6,mw,earthquake,reviewed
2005-09-22 12:30:07.910000+00:00,3.977,95.973,49.2,5.1,mw,earthquake,reviewed
2005-09-22 13:09:39.960000+00:00,-1.774,99.778,34.3,4.8,mw,earthquake,reviewed
2005-09-22 14:13:45.840000+00:00,1.663,99.214,30.0,4.4,mw,earthquake,reviewed
2005-09-23 05:18:52.760000+00:00,1.078,97.362,30.0,4.3,mw,earthquake,reviewed
2005-09-24 04:40:24.720000+00:00,-5.845,105.498,57.9,5.0,mw,earthquake,reviewed
2005-09-24 22:25:29.120000+00:00,1.309,97.073,30.0,4.5,mw,earthquake,reviewed
2005-09-25 10:04:26.870000+00:00,1.028,97.155,30.0,5.0,mw,earthquake,reviewed
2005-09-25 15:37:08.470000+00:00,0.068,97.867,28.3,5.0,mw,earthquake,reviewed
2005-09-25 21:05:43.090000+00:00,0.24,98.478,30.0,4.3,mw,earthquake,reviewed
2005-09-25 21:25:39.800000+00:00,-5.947,103.881,50.5,5.1,mw,earthquake,reviewed
2005-09-27 02:48:11.920000+00:00,2.676,95.714,23.0,4.8,mw,earthquake,reviewed
2005-09-27 16:26:43.530000+00:00,0.166,96.268,30.0,4.3,mw,earthquake,reviewed
2005-09-27 16:52:21.640000+00:00,2.228,96.189,27.1,5.0,mw,earthquake,reviewed
2005-09-27 18:38:34.880000+00:00,1.775,96.231,30.0,4.3,mw,earthquake,reviewed
2005-09-27 21:00:35.940000+00:00,1.983,96.448,30.0,4.2,mw,earthquake,reviewed
2005-09-28 14:36:45.140000+00:00,2.692,95.586,23.2,4.7,mw,earthquake,reviewed
2005-09-30 04:39:57.420000+00:00,0.238,98.01,30.0,4.8,mw,earthquake,reviewed
2005-10-01 00:16:31.090000+00:00,2.754,96.007,25.2,4.4,mw,earthquake,reviewed
2005-10-02 07:13:37.280000+00:00,1.421,97.817,30.0,4.3,mw,earthquake,reviewed
2005-10-03 00:58:07.190000+00:00,1.108,97.239,23.7,5.2,mw,earthquake,reviewed
2005-10-03 01:02:58.250000+00:00,1.056,97.18,30.0,4.3,mw,earthquake,reviewed
2005-10-04 16:29:57.560000+00:00,-5.618,102.944,37.2,4.9,mw,earthquake,reviewed
2005-10-05 00:27:26.030000+00:00,2.217,96.415,32.8,4.6,mw,earthquake,reviewed
2005-10-05 08:46:42.330000+00:00,5.233,95.577,18.3,5.7,mw,earthquake,reviewed
2005-10-07 01:47:15.290000+00:00,2.244,97.009,30.0,4.2,mw,earthquake,reviewed
2005-10-07 08:08:11.160000+00:00,2.646,95.526,30.0,4.3,mw,earthquake,reviewed
2005-10-07 09:15:36.200000+00:00,1.692,97.053,30.0,4.6,mw,earthquake,reviewed
2005-10-07 16:25:11.240000+00:00,2.352,96.232,28.6,4.9,mw,earthquake,reviewed
2005-10-07 17:34:01.210000+00:00,2.509,96.01,24.1,4.8,mw,earthquake,reviewed
2005-10-07 17:35:27.440000+00:00,2.473,96.043,22.4,4.7,mw,earthquake,reviewed
2005-10-07 23:34:52.280000+00:00,1.958,96.785,30.0,4.7,mw,earthquake,reviewed
2005-10-08 04:30:44.120000+00:00,1.957,97.853,30.0,5.7,mw,earthquake,reviewed
2005-10-09 12:45:28.500000+00:00,5.466,95.731,30.0,4.6,mw,earthquake,reviewed
2005-10-09 22:28:17.840000+00:00,1.984,97.866,30.0,4.9,mw,earthquake,reviewed
2005-10-11 09:41:41.710000+00:00,2.502,95.803,30.0,4.6,mw,earthquake,reviewed
2005-10-11 12:17:52.850000+00:00,-0.473,98.68,50.0,4.7,mw,earthquake,reviewed
2005-10-12 20:21:06.100000+00:00,4.737,96.206,30.0,4.7,mw,earthquake,reviewed
2005-10-13 08:08:22.340000+00:00,2.294,96.188,30.0,4.7,mw,earthquake,reviewed
2005-10-14 19:54:22.860000+00:00,2.246,96.127,30.0,4.3,mw,earthquake,reviewed
2005-10-15 07:44:04.050000+00:00,0.757,97.395,30.0,4.7,mw,earthquake,reviewed
2005-10-16 19:03:24.420000+00:00,2.026,97.941,38.0,5.7,mw,earthquake,reviewed
2005-10-16 20:43:05.370000+00:00,0.087,97.809,30.0,4.4,mw,earthquake,reviewed
2005-10-16 22:35:52.080000+00:00,1.315,97.121,30.0,4.9,mw,earthquake,reviewed
2005-10-17 02:35:58.120000+00:00,2.924,99.075,177.5,4.1,mw,earthquake,reviewed
2005-10-17 13:29:09.310000+00:00,1.686,97.185,26.9,4.4,mw,earthquake,reviewed
2005-10-18 11:22:10.990000+00:00,1.399,97.145,30.0,4.7,mw,earthquake,reviewed
2005-10-19 14:49:40.090000+00:00,-5.83,103.06,45.8,5.1,mw,earthquake,reviewed
2005-10-19 18:47:55.430000+00:00,1.097,97.211,30.0,4.7,mw,earthquake,reviewed
2005-10-20 00:47:47.100000+00:00,1.048,97.115,30.0,4.6,mw,earthquake,reviewed
2005-10-21 02:16:32.140000+00:00,3.76,95.54,30.0,4.4,mw,earthquake,reviewed
2005-10-21 04:30:54.030000+00:00,1.988,96.654,30.0,4.7,mw,earthquake,reviewed
2005-10-22 02:03:16.290000+00:00,0.692,100.065,30.0,5.0,mw,earthquake,reviewed
2005-10-22 15:33:13.860000+00:00,1.709,97.154,30.0,4.8,mw,earthquake,reviewed
2005-10-23 17:05:17.820000+00:00,0.724,97.591,30.0,4.4,mw,earthquake,reviewed
2005-10-23 18:16:38.680000+00:00,0.257,97.719,30.0,4.3,mw,earthquake,reviewed
2005-10-23 19:55:40.160000+00:00,1.375,97.19,30.0,4.2,mw,earthquake,reviewed
2005-10-24 02:39:55.410000+00:00,-1.46,99.529,25.5,4.8,mw,earthquake,reviewed
2005-10-24 17:32:51.350000+00:00,-1.541,99.548,30.0,4.4,mw,earthquake,reviewed
2005-10-24 17:38:42+00:00,-1.509,99.546,30.0,4.4,mw,earthquake,reviewed
2005-10-25 21:25:46.190000+00:00,0.786,98.188,26.5,4.8,mw,earthquake,reviewed
2005-10-26 19:40:58.550000+00:00,3.284,96.144,30.0,4.7,mw,earthquake,reviewed
2005-10-27 04:16:29.490000+00:00,2.736,95.826,30.0,4.9,mw,earthquake,reviewed
2005-10-27 23:37:23.460000+00:00,-1.789,99.54,47.9,4.7,mw,earthquake,reviewed
2005-10-28 03:07:35.440000+00:00,2.31,96.362,27.6,4.9,mw,earthquake,reviewed
2005-10-28 03:11:55.550000+00:00,2.213,96.282,30.0,4.6,mw,earthquake,reviewed
2005-10-28 03:46:03.030000+00:00,2.222,96.262,30.0,4.3,mw,earthquake,reviewed
2005-10-28 05:16:58.030000+00:00,2.203,96.287,30.0,4.8,mw,earthquake,reviewed
2005-10-28 15:41:57.620000+00:00,1.185,97.241,22.2,4.8,mw,earthquake,reviewed
2005-10-28 17:23:29.580000+00:00,2.358,96.209,30.0,4.7,mw,earthquake,reviewed
2005-10-28 20:33:41.610000+00:00,-2.003,101.06,103.6,4.3,mw,earthquake,reviewed
2005-10-30 14:05:17.810000+00:00,3.861,96.019,30.0,4.4,mw,earthquake,reviewed
2005-10-30 21:37:45.670000+00:00,1.691,97.128,26.2,4.7,mw,earthquake,reviewed
2005-10-31 18:13:22.260000+00:00,-1.677,99.44,30.0,4.3,mw,earthquake,reviewed
2005-10-31 18:59:08.370000+00:00,-1.556,99.802,30.0,4.4,mw,earthquake,reviewed
2005-10-31 19:33:49.490000+00:00,2.441,95.889,30.0,4.8,mw,earthquake,reviewed
2005-10-31 21:27:24.990000+00:00,-1.682,99.45,30.0,4.9,mw,earthquake,reviewed
2005-10-31 21:36:53.370000+00:00,-1.688,99.446,30.0,4.5,mw,earthquake,reviewed
2005-11-01 00:26:46.610000+00:00,0.889,97.397,41.4,4.5,mw,earthquake,reviewed
2005-11-01 09:44:41.780000+00:00,1.146,95.981,27.1,4.6,mw,earthquake,reviewed
2005-11-01 10:35:46.400000+00:00,3.531,96.28,30.0,4.5,mw,earthquake,reviewed
2005-11-01 16:22:23.020000+00:00,2.218,96.241,30.0,4.6,mw,earthquake,reviewed
2005-11-01 19:10:29.810000+00:00,2.414,95.758,21.3,4.4,mw,earthquake,reviewed
2005-11-03 22:45:40+00:00,1.318,97.177,30.0,4.6,mw,earthquake,reviewed
2005-11-03 23:47:00.790000+00:00,1.21,97.239,30.0,4.5,mw,earthquake,reviewed
2005-11-04 17:44:48.150000+00:00,1.226,97.269,30.0,5.5,mw,earthquake,reviewed
2005-11-08 01:54:02.430000+00:00,1.465,97.524,30.0,4.3,mw,earthquake,reviewed
2005-11-08 07:23:42.670000+00:00,2.556,97.006,30.0,4.6,mw,earthquake,reviewed
2005-11-08 18:19:17.250000+00:00,-1.521,100.164,76.7,4.4,mw,earthquake,reviewed
2005-11-12 13:14:18.830000+00:00,1.028,97.382,26.6,4.9,mw,earthquake,reviewed
2005-11-12 13:19:55.540000+00:00,1.01,97.429,30.0,4.4,mw,earthquake,reviewed
2005-11-12 14:56:27.670000+00:00,1.059,97.544,30.0,4.2,mw,earthquake,reviewed
2005-11-12 15:48:25.430000+00:00,0.999,97.465,30.0,4.3,mw,earthquake,reviewed
2005-11-12 18:54:13.840000+00:00,1.863,97.036,30.0,5.3,mw,earthquake,reviewed
2005-11-12 20:22:20.080000+00:00,0.74,97.227,30.0,4.5,mw,earthquake,reviewed
2005-11-12 20:34:41.130000+00:00,1.661,99.175,30.0,4.8,mw,earthquake,reviewed
2005-11-12 22:38:40.910000+00:00,1.293,97.128,22.5,4.9,mw,earthquake,reviewed
2005-11-13 21:04:33.440000+00:00,1.052,97.203,30.0,4.4,mw,earthquake,reviewed
2005-11-14 23:36:03.900000+00:00,3.035,97.399,30.0,4.9,mw,earthquake,reviewed
2005-11-15 12:55:23.240000+00:00,3.747,97.292,100.0,4.8,mw,earthquake,reviewed
2005-11-15 14:14:39.460000+00:00,1.277,97.153,30.0,4.5,mw,earthquake,reviewed
2005-11-16 02:11:01.730000+00:00,3.071,96.241,30.0,4.5,mw,earthquake,reviewed
2005-11-18 00:18:37.160000+00:00,2.24,96.894,30.0,4.3,mw,earthquake,reviewed
2005-11-18 02:14:11.370000+00:00,0.752,97.068,30.0,4.1,mw,earthquake,reviewed
2005-11-18 04:18:17.790000+00:00,1.189,97.144,21.1,4.8,mw,earthquake,reviewed
2005-11-18 05:44:09.230000+00:00,5.051,96.095,43.3,4.9,mw,earthquake,reviewed
2005-11-18 17:11:09.960000+00:00,0.784,97.422,30.0,4.1,mw,earthquake,reviewed
2005-11-19 13:18:01.780000+00:00,1.788,98.935,119.6,4.7,mw,earthquake,reviewed
2005-11-19 14:09:21.150000+00:00,2.034,96.794,31.5,5.3,mw,earthquake,reviewed
2005-11-19 14:10:13.030000+00:00,2.164,96.786,21.0,6.5,mw,earthquake,reviewed
2005-11-19 17:11:43.840000+00:00,-3.996,103.512,30.0,5.0,mw,earthquake,reviewed
2005-11-19 17:22:17.490000+00:00,2.13,96.78,30.0,4.7,mw,earthquake,reviewed
2005-11-20 17:16:30.020000+00:00,2.122,96.737,30.0,4.3,mw,earthquake,reviewed
2005-11-20 20:09:06.010000+00:00,2.344,96.981,30.0,4.4,mw,earthquake,reviewed
2005-11-21 20:02:55.110000+00:00,1.85,96.621,30.0,4.6,mw,earthquake,reviewed
2005-11-22 08:34:43.110000+00:00,0.778,98.17,30.0,4.9,mw,earthquake,reviewed
2005-11-22 09:11:45.240000+00:00,1.642,97.598,30.0,4.3,mw,earthquake,reviewed
2005-11-22 14:04:39.290000+00:00,0.729,96.945,27.8,5.0,mw,earthquake,reviewed
2005-11-22 18:57:08.430000+00:00,2.811,96.279,30.0,4.1,mw,earthquake,reviewed
2005-11-23 05:51:30.530000+00:00,2.351,97.253,30.0,4.5,mw,earthquake,reviewed
2005-11-24 00:10:11.660000+00:00,1.152,97.169,30.0,4.7,mw,earthquake,reviewed
2005-11-24 15:44:09.230000+00:00,2.092,96.296,30.0,4.4,mw,earthquake,reviewed
2005-11-25 03:06:04.610000+00:00,1.093,97.158,30.0,4.6,mw,earthquake,reviewed
2005-11-27 02:20:37.240000+00:00,1.082,97.256,30.0,4.5,mw,earthquake,reviewed
2005-11-27 08:18:50.900000+00:00,1.929,96.709,30.0,4.9,mw,earthquake,reviewed
2005-11-27 23:31:37.300000+00:00,1.16,97.266,24.4,5.6,mw,earthquake,reviewed
2005-11-28 00:16:47.130000+00:00,1.145,97.244,30.0,5.2,mw,earthquake,reviewed
2005-11-29 09:12:05.280000+00:00,1.331,97.062,30.0,5.0,mw,earthquake,reviewed
2005-11-29 14:45:30.470000+00:00,2.825,96.167,50.3,4.5,mw,earthquake,reviewed
2005-12-01 02:01:11.220000+00:00,0.695,98.424,30.0,4.2,mw,earthquake,reviewed
2005-12-01 21:41:33.930000+00:00,1.913,96.699,30.0,4.4,mw,earthquake,reviewed
2005-12-02 04:43:58.630000+00:00,2.389,95.967,30.0,4.7,mw,earthquake,reviewed
2005-12-03 02:14:26.300000+00:00,1.741,97.078,40.3,4.4,mw,earthquake,reviewed
2005-12-03 15:40:03.630000+00:00,0.282,98.489,30.0,4.7,mw,earthquake,reviewed
2005-12-03 18:48:07.760000+00:00,1.064,97.164,30.0,4.9,mw,earthquake,reviewed
2005-12-04 03:02:04.270000+00:00,0.835,97.05,30.0,4.2,mw,earthquake,reviewed
2005-12-04 14:09:23.420000+00:00,0.792,97.464,24.2,4.8,mw,earthquake,reviewed
2005-12-04 17:46:20.710000+00:00,1.42,96.977,30.0,4.5,mw,earthquake,reviewed
2005-12-05 10:52:55.510000+00:00,1.766,96.584,30.0,4.5,mw,earthquake,reviewed
2005-12-05 22:25:59.320000+00:00,2.129,96.838,30.0,4.8,mw,earthquake,reviewed
2005-12-06 05:40:11.410000+00:00,2.389,96.281,30.0,4.8,mw,earthquake,reviewed
2005-12-06 12:50:05.290000+00:00,-1.32,99.609,30.0,4.7,mw,earthquake,reviewed
2005-12-07 02:19:28.340000+00:00,1.363,97.202,30.0,5.1,mw,earthquake,reviewed
2005-12-07 08:38:18.260000+00:00,0.15,97.331,20.9,4.7,mw,earthquake,reviewed
2005-12-07 21:12:30.160000+00:00,1.914,96.543,30.0,4.4,mw,earthquake,reviewed
2005-12-07 22:35:31.580000+00:00,0.996,100.412,212.9,4.3,mw,earthquake,reviewed
2005-12-08 01:05:07.310000+00:00,-5.944,105.489,15.0,4.8,mw,earthquake,reviewed
2005-12-08 14:35:21.410000+00:00,-5.327,102.73,30.0,4.6,mw,earthquake,reviewed
2005-12-08 21:14:34.400000+00:00,1.066,97.148,30.0,4.4,mw,earthquake,reviewed
2005-12-08 21:16:59.750000+00:00,1.973,96.561,30.0,4.3,mw,earthquake,reviewed
2005-12-08 22:43:17.080000+00:00,2.232,96.369,30.0,4.6,mw,earthquake,reviewed
2005-12-10 10:51:25.060000+00:00,0.75,97.471,30.0,4.8,mw,earthquake,reviewed
2005-12-11 00:42:12.990000+00:00,2.672,95.59,23.1,4.5,mw,earthquake,reviewed
2005-12-12 02:52:31.640000+00:00,-1.196,99.779,30.0,5.3,mw,earthquake,reviewed
2005-12-12 12:36:48.260000+00:00,2.212,96.255,30.0,4.8,mw,earthquake,reviewed
2005-12-14 02:51:43.360000+00:00,2.226,96.559,48.3,4.9,mw,earthquake,reviewed
2005-12-14 16:15:01.630000+00:00,0.031,97.865,29.1,4.5,mw,earthquake,reviewed
2005-12-16 17:17:32.350000+00:00,0.926,97.254,30.0,4.1,mw,earthquake,reviewed
2005-12-17 18:41:39.690000+00:00,-1.436,100.72,30.0,4.4,mw,earthquake,reviewed
2005-12-18 04:23:10.010000+00:00,2.842,95.916,18.2,5.7,mw,earthquake,reviewed
2005-12-19 23:10:32.570000+00:00,-2.44,99.237,30.0,4.8,mw,earthquake,reviewed
2005-12-20 08:45:12.740000+00:00,3.033,98.265,30.0,4.3,mw,earthquake,reviewed
2005-12-20 10:12:26.310000+00:00,3.451,98.606,30.0,4.5,mw,earthquake,reviewed
2005-12-20 12:27:50.750000+00:00,4.843,96.028,30.0,4.8,mw,earthquake,reviewed
2005-12-20 13:42:44.070000+00:00,3.244,98.251,30.0,4.7,mw,earthquake,reviewed
2005-12-20 19:07:57.400000+00:00,4.49,96.545,30.0,4.8,mw,earthquake,reviewed
2005-12-22 17:49:18.540000+00:00,-3.727,100.85,30.0,4.5,mw,earthquake,reviewed
2005-12-23 00:38:04.170000+00:00,-0.535,96.884,34.1,4.6,mw,earthquake,reviewed
2005-12-23 04:05:29.780000+00:00,-1.103,99.537,49.7,4.4,mw,earthquake,reviewed
2005-12-23 11:25:21.070000+00:00,1.102,97.069,30.0,4.7,mw,earthquake,reviewed
2005-12-23 11:42:44.090000+00:00,1.12,97.118,27.5,4.7,mw,earthquake,reviewed
2005-12-24 10:49:59.030000+00:00,0.829,97.36,30.0,4.3,mw,earthquake,reviewed
2005-12-25 00:08:57.850000+00:00,1.937,97.026,48.4,4.6,mw,earthquake,reviewed
2005-12-25 02:49:17.540000+00:00,1.304,97.117,22.3,4.7,mw,earthquake,reviewed
2005-12-25 03:16:40.880000+00:00,-4.494,102.904,44.2,5.1,mw,earthquake,reviewed
2005-12-26 06:18:51.250000+00:00,1.668,99.526,170.2,4.5,mw,earthquake,reviewed
2005-12-27 01:00:15.080000+00:00,1.942,96.744,30.0,4.5,mw,earthquake,reviewed
2005-12-27 01:54:37.060000+00:00,2.552,95.777,30.0,4.6,mw,earthquake,reviewed
2005-12-27 14:14:11.490000+00:00,1.591,96.976,30.0,4.4,mw,earthquake,reviewed
2005-12-29 06:08:57.760000+00:00,2.602,95.837,30.0,4.6,mw,earthquake,reviewed
2005-12-29 10:36:40.890000+00:00,1.157,97.153,30.0,4.8,mw,earthquake,reviewed
2005-12-30 08:01:57.650000+00:00,4.318,97.204,30.0,4.4,mw,earthquake,reviewed
2005-12-30 15:08:48.270000+00:00,3.354,95.752,30.0,4.3,mw,earthquake,reviewed
2005-12-30 20:00:31.380000+00:00,1.033,97.185,22.6,4.7,mw,earthquake,reviewed
2005-12-31 03:25:17.100000+00:00,-3.664,100.941,30.0,4.4,mw,earthquake,reviewed
2005-12-31 07:18:35.500000+00:00,-5.16,102.405,30.0,4.4,mw,earthquake,reviewed
2005-12-31 15:05:54.900000+00:00,2.511,95.828,30.0,4.3,mw,earthquake,reviewed
2005-12-31 22:46:53.490000+00:00,2.464,97.871,115.6,4.3,mw,earthquake,reviewed
2006-01-01 02:03:09.730000+00:00,4.649,96.816,38.3,4.5,mw,earthquake,reviewed
2006-01-01 23:20:59.930000+00:00,4.372,95.866,30.0,4.2,mw,earthquake,reviewed
2006-01-02 00:46:21.330000+00:00,1.586,97.157,35.0,4.5,mw,earthquake,reviewed
2006-01-02 18:36:56.510000+00:00,2.572,95.781,23.5,4.2,mw,earthquake,reviewed
2006-01-02 23:48:16.100000+00:00,5.741,95.809,168.1,4.3,mw,earthquake,reviewed
2006-01-04 18:10:36.830000+00:00,-0.384,99.455,64.5,4.4,mw,earthquake,reviewed
2006-01-05 00:41:22.860000+00:00,3.824,95.776,30.0,4.5,mw,earthquake,reviewed
2006-01-05 18:01:52.260000+00:00,1.244,96.968,25.6,4.6,mw,earthquake,reviewed
2006-01-05 21:40:57.560000+00:00,0.927,98.979,93.3,4.9,mw,earthquake,reviewed
2006-01-06 02:25:07.250000+00:00,1.914,96.647,30.0,4.6,mw,earthquake,reviewed
2006-01-06 05:46:43.940000+00:00,0.816,97.424,30.0,4.3,mw,earthquake,reviewed
2006-01-06 07:06:47.320000+00:00,1.233,97.17,40.9,4.5,mw,earthquake,reviewed
2006-01-07 01:00:47.970000+00:00,2.595,96.732,30.0,4.2,mw,earthquake,reviewed
2006-01-08 00:35:47.780000+00:00,0.756,97.351,26.9,4.4,mw,earthquake,reviewed
2006-01-08 17:19:47.280000+00:00,1.871,98.822,120.1,4.2,mw,earthquake,reviewed
2006-01-09 01:56:30.670000+00:00,-5.858,105.152,35.0,4.5,mw,earthquake,reviewed
2006-01-09 22:25:16.600000+00:00,2.053,98.915,13.9,4.4,mw,earthquake,reviewed
2006-01-10 02:29:22.830000+00:00,-5.567,105.451,30.0,4.6,mw,earthquake,reviewed
2006-01-10 04:55:26.980000+00:00,2.149,98.946,30.0,4.1,mw,earthquake,reviewed
2006-01-11 00:46:42.450000+00:00,0.117,97.904,22.7,5.1,mw,earthquake,reviewed
2006-01-11 02:07:16.150000+00:00,0.027,97.776,25.4,4.6,mw,earthquake,reviewed
2006-01-11 07:34:58.370000+00:00,0.035,97.856,30.0,4.9,mw,earthquake,reviewed
2006-01-12 13:36:12.240000+00:00,1.251,97.091,24.9,4.8,mw,earthquake,reviewed
2006-01-13 10:47:08.710000+00:00,0.963,97.451,44.5,4.6,mw,earthquake,reviewed
2006-01-13 10:49:54.500000+00:00,0.982,97.532,40.4,5.1,mw,earthquake,reviewed
2006-01-13 22:47:26.050000+00:00,1.332,97.112,43.5,4.9,mw,earthquake,reviewed
2006-01-13 23:53:48.930000+00:00,1.236,97.099,30.0,4.6,mw,earthquake,reviewed
2006-01-13 23:54:48.450000+00:00,1.254,97.112,30.0,4.8,mw,earthquake,reviewed
2006-01-14 03:22:51.650000+00:00,1.662,97.023,30.0,4.3,mw,earthquake,reviewed
2006-01-14 20:05:09.460000+00:00,1.938,96.458,30.0,4.3,mw,earthquake,reviewed
2006-01-15 21:29:57.100000+00:00,-3.053,101.035,40.1,4.6,mw,earthquake,reviewed
2006-01-16 00:15:55.260000+00:00,2.592,99.173,168.9,4.7,mw,earthquake,reviewed
2006-01-18 00:24:55.310000+00:00,-5.698,103.224,35.0,4.7,mw,earthquake,reviewed
2006-01-18 01:16:00.080000+00:00,-5.692,103.093,44.6,4.9,mw,earthquake,reviewed
2006-01-18 01:46:19.550000+00:00,1.853,96.985,47.4,4.4,mw,earthquake,reviewed
2006-01-19 00:22:42.330000+00:00,0.918,97.606,42.2,4.3,mw,earthquake,reviewed
2006-01-19 22:46:05.010000+00:00,1.205,96.978,30.0,4.4,mw,earthquake,reviewed
2006-01-19 22:52:41.760000+00:00,-1.987,100.817,78.9,4.8,mw,earthquake,reviewed
2006-01-21 04:01:32.350000+00:00,1.159,97.083,30.0,4.3,mw,earthquake,reviewed
2006-01-21 05:02:25.240000+00:00,1.036,97.275,45.5,4.8,mw,earthquake,reviewed
2006-01-21 15:17:49.090000+00:00,1.201,97.109,24.2,4.6,mw,earthquake,reviewed
2006-01-22 04:50:43.110000+00:00,1.037,97.157,22.8,4.5,mw,earthquake,reviewed
2006-01-23 00:54:57.410000+00:00,4.64,96.771,30.0,4.4,mw,earthquake,reviewed
2006-01-25 14:28:04.260000+00:00,2.406,95.91,30.0,4.5,mw,earthquake,reviewed
2006-01-26 00:21:40.890000+00:00,1.452,97.242,30.0,4.1,mw,earthquake,reviewed
2006-01-26 14:27:54.060000+00:00,1.898,96.701,29.7,4.9,mw,earthquake,reviewed
2006-01-26 15:18:48.390000+00:00,2.371,96.893,30.0,4.9,mw,earthquake,reviewed
2006-01-26 15:29:35.190000+00:00,1.9,96.74,30.0,4.4,mw,earthquake,reviewed
2006-01-26 20:04:39.970000+00:00,1.049,97.168,30.0,4.5,mw,earthquake,reviewed
2006-01-26 23:58:01.780000+00:00,-4.777,102.821,54.4,5.4,mw,earthquake,reviewed
2006-01-27 18:13:52.120000+00:00,1.087,97.203,30.0,4.3,mw,earthquake,reviewed
2006-01-28 01:53:04.710000+00:00,-5.055,104.154,21.4,5.7,mw,earthquake,reviewed
2006-01-28 12:14:36.870000+00:00,0.047,97.996,30.0,4.6,mw,earthquake,reviewed
2006-01-28 17:31:40.640000+00:00,2.609,95.928,30.0,4.8,mw,earthquake,reviewed
2006-01-30 01:38:35+00:00,-0.419,96.426,10.0,4.5,mw,earthquake,reviewed
2006-01-30 04:35:19.760000+00:00,1.046,97.27,23.5,4.9,mw,earthquake,reviewed
2006-01-30 22:48:00.150000+00:00,0.124,97.257,34.2,4.1,mw,earthquake,reviewed
2006-01-31 13:19:24.210000+00:00,0.656,97.42,30.0,4.4,mw,earthquake,reviewed
2006-01-31 19:15:51.590000+00:00,2.703,96.073,20.0,5.9,mw,earthquake,reviewed
2006-01-31 19:24:34.990000+00:00,2.513,95.977,30.0,4.8,mw,earthquake,reviewed
2006-02-01 00:11:50.680000+00:00,2.284,95.926,25.8,4.8,mw,earthquake,reviewed
2006-02-01 01:58:29.300000+00:00,1.459,96.941,30.0,4.1,mw,earthquake,reviewed
2006-02-01 02:48:41.360000+00:00,1.304,97.175,18.7,4.4,mw,earthquake,reviewed
2006-02-01 04:58:26.480000+00:00,2.392,95.883,30.0,4.1,mw,earthquake,reviewed
2006-02-01 11:49:04.610000+00:00,3.299,98.395,30.0,4.2,mw,earthquake,reviewed
2006-02-02 03:35:15.800000+00:00,3.26,98.331,30.0,4.1,mw,earthquake,reviewed
2006-02-02 14:26:36.410000+00:00,-5.407,101.926,45.0,4.7,mw,earthquake,reviewed
2006-02-02 16:01:47.490000+00:00,1.608,97.024,30.0,4.4,mw,earthquake,reviewed
2006-02-03 05:41:55.260000+00:00,2.274,96.993,30.0,4.6,mw,earthquake,reviewed
2006-02-04 01:02:56.400000+00:00,3.937,97.339,35.0,4.4,mw,earthquake,reviewed
2006-02-04 04:32:58.340000+00:00,1.218,97.488,62.5,4.2,mw,earthquake,reviewed
2006-02-05 06:13:36.150000+00:00,0.802,97.404,30.0,4.7,mw,earthquake,reviewed
2006-02-05 09:29:21.200000+00:00,-5.416,103.763,30.0,4.3,mw,earthquake,reviewed
2006-02-06 07:05:02.280000+00:00,2.224,96.446,27.0,5.1,mw,earthquake,reviewed
2006-02-06 12:40:41.880000+00:00,2.384,95.98,30.0,4.8,mw,earthquake,reviewed
2006-02-06 23:55:10.880000+00:00,1.607,97.101,26.7,5.2,mw,earthquake,reviewed
2006-02-07 19:24:45.730000+00:00,2.126,96.28,25.7,4.7,mw,earthquake,reviewed
2006-02-08 09:08:33.520000+00:00,2.471,95.744,30.0,4.3,mw,earthquake,reviewed
2006-02-08 23:26:13.450000+00:00,-5.815,102.28,30.0,4.3,mw,earthquake,reviewed
2006-02-09 08:51:25.600000+00:00,2.718,98.319,30.0,4.6,mw,earthquake,reviewed
2006-02-09 08:55:26.530000+00:00,-2.115,99.412,7.8,4.2,mw,earthquake,reviewed
2006-02-10 05:24:53.860000+00:00,2.015,96.738,27.2,4.8,mw,earthquake,reviewed
2006-02-10 07:39:54.040000+00:00,1.063,97.225,30.0,4.9,mw,earthquake,reviewed
2006-02-10 14:52:36.090000+00:00,1.886,96.661,30.0,4.2,mw,earthquake,reviewed
2006-02-11 13:14:45.470000+00:00,2.233,97.379,30.0,4.5,mw,earthquake,reviewed
2006-02-11 15:08:17.890000+00:00,0.864,97.878,30.0,4.3,mw,earthquake,reviewed
2006-02-12 11:31:13.920000+00:00,1.157,97.101,30.0,4.5,mw,earthquake,reviewed
2006-02-13 12:05:43.300000+00:00,2.415,96.249,26.7,5.1,mw,earthquake,reviewed
2006-02-13 12:18:11.250000+00:00,2.41,96.249,30.0,4.9,mw,earthquake,reviewed
2006-02-13 12:29:16.710000+00:00,2.401,96.204,30.0,4.5,mw,earthquake,reviewed
2006-02-13 16:23:46.170000+00:00,2.563,95.935,30.0,4.5,mw,earthquake,reviewed
2006-02-15 05:14:15.510000+00:00,2.762,95.86,26.4,4.7,mw,earthquake,reviewed
2006-02-15 17:04:19.910000+00:00,0.994,97.352,38.6,4.3,mw,earthquake,reviewed
2006-02-16 17:04:37.620000+00:00,0.819,96.881,30.0,4.3,mw,earthquake,reviewed
2006-02-19 09:50:25.080000+00:00,1.056,97.181,30.0,4.4,mw,earthquake,reviewed
2006-02-19 21:15:24.580000+00:00,1.065,97.104,30.0,4.5,mw,earthquake,reviewed
2006-02-23 07:11:46.100000+00:00,0.424,98.18,28.2,4.8,mw,earthquake,reviewed
2006-02-23 07:13:03.630000+00:00,0.322,97.956,28.7,4.6,mw,earthquake,reviewed
2006-02-25 00:54:55.270000+00:00,1.695,97.76,30.0,4.6,mw,earthquake,reviewed
2006-02-26 06:18:40.830000+00:00,0.707,98.105,30.0,4.2,mw,earthquake,reviewed
2006-02-26 11:35:32.150000+00:00,0.917,97.354,30.0,4.3,mw,earthquake,reviewed
2006-02-26 16:21:38.130000+00:00,0.262,97.706,30.0,4.2,mw,earthquake,reviewed
2006-02-26 21:45:32.610000+00:00,1.207,97.029,21.4,4.5,mw,earthquake,reviewed
2006-02-27 03:41:21.530000+00:00,4.485,96.16,30.0,4.3,mw,earthquake,reviewed
2006-02-27 17:20:41.610000+00:00,2.459,95.938,30.0,4.4,mw,earthquake,reviewed
2006-02-27 18:15:57.600000+00:00,1.451,96.53,30.0,4.1,mw,earthquake,reviewed
2006-02-28 01:03:35.380000+00:00,2.275,97.07,30.0,4.7,mw,earthquake,reviewed
2006-03-01 14:36:02.460000+00:00,2.667,95.898,20.3,5.0,mw,earthquake,reviewed
2006-03-01 15:59:58.830000+00:00,2.504,95.827,30.0,4.6,mw,earthquake,reviewed
2006-03-01 16:01:21.050000+00:00,4.744,96.543,30.0,4.3,mw,earthquake,reviewed
2006-03-01 18:12:56.820000+00:00,0.245,98.464,30.0,4.5,mw,earthquake,reviewed
2006-03-02 18:06:16.030000+00:00,2.521,96.128,51.5,4.5,mw,earthquake,reviewed
2006-03-02 22:37:08.340000+00:00,0.794,97.406,30.0,4.6,mw,earthquake,reviewed
2006-03-03 01:43:32.110000+00:00,2.427,95.809,30.0,4.1,mw,earthquake,reviewed
2006-03-03 17:26:09.090000+00:00,2.374,95.775,30.0,4.1,mw,earthquake,reviewed
2006-03-04 10:44:51.490000+00:00,-3.953,104.661,251.8,4.6,mw,earthquake,reviewed
2006-03-05 02:09:52.550000+00:00,-1.843,99.572,36.7,4.6,mw,earthquake,reviewed
2006-03-05 04:37:43.760000+00:00,-4.627,101.976,30.0,4.4,mw,earthquake,reviewed
2006-03-05 15:03:11.630000+00:00,-1.795,99.521,30.0,4.4,mw,earthquake,reviewed
2006-03-05 20:46:59.130000+00:00,-4.55,101.445,30.0,4.8,mw,earthquake,reviewed
2006-03-05 21:16:10.030000+00:00,-4.573,101.406,28.7,4.9,mw,earthquake,reviewed
2006-03-07 00:11:18.700000+00:00,1.987,96.647,30.0,4.3,mw,earthquake,reviewed
2006-03-07 19:40:01.480000+00:00,0.809,97.372,30.0,4.2,mw,earthquake,reviewed
2006-03-08 06:33:38.240000+00:00,3.999,96.255,30.0,5.4,mw,earthquake,reviewed
2006-03-08 10:59:51.850000+00:00,1.106,97.137,25.4,4.9,mw,earthquake,reviewed
2006-03-09 03:40:58.980000+00:00,3.841,96.06,30.0,4.3,mw,earthquake,reviewed
2006-03-11 16:22:09.760000+00:00,2.574,95.896,21.7,4.9,mw,earthquake,reviewed
2006-03-11 16:30:02.230000+00:00,2.621,95.851,30.0,4.3,mw,earthquake,reviewed
2006-03-12 12:38:40.950000+00:00,-3.273,101.039,30.0,4.3,mw,earthquake,reviewed
2006-03-12 19:44:51.760000+00:00,1.66,97.077,26.5,4.7,mw,earthquake,reviewed
2006-03-15 14:27:54.610000+00:00,2.573,95.645,30.0,4.4,mw,earthquake,reviewed
2006-03-17 20:36:21.350000+00:00,1.063,98.818,100.4,4.4,mw,earthquake,reviewed
2006-03-17 21:57:23.700000+00:00,2.166,96.681,39.3,4.8,mw,earthquake,reviewed
2006-03-19 04:24:32.470000+00:00,4.134,96.048,48.7,5.2,mw,earthquake,reviewed
2006-03-19 13:29:53.810000+00:00,3.948,95.713,30.0,4.3,mw,earthquake,reviewed
2006-03-20 10:46:28.530000+00:00,2.021,96.374,29.0,4.8,mw,earthquake,reviewed
2006-03-21 17:20:22.760000+00:00,-0.406,98.189,35.0,4.3,mw,earthquake,reviewed
2006-03-22 10:08:49.280000+00:00,2.719,95.681,25.0,5.0,mw,earthquake,reviewed
2006-03-22 13:02:42.650000+00:00,2.137,96.842,30.0,4.6,mw,earthquake,reviewed
2006-03-23 00:19:08.670000+00:00,2.245,96.46,55.1,4.7,mw,earthquake,reviewed
2006-03-23 22:40:31.660000+00:00,0.167,97.773,30.0,4.2,mw,earthquake,reviewed
2006-03-24 04:43:02.330000+00:00,2.954,96.687,30.0,4.1,mw,earthquake,reviewed
2006-03-26 00:01:33.460000+00:00,1.687,97.042,25.7,4.5,mw,earthquake,reviewed
2006-03-26 20:43:03.670000+00:00,-4.865,102.313,35.0,4.3,mw,earthquake,reviewed
2006-03-27 16:58:36.240000+00:00,0.964,97.219,22.5,4.7,mw,earthquake,reviewed
2006-03-27 21:48:50.940000+00:00,0.41,98.081,10.0,4.4,mw,earthquake,reviewed
2006-03-28 08:35:43.320000+00:00,3.462,97.224,30.0,4.9,mw,earthquake,reviewed
2006-03-28 13:11:34.180000+00:00,2.59,95.82,30.0,4.8,mw,earthquake,reviewed
2006-03-28 18:12:07.440000+00:00,1.27,97.108,22.0,4.8,mw,earthquake,reviewed
2006-03-28 21:36:01.320000+00:00,1.234,97.101,23.8,4.5,mw,earthquake,reviewed
2006-03-31 09:06:18.060000+00:00,2.232,97.113,30.0,4.8,mw,earthquake,reviewed
2006-03-31 23:30:09.530000+00:00,2.719,96.187,50.0,4.4,mw,earthquake,reviewed
2006-04-02 08:30:27.160000+00:00,2.412,96.394,26.7,5.4,mw,earthquake,reviewed
2006-04-04 10:36:59.330000+00:00,0.295,97.347,33.8,5.1,mw,earthquake,reviewed
2006-04-04 10:53:46.840000+00:00,0.214,97.252,30.0,4.5,mw,earthquake,reviewed
2006-04-04 16:05:49.310000+00:00,0.224,97.264,30.0,4.4,mw,earthquake,reviewed
2006-04-05 00:22:49.400000+00:00,0.386,98.486,30.0,4.5,mw,earthquake,reviewed
2006-04-05 07:14:38.460000+00:00,1.173,100.029,212.1,4.6,mw,earthquake,reviewed
2006-04-07 05:07:25.310000+00:00,-3.171,101.78,30.0,4.4,mw,earthquake,reviewed
2006-04-08 06:21:06.240000+00:00,1.038,97.185,23.1,4.4,mw,earthquake,reviewed
2006-04-08 09:56:55.190000+00:00,-5.31,103.598,67.1,4.7,mw,earthquake,reviewed
2006-04-08 15:19:27.180000+00:00,2.378,96.287,30.0,4.6,mw,earthquake,reviewed
2006-04-10 02:36:42.790000+00:00,-0.634,100.014,76.9,4.9,mw,earthquake,reviewed
2006-04-10 03:56:22.530000+00:00,-5.729,102.99,41.7,4.7,mw,earthquake,reviewed
2006-04-10 22:04:45.680000+00:00,-0.333,99.554,35.0,4.4,mw,earthquake,reviewed
2006-04-11 01:37:52.690000+00:00,2.313,96.221,30.0,4.2,mw,earthquake,reviewed
2006-04-11 14:42:01.030000+00:00,2.323,96.856,30.0,4.1,mw,earthquake,reviewed
2006-04-12 14:39:04.120000+00:00,1.654,97.07,37.8,5.1,mw,earthquake,reviewed
2006-04-13 00:13:25.260000+00:00,2.442,98.965,147.6,4.2,mw,earthquake,reviewed
2006-04-13 02:00:30.640000+00:00,2.838,96.283,30.0,4.7,mw,earthquake,reviewed
2006-04-13 13:53:25.920000+00:00,1.804,97.648,30.0,4.6,mw,earthquake,reviewed
2006-04-13 17:31:39.810000+00:00,0.276,97.78,45.2,4.7,mw,earthquake,reviewed
2006-04-14 21:27:04.160000+00:00,-5.432,103.211,10.0,4.3,mw,earthquake,reviewed
2006-04-17 20:39:36.450000+00:00,2.826,96.12,30.0,4.5,mw,earthquake,reviewed
2006-04-18 02:59:39.120000+00:00,2.839,95.887,30.0,4.4,mw,earthquake,reviewed
2006-04-18 23:04:58.590000+00:00,1.331,97.115,43.3,4.4,mw,earthquake,reviewed
2006-04-19 04:48:05.910000+00:00,1.185,97.056,30.0,4.2,mw,earthquake,reviewed
2006-04-19 14:36:40.250000+00:00,1.699,96.104,30.0,4.4,mw,earthquake,reviewed
2006-04-19 19:51:03.990000+00:00,1.566,96.902,24.9,4.8,mw,earthquake,reviewed
2006-04-19 20:34:16.940000+00:00,-5.172,102.541,45.2,4.7,mw,earthquake,reviewed
2006-04-20 21:04:09.830000+00:00,1.751,97.768,45.4,4.2,mw,earthquake,reviewed
2006-04-20 22:17:53.410000+00:00,3.732,98.993,30.0,4.1,mw,earthquake,reviewed
2006-04-22 00:07:21.550000+00:00,2.308,96.282,54.3,4.6,mw,earthquake,reviewed
2006-04-22 23:22:37.780000+00:00,2.059,96.448,27.6,5.2,mw,earthquake,reviewed
2006-04-22 23:23:06.100000+00:00,2.089,96.49,25.7,5.5,mw,earthquake,reviewed
2006-04-22 23:42:22.750000+00:00,2.154,96.499,26.7,5.0,mw,earthquake,reviewed
2006-04-23 10:15:05.040000+00:00,1.471,97.076,27.1,5.0,mw,earthquake,reviewed
2006-04-23 12:09:28.240000+00:00,1.497,96.954,30.0,4.1,mw,earthquake,reviewed
2006-04-23 13:20:48.310000+00:00,1.522,97.04,30.0,4.2,mw,earthquake,reviewed
2006-04-23 14:44:06.190000+00:00,-3.805,101.877,30.0,4.7,mw,earthquake,reviewed
2006-04-23 20:12:38.400000+00:00,1.487,97.084,26.4,4.7,mw,earthquake,reviewed
2006-04-24 19:50:50.850000+00:00,-1.559,99.227,30.0,4.4,mw,earthquake,reviewed
2006-04-25 18:26:17.150000+00:00,1.994,96.995,21.0,6.3,mw,earthquake,reviewed
2006-04-25 19:34:36.930000+00:00,1.738,96.881,29.3,4.6,mw,earthquake,reviewed
2006-04-26 03:13:27.490000+00:00,0.777,97.375,23.4,4.3,mw,earthquake,reviewed
2006-04-26 06:44:09.270000+00:00,1.23,97.645,30.0,4.1,mw,earthquake,reviewed
2006-04-26 15:05:45.880000+00:00,1.331,97.041,30.0,4.8,mw,earthquake,reviewed
2006-04-26 16:38:53.650000+00:00,4.548,95.986,73.6,5.3,mw,earthquake,reviewed
2006-04-26 20:59:35.960000+00:00,3.812,96.008,30.0,4.5,mw,earthquake,reviewed
2006-04-27 23:39:41.940000+00:00,-1.5,99.604,30.0,4.8,mw,earthquake,reviewed
2006-04-28 01:43:11.830000+00:00,2.271,99.088,158.6,4.5,mw,earthquake,reviewed
2006-04-28 06:09:22.120000+00:00,-1.565,99.563,30.0,4.2,mw,earthquake,reviewed
2006-04-28 20:33:34.850000+00:00,2.834,97.837,94.1,4.3,mw,earthquake,reviewed
2006-04-29 17:08:50.540000+00:00,2.18,96.475,25.5,5.3,mw,earthquake,reviewed
2006-04-30 19:34:03.540000+00:00,0.422,97.304,30.0,4.2,mw,earthquake,reviewed
2006-05-04 01:32:21.910000+00:00,-4.857,102.971,35.0,4.8,mw,earthquake,reviewed
2006-05-04 07:09:53.910000+00:00,-1.925,100.252,30.0,4.6,mw,earthquake,reviewed
2006-05-04 09:24:44.010000+00:00,3.878,96.187,19.0,4.4,mw,earthquake,reviewed
2006-05-07 11:41:31.370000+00:00,1.57,96.767,28.5,4.6,mw,earthquake,reviewed
2006-05-08 01:43:41.010000+00:00,3.171,97.096,11.1,5.2,mw,earthquake,reviewed
2006-05-08 09:16:57.090000+00:00,-4.852,102.346,36.0,5.9,mw,earthquake,reviewed
2006-05-09 00:12:41.700000+00:00,-3.624,101.25,30.0,4.9,mw,earthquake,reviewed
2006-05-09 03:14:28.400000+00:00,-5.171,101.994,30.0,4.3,mw,earthquake,reviewed
2006-05-09 03:25:24.200000+00:00,1.303,97.157,23.7,4.8,mw,earthquake,reviewed
2006-05-11 17:04:00.330000+00:00,-4.838,103.074,48.0,4.8,mw,earthquake,reviewed
2006-05-12 08:16:56.510000+00:00,-5.575,105.395,17.2,5.5,mw,earthquake,reviewed
2006-05-12 09:08:38.440000+00:00,2.844,95.608,47.6,4.4,mw,earthquake,reviewed
2006-05-12 11:14:25.040000+00:00,-5.515,105.685,10.0,4.4,mw,earthquake,reviewed
2006-05-12 19:57:10.110000+00:00,1.189,97.111,30.0,4.3,mw,earthquake,reviewed
2006-05-14 12:21:21.130000+00:00,0.736,97.022,30.0,4.4,mw,earthquake,reviewed
2006-05-14 21:35:44.130000+00:00,0.832,98.122,30.0,4.3,mw,earthquake,reviewed
2006-05-15 13:12:20.510000+00:00,-4.219,102.299,30.0,4.5,mw,earthquake,reviewed
2006-05-16 15:07:26.870000+00:00,0.098,98.239,30.0,4.2,mw,earthquake,reviewed
2006-05-16 15:23:46.810000+00:00,1.222,97.026,30.0,4.5,mw,earthquake,reviewed
2006-05-16 15:28:25.920000+00:00,0.093,97.05,12.0,6.8,mw,earthquake,reviewed
2006-05-16 15:46:15.820000+00:00,-0.022,97.004,30.5,4.5,mw,earthquake,reviewed
2006-05-16 16:01:11.840000+00:00,0.193,97.316,30.0,4.8,mw,earthquake,reviewed
2006-05-16 16:10:28.500000+00:00,-0.024,97.123,28.8,5.2,mw,earthquake,reviewed
2006-05-16 16:19:42.310000+00:00,0.116,97.158,33.0,5.4,mw,earthquake,reviewed
2006-05-16 16:48:52.130000+00:00,0.229,97.218,36.1,4.3,mw,earthquake,reviewed
2006-05-16 17:00:16.240000+00:00,0.127,97.069,32.9,4.8,mw,earthquake,reviewed
2006-05-16 17:17:05.510000+00:00,0.046,97.153,30.0,4.4,mw,earthquake,reviewed
2006-05-16 17:51:11.640000+00:00,0.019,97.109,30.0,4.4,mw,earthquake,reviewed
2006-05-16 18:26:17.910000+00:00,-0.123,97.153,25.0,4.6,mw,earthquake,reviewed
2006-05-16 19:13:27.070000+00:00,0.057,97.064,30.0,4.2,mw,earthquake,reviewed
2006-05-16 19:45:46.100000+00:00,0.115,98.344,30.0,4.3,mw,earthquake,reviewed
2006-05-16 20:30:30.090000+00:00,0.28,97.325,30.0,4.5,mw,earthquake,reviewed
2006-05-16 20:33:01.240000+00:00,0.229,97.136,30.0,4.8,mw,earthquake,reviewed
2006-05-16 20:39:09.790000+00:00,-0.01,97.963,14.1,4.5,mw,earthquake,reviewed
2006-05-16 21:06:56.600000+00:00,0.179,96.951,30.0,4.7,mw,earthquake,reviewed
2006-05-16 21:12:22.760000+00:00,0.138,97.125,31.9,5.0,mw,earthquake,reviewed
2006-05-16 22:05:44.240000+00:00,0.132,97.084,30.0,4.3,mw,earthquake,reviewed
2006-05-17 00:06:36.680000+00:00,0.242,96.937,36.3,4.8,mw,earthquake,reviewed
2006-05-17 02:37:11.600000+00:00,0.062,96.755,30.0,4.1,mw,earthquake,reviewed
2006-05-17 03:48:19.650000+00:00,-4.457,102.736,38.8,5.1,mw,earthquake,reviewed
2006-05-17 06:57:15.830000+00:00,0.165,97.009,30.0,4.9,mw,earthquake,reviewed
2006-05-17 07:23:43.690000+00:00,-0.218,98.524,47.4,4.9,mw,earthquake,reviewed
2006-05-17 08:30:35.880000+00:00,-0.087,96.858,28.4,4.9,mw,earthquake,reviewed
2006-05-17 09:55:23.400000+00:00,0.038,97.057,30.0,4.2,mw,earthquake,reviewed
2006-05-17 11:34:11.440000+00:00,2.128,96.234,30.0,4.8,mw,earthquake,reviewed
2006-05-17 17:06:47.590000+00:00,0.178,96.936,30.0,4.7,mw,earthquake,reviewed
2006-05-18 01:01:46.330000+00:00,0.092,96.928,30.0,4.8,mw,earthquake,reviewed
2006-05-18 01:46:50.820000+00:00,0.136,96.69,30.0,4.1,mw,earthquake,reviewed
2006-05-18 04:02:36.010000+00:00,1.1,97.177,30.0,4.9,mw,earthquake,reviewed
2006-05-18 05:07:25.060000+00:00,0.056,97.348,24.5,4.3,mw,earthquake,reviewed
2006-05-18 05:47:33.400000+00:00,4.686,96.209,30.0,4.3,mw,earthquake,reviewed
2006-05-18 06:39:31.300000+00:00,0.112,96.966,30.0,4.3,mw,earthquake,reviewed
2006-05-18 17:35:47.740000+00:00,0.117,97.15,15.4,4.8,mw,earthquake,reviewed
2006-05-19 01:41:45.260000+00:00,0.109,96.902,29.3,4.7,mw,earthquake,reviewed
2006-05-19 06:34:14.890000+00:00,1.193,97.071,19.6,5.0,mw,earthquake,reviewed
2006-05-19 09:36:06.630000+00:00,4.932,96.176,30.0,4.9,mw,earthquake,reviewed
2006-05-19 14:43:38.220000+00:00,0.963,97.156,30.0,4.7,mw,earthquake,reviewed
2006-05-19 17:41:53.260000+00:00,1.741,98.785,117.6,4.8,mw,earthquake,reviewed
2006-05-21 01:12:38.910000+00:00,-2.706,102.377,193.8,4.2,mw,earthquake,reviewed
2006-05-21 07:15:04.500000+00:00,0.221,96.839,30.0,4.3,mw,earthquake,reviewed
2006-05-21 14:47:17.810000+00:00,0.154,97.176,31.1,4.8,mw,earthquake,reviewed
2006-05-22 12:51:34.140000+00:00,1.299,97.078,30.0,4.9,mw,earthquake,reviewed
2006-05-22 19:16:31.890000+00:00,1.741,99.584,180.9,5.0,mw,earthquake,reviewed
2006-05-22 23:54:01.580000+00:00,0.157,96.827,30.0,4.5,mw,earthquake,reviewed
2006-05-23 04:06:26.710000+00:00,0.117,96.997,30.0,4.5,mw,earthquake,reviewed
2006-05-23 12:01:25.060000+00:00,0.113,96.72,30.0,4.8,mw,earthquake,reviewed
2006-05-23 13:32:06.550000+00:00,0.103,96.816,25.7,4.9,mw,earthquake,reviewed
2006-05-23 20:32:10.580000+00:00,0.174,96.984,30.0,4.4,mw,earthquake,reviewed
2006-05-24 02:53:29.490000+00:00,0.948,96.832,30.0,4.1,mw,earthquake,reviewed
2006-05-24 05:41:54.160000+00:00,0.029,97.134,34.5,4.7,mw,earthquake,reviewed
2006-05-24 10:55:12.880000+00:00,-4.446,102.135,30.0,4.8,mw,earthquake,reviewed
2006-05-24 16:42:58.400000+00:00,0.137,96.704,30.1,4.5,mw,earthquake,reviewed
2006-05-26 03:28:08.160000+00:00,-4.863,103.127,53.6,4.8,mw,earthquake,reviewed
2006-05-26 16:28:59.920000+00:00,-0.059,98.177,30.0,4.5,mw,earthquake,reviewed
2006-05-26 21:50:56.350000+00:00,0.392,98.786,30.0,4.1,mw,earthquake,reviewed
2006-05-27 03:50:41.720000+00:00,0.242,97.701,30.0,4.2,mw,earthquake,reviewed
2006-05-27 17:03:01.580000+00:00,0.287,98.407,30.0,4.4,mw,earthquake,reviewed
2006-05-29 04:28:13.670000+00:00,0.052,96.906,30.0,4.5,mw,earthquake,reviewed
2006-05-29 04:30:18.450000+00:00,0.748,97.003,30.0,4.4,mw,earthquake,reviewed
2006-05-29 14:53:55.020000+00:00,-4.324,102.774,72.9,5.0,mw,earthquake,reviewed
2006-05-29 19:32:48.860000+00:00,0.973,97.312,30.0,4.4,mw,earthquake,reviewed
2006-05-29 20:08:04.620000+00:00,0.989,97.236,30.0,4.1,mw,earthquake,reviewed
2006-05-29 23:12:39.820000+00:00,-0.119,97.172,25.0,4.3,mw,earthquake,reviewed
2006-05-30 05:43:14.230000+00:00,-1.923,100.188,42.6,4.8,mw,earthquake,reviewed
2006-05-30 08:15:52.150000+00:00,0.02,97.083,30.5,4.6,mw,earthquake,reviewed
2006-05-30 08:28:05.950000+00:00,0.06,97.1,29.3,4.4,mw,earthquake,reviewed
2006-05-30 08:37:00.750000+00:00,-0.015,97.165,30.3,4.8,mw,earthquake,reviewed
2006-05-30 09:49:27.580000+00:00,0.09,97.037,30.0,4.1,mw,earthquake,reviewed
2006-05-30 16:24:30.730000+00:00,0.669,96.924,34.4,4.4,mw,earthquake,reviewed
2006-05-31 06:17:13.650000+00:00,2.197,96.345,53.0,5.0,mw,earthquake,reviewed
2006-06-01 00:21:47.350000+00:00,2.78,99.02,30.0,4.1,mw,earthquake,reviewed
2006-06-01 07:09:37.790000+00:00,-0.134,98.959,30.0,4.6,mw,earthquake,reviewed
2006-06-01 11:47:46.430000+00:00,2.55,98.828,30.0,4.3,mw,earthquake,reviewed
2006-06-02 20:01:24.970000+00:00,2.734,96.023,48.1,4.6,mw,earthquake,reviewed
2006-06-02 21:05:05.890000+00:00,2.639,95.651,20.6,4.7,mw,earthquake,reviewed
2006-06-02 21:56:33.330000+00:00,4.181,96.04,84.1,4.7,mw,earthquake,reviewed
2006-06-05 04:26:39.520000+00:00,2.142,96.674,28.3,5.0,mw,earthquake,reviewed
2006-06-05 18:24:12.590000+00:00,0.934,97.381,30.0,4.6,mw,earthquake,reviewed
2006-06-06 23:01:53.820000+00:00,1.17,97.11,30.0,4.9,mw,earthquake,reviewed
2006-06-07 08:22:48.620000+00:00,-1.986,100.369,30.0,5.0,mw,earthquake,reviewed
2006-06-08 04:23:21.800000+00:00,2.471,96.824,30.0,4.9,mw,earthquake,reviewed
2006-06-09 08:29:15.580000+00:00,2.667,95.605,30.0,4.8,mw,earthquake,reviewed
2006-06-09 12:22:59.690000+00:00,0.095,96.928,20.2,4.6,mw,earthquake,reviewed
2006-06-09 17:33:50.750000+00:00,1.613,99.743,175.8,4.3,mw,earthquake,reviewed
2006-06-10 11:14:26.600000+00:00,-4.156,102.389,30.0,4.9,mw,earthquake,reviewed
2006-06-10 23:37:35.560000+00:00,1.224,97.138,30.0,5.0,mw,earthquake,reviewed
2006-06-11 05:14:35.670000+00:00,-0.374,96.443,29.6,4.1,mw,earthquake,reviewed
2006-06-11 09:49:27.570000+00:00,1.775,97.623,30.0,4.7,mw,earthquake,reviewed
2006-06-11 23:43:42.590000+00:00,-5.606,105.565,208.2,4.2,mw,earthquake,reviewed
2006-06-14 16:13:25.250000+00:00,0.387,98.749,30.0,4.3,mw,earthquake,reviewed
2006-06-15 15:02:19.560000+00:00,0.14,97.124,30.0,4.5,mw,earthquake,reviewed
2006-06-16 19:44:14.990000+00:00,2.468,95.75,30.0,4.8,mw,earthquake,reviewed
2006-06-17 10:44:00.620000+00:00,1.857,97.766,15.6,5.0,mw,earthquake,reviewed
2006-06-17 18:09:34.030000+00:00,1.088,97.16,30.0,4.8,mw,earthquake,reviewed
2006-06-18 17:10:53.470000+00:00,1.21,97.076,25.1,5.0,mw,earthquake,reviewed
2006-06-18 20:09:55.440000+00:00,2.195,96.316,30.0,4.2,mw,earthquake,reviewed
2006-06-20 07:11:05.990000+00:00,0.252,96.73,35.8,4.7,mw,earthquake,reviewed
2006-06-21 00:16:01.220000+00:00,-0.161,96.916,35.0,4.5,mw,earthquake,reviewed
2006-06-21 08:53:36.950000+00:00,1.416,97.134,30.0,4.9,mw,earthquake,reviewed
2006-06-24 15:45:23.580000+00:00,0.124,97.128,30.0,4.5,mw,earthquake,reviewed
2006-06-25 02:30:14.550000+00:00,2.016,96.592,22.3,4.4,mw,earthquake,reviewed
2006-06-25 11:28:08.540000+00:00,1.951,96.546,23.4,4.6,mw,earthquake,reviewed
2006-06-25 15:09:52.310000+00:00,-4.747,102.146,48.5,4.8,mw,earthquake,reviewed
2006-06-27 10:17:18.260000+00:00,2.698,99.095,165.3,4.4,mw,earthquake,reviewed
2006-06-28 17:44:11.300000+00:00,0.857,98.703,83.0,5.0,mw,earthquake,reviewed
2006-06-28 23:05:01.390000+00:00,0.427,100.224,30.0,4.2,mw,earthquake,reviewed
2006-06-30 08:16:59.530000+00:00,1.542,96.867,30.0,4.4,mw,earthquake,reviewed
2006-07-02 02:46:20.120000+00:00,2.46,95.764,30.0,4.1,mw,earthquake,reviewed
2006-07-02 19:40:35.680000+00:00,0.016,97.164,40.3,5.0,mw,earthquake,reviewed
2006-07-02 23:19:50.090000+00:00,5.062,96.047,34.9,4.4,mw,earthquake,reviewed
2006-07-03 01:09:22.140000+00:00,1.787,97.699,30.0,4.5,mw,earthquake,reviewed
2006-07-04 05:30:54.540000+00:00,2.59,95.896,30.0,4.5,mw,earthquake,reviewed
2006-07-04 14:34:38.880000+00:00,1.066,97.012,30.0,4.6,mw,earthquake,reviewed
2006-07-05 05:42:26.020000+00:00,0.946,97.212,30.0,4.2,mw,earthquake,reviewed
2006-07-05 15:26:30.120000+00:00,-5.996,105.572,117.0,4.4,mw,earthquake,reviewed
2006-07-06 04:21:30.670000+00:00,0.062,97.058,30.0,4.3,mw,earthquake,reviewed
2006-07-06 18:51:12.050000+00:00,0.655,96.972,30.0,4.3,mw,earthquake,reviewed
2006-07-07 20:42:36.520000+00:00,2.586,96.271,30.0,4.1,mw,earthquake,reviewed
2006-07-08 04:11:24.190000+00:00,2.35,96.954,30.0,4.2,mw,earthquake,reviewed
2006-07-08 21:38:25.280000+00:00,3.752,97.254,86.4,5.0,mw,earthquake,reviewed
2006-07-09 05:09:57.120000+00:00,1.846,96.666,30.0,4.3,mw,earthquake,reviewed
2006-07-09 09:48:49.090000+00:00,-1.513,99.431,30.1,4.5,mw,earthquake,reviewed
2006-07-09 11:04:10.320000+00:00,1.96,97.785,51.7,4.7,mw,earthquake,reviewed
2006-07-11 00:53:25.910000+00:00,-5.865,103.782,35.0,4.5,mw,earthquake,reviewed
2006-07-11 00:58:28.690000+00:00,0.738,97.334,46.0,5.3,mw,earthquake,reviewed
2006-07-12 02:07:07.430000+00:00,2.433,95.832,30.0,4.3,mw,earthquake,reviewed
2006-07-12 23:20:18.530000+00:00,2.321,97.073,30.8,4.8,mw,earthquake,reviewed
2006-07-14 12:41:34.970000+00:00,-1.749,99.917,43.3,4.4,mw,earthquake,reviewed
2006-07-17 05:32:30.390000+00:00,-4.904,102.166,35.0,5.2,mw,earthquake,reviewed
2006-07-17 16:51:15.760000+00:00,1.354,97.036,25.0,4.8,mw,earthquake,reviewed
2006-07-17 16:53:17.390000+00:00,1.416,97.04,30.0,4.7,mw,earthquake,reviewed
2006-07-17 20:41:13.920000+00:00,0.333,96.923,35.8,5.4,mw,earthquake,reviewed
2006-07-18 01:53:55.300000+00:00,-2.027,102.032,174.1,4.7,mw,earthquake,reviewed
2006-07-19 13:53:11.730000+00:00,1.315,97.129,30.0,4.4,mw,earthquake,reviewed
2006-07-21 17:47:17.650000+00:00,1.178,96.883,24.2,4.4,mw,earthquake,reviewed
2006-07-22 01:51:31.600000+00:00,0.361,98.436,30.0,4.8,mw,earthquake,reviewed
2006-07-22 16:42:54.720000+00:00,-4.847,102.253,43.2,5.1,mw,earthquake,reviewed
2006-07-23 02:26:42.410000+00:00,2.768,95.788,30.0,4.2,mw,earthquake,reviewed
2006-07-23 13:29:47.550000+00:00,1.244,98.145,30.0,5.1,mw,earthquake,reviewed
2006-07-24 11:07:15.510000+00:00,2.112,96.393,29.6,4.4,mw,earthquake,reviewed
2006-07-24 20:27:01.910000+00:00,1.224,97.043,30.0,4.3,mw,earthquake,reviewed
2006-07-25 17:45:14.470000+00:00,2.611,95.513,24.2,5.0,mw,earthquake,reviewed
2006-07-26 15:23:52.090000+00:00,1.819,97.091,41.7,4.8,mw,earthquake,reviewed
2006-07-27 11:16:40.370000+00:00,1.707,97.146,20.0,6.3,mw,earthquake,reviewed
2006-07-27 21:24:42.520000+00:00,1.197,99.67,167.8,4.2,mw,earthquake,reviewed
2006-07-28 04:41:00.240000+00:00,3.174,96.201,30.0,4.2,mw,earthquake,reviewed
2006-07-28 04:52:28.720000+00:00,5.124,95.753,18.9,4.5,mw,earthquake,reviewed
2006-07-28 07:17:03.920000+00:00,-4.88,101.601,30.0,5.1,mw,earthquake,reviewed
2006-07-29 14:37:44.760000+00:00,1.841,96.626,10.0,4.2,mw,earthquake,reviewed
2006-07-30 01:28:14.690000+00:00,1.463,97.182,30.0,5.6,mw,earthquake,reviewed
2006-07-30 01:37:43.190000+00:00,1.202,97.112,30.0,4.9,mw,earthquake,reviewed
2006-07-31 01:45:49.660000+00:00,2.161,96.423,30.0,4.3,mw,earthquake,reviewed
2006-07-31 09:19:14.270000+00:00,-5.409,102.091,26.5,4.9,mw,earthquake,reviewed
2006-07-31 12:37:22.870000+00:00,1.156,97.154,30.0,5.1,mw,earthquake,reviewed
2006-07-31 22:22:38.500000+00:00,0.065,97.134,30.0,4.1,mw,earthquake,reviewed
2006-08-01 17:26:43.050000+00:00,4.843,96.191,30.0,5.0,mw,earthquake,reviewed
2006-08-01 20:45:45.770000+00:00,1.295,97.185,42.1,5.0,mw,earthquake,reviewed
2006-08-01 21:56:35.650000+00:00,0.728,97.339,30.0,4.4,mw,earthquake,reviewed
2006-08-02 07:51:57.370000+00:00,2.465,95.859,30.0,5.0,mw,earthquake,reviewed
2006-08-02 18:13:59.420000+00:00,3.966,95.967,45.7,5.1,mw,earthquake,reviewed
2006-08-02 18:44:02.590000+00:00,1.071,97.003,30.0,4.1,mw,earthquake,reviewed
2006-08-03 03:33:14.130000+00:00,3.872,95.822,30.0,4.7,mw,earthquake,reviewed
2006-08-03 12:50:05.680000+00:00,-1.316,99.733,49.5,4.4,mw,earthquake,reviewed
2006-08-04 01:23:33.240000+00:00,2.12,96.242,30.0,4.1,mw,earthquake,reviewed
2006-08-04 19:09:35.290000+00:00,4.679,96.671,39.5,4.4,mw,earthquake,reviewed
2006-08-04 22:30:14.800000+00:00,-4.141,101.56,35.0,4.8,mw,earthquake,reviewed
2006-08-06 04:24:38.450000+00:00,2.382,96.174,30.0,4.8,mw,earthquake,reviewed
2006-08-07 18:29:22.730000+00:00,0.797,97.411,39.3,4.6,mw,earthquake,reviewed
2006-08-08 01:31:01.180000+00:00,-5.377,102.299,30.0,4.6,mw,earthquake,reviewed
2006-08-08 10:07:13.190000+00:00,1.371,97.545,80.2,4.7,mw,earthquake,reviewed
2006-08-09 16:22:18.720000+00:00,1.105,99.389,111.1,4.4,mw,earthquake,reviewed
2006-08-10 06:16:33.910000+00:00,-2.295,102.382,190.8,4.7,mw,earthquake,reviewed
2006-08-11 20:54:14.370000+00:00,2.403,96.348,22.0,6.2,mw,earthquake,reviewed
2006-08-11 21:08:27.910000+00:00,2.12,96.216,30.0,4.4,mw,earthquake,reviewed
2006-08-11 21:33:15.930000+00:00,2.71,96.239,30.0,4.1,mw,earthquake,reviewed
2006-08-12 00:28:33.340000+00:00,-0.426,97.405,35.0,4.3,mw,earthquake,reviewed
2006-08-12 06:15:28.160000+00:00,2.189,96.365,28.8,5.1,mw,earthquake,reviewed
2006-08-15 03:02:09.350000+00:00,0.844,97.207,30.0,5.2,mw,earthquake,reviewed
2006-08-16 01:07:07.730000+00:00,1.448,98.528,35.0,4.1,mw,earthquake,reviewed
2006-08-16 06:09:59.430000+00:00,0.759,99.93,128.9,4.2,mw,earthquake,reviewed
2006-08-17 01:04:12.810000+00:00,2.283,96.275,24.7,4.9,mw,earthquake,reviewed
2006-08-17 17:38:33.040000+00:00,-3.432,100.697,30.0,4.8,mw,earthquake,reviewed
2006-08-18 07:49:06.530000+00:00,1.337,97.087,30.0,5.0,mw,earthquake,reviewed
2006-08-18 08:08:51.430000+00:00,1.304,96.988,30.0,4.3,mw,earthquake,reviewed
2006-08-18 17:43:25.110000+00:00,2.903,95.717,30.0,4.9,mw,earthquake,reviewed
2006-08-18 20:41:31.130000+00:00,-1.972,99.561,24.7,4.4,mw,earthquake,reviewed
2006-08-18 20:41:52.580000+00:00,-2.11,99.43,2.2,4.1,mw,earthquake,reviewed
2006-08-19 11:58:07.740000+00:00,2.254,96.479,30.0,4.9,mw,earthquake,reviewed
2006-08-22 03:17:50.390000+00:00,4.48,96.608,30.0,4.7,mw,earthquake,reviewed
2006-08-24 02:23:25.810000+00:00,2.66,95.722,30.0,4.7,mw,earthquake,reviewed
2006-08-25 13:30:06.690000+00:00,1.169,97.09,30.0,4.7,mw,earthquake,reviewed
2006-08-25 18:31:23.260000+00:00,-1.899,99.787,30.0,4.4,mw,earthquake,reviewed
2006-08-27 03:58:34.350000+00:00,3.994,96.002,43.6,4.7,mw,earthquake,reviewed
2006-08-30 01:57:14.110000+00:00,2.059,95.819,30.0,4.1,mw,earthquake,reviewed
2006-08-30 07:14:51.950000+00:00,1.587,97.743,30.0,4.6,mw,earthquake,reviewed
2006-08-31 02:00:09.370000+00:00,3.085,96.381,30.0,4.2,mw,earthquake,reviewed
2006-09-02 10:46:09.530000+00:00,-5.466,102.704,30.0,4.4,mw,earthquake,reviewed
2006-09-03 16:20:36.800000+00:00,0.185,97.18,49.0,5.4,mw,earthquake,reviewed
2006-09-04 13:38:43.570000+00:00,1.546,97.161,29.2,4.9,mw,earthquake,reviewed
2006-09-06 03:18:36.910000+00:00,0.872,97.421,25.1,4.5,mw,earthquake,reviewed
2006-09-06 04:49:03.550000+00:00,0.807,97.424,30.0,4.1,mw,earthquake,reviewed
2006-09-06 10:03:51.710000+00:00,0.965,97.215,30.0,4.4,mw,earthquake,reviewed
2006-09-07 00:09:44.610000+00:00,1.696,97.324,30.0,4.2,mw,earthquake,reviewed
2006-09-08 16:56:30.900000+00:00,1.894,97.632,30.0,4.3,mw,earthquake,reviewed
2006-09-09 05:05:46.710000+00:00,1.124,99.592,14.3,5.4,mw,earthquake,reviewed
2006-09-10 17:58:08.090000+00:00,1.459,97.128,30.0,4.7,mw,earthquake,reviewed
2006-09-10 18:41:25.600000+00:00,2.211,96.316,43.9,4.8,mw,earthquake,reviewed
2006-09-10 23:41:48.290000+00:00,1.277,98.846,101.2,4.6,mw,earthquake,reviewed
2006-09-10 23:48:48.760000+00:00,0.02,96.718,30.0,4.2,mw,earthquake,reviewed
2006-09-11 12:32:56.230000+00:00,0.207,97.272,30.0,4.3,mw,earthquake,reviewed
2006-09-12 08:09:28.400000+00:00,1.716,97.001,30.0,4.7,mw,earthquake,reviewed
2006-09-13 19:27:20.700000+00:00,-3.628,101.305,10.0,4.3,mw,earthquake,reviewed
2006-09-15 22:24:42.230000+00:00,-4.872,102.926,47.3,4.7,mw,earthquake,reviewed
2006-09-16 07:33:17.370000+00:00,1.097,96.855,30.0,4.5,mw,earthquake,reviewed
2006-09-17 00:12:28.820000+00:00,-4.456,102.478,30.0,4.2,mw,earthquake,reviewed
2006-09-17 14:08:47.910000+00:00,-0.06,98.417,30.0,4.6,mw,earthquake,reviewed
2006-09-17 22:29:00.430000+00:00,5.546,96.01,55.4,4.2,mw,earthquake,reviewed
2006-09-19 23:29:29.190000+00:00,-4.5,101.711,30.0,4.4,mw,earthquake,reviewed
2006-09-20 00:09:08.730000+00:00,4.703,96.139,30.0,4.7,mw,earthquake,reviewed
2006-09-21 00:47:46.560000+00:00,1.095,97.069,30.0,4.3,mw,earthquake,reviewed
2006-09-22 17:30:02.680000+00:00,0.79,100.091,10.0,4.6,mw,earthquake,reviewed
2006-09-24 03:57:28.750000+00:00,-3.587,101.827,30.0,4.3,mw,earthquake,reviewed
2006-09-25 09:15:58.940000+00:00,0.728,100.058,30.0,4.6,mw,earthquake,reviewed
2006-09-25 14:15:31.700000+00:00,2.371,96.217,30.0,4.3,mw,earthquake,reviewed
2006-09-26 01:26:57.050000+00:00,-2.163,102.189,186.2,4.5,mw,earthquake,reviewed
2006-09-28 18:48:55.440000+00:00,1.522,97.28,55.7,4.9,mw,earthquake,reviewed
2006-09-28 19:39:12.840000+00:00,1.283,97.062,30.0,4.2,mw,earthquake,reviewed
2006-09-29 21:14:13.440000+00:00,1.645,96.852,30.0,4.1,mw,earthquake,reviewed
2006-10-01 01:01:27.690000+00:00,0.993,97.363,30.0,4.3,mw,earthquake,reviewed
2006-10-02 03:51:19.740000+00:00,2.488,98.959,150.7,4.4,mw,earthquake,reviewed
2006-10-04 13:33:39.520000+00:00,1.074,97.468,50.0,5.0,mw,earthquake,reviewed
2006-10-06 14:49:03.810000+00:00,1.317,97.247,30.6,5.4,mw,earthquake,reviewed
2006-10-06 20:43:34.780000+00:00,1.213,97.093,30.0,4.5,mw,earthquake,reviewed
2006-10-08 21:13:57.090000+00:00,1.071,97.151,30.0,4.1,mw,earthquake,reviewed
2006-10-09 13:45:13.310000+00:00,1.108,97.107,23.0,5.0,mw,earthquake,reviewed
2006-10-12 02:55:25.890000+00:00,-4.01,101.242,30.0,4.5,mw,earthquake,reviewed
2006-10-13 00:32:12.180000+00:00,-5.281,102.587,46.2,4.9,mw,earthquake,reviewed
2006-10-15 01:45:09.790000+00:00,1.878,97.652,35.0,4.6,mw,earthquake,reviewed
2006-10-15 22:08:46.880000+00:00,-2.045,101.158,113.2,4.3,mw,earthquake,reviewed
2006-10-16 06:37:46.540000+00:00,0.39,97.075,30.0,4.4,mw,earthquake,reviewed
2006-10-16 06:38:21.080000+00:00,0.587,97.345,30.0,4.7,mw,earthquake,reviewed
2006-10-16 12:07:53.540000+00:00,2.498,95.865,30.0,4.9,mw,earthquake,reviewed
2006-10-16 19:00:43.660000+00:00,0.991,97.331,30.0,4.5,mw,earthquake,reviewed
2006-10-18 02:01:26.460000+00:00,1.334,97.133,25.8,5.1,mw,earthquake,reviewed
2006-10-19 21:03:13.590000+00:00,1.089,97.09,30.0,4.2,mw,earthquake,reviewed
2006-10-19 21:12:24.200000+00:00,1.182,97.075,30.0,4.6,mw,earthquake,reviewed
2006-10-20 08:31:49.530000+00:00,1.126,97.099,30.0,4.2,mw,earthquake,reviewed
2006-10-21 00:29:37.240000+00:00,0.163,96.992,30.0,4.1,mw,earthquake,reviewed
2006-10-21 06:37:55.490000+00:00,2.121,96.65,30.0,4.4,mw,earthquake,reviewed
2006-10-21 11:53:03.870000+00:00,1.222,97.043,28.2,4.8,mw,earthquake,reviewed
2006-10-21 15:33:15.700000+00:00,-5.296,102.545,41.3,4.5,mw,earthquake,reviewed
2006-10-21 18:02:50.770000+00:00,1.052,97.112,38.4,4.6,mw,earthquake,reviewed
2006-10-22 21:00:56.330000+00:00,0.057,97.065,30.0,4.5,mw,earthquake,reviewed
2006-10-25 03:19:24.270000+00:00,1.809,97.532,30.0,4.3,mw,earthquake,reviewed
2006-10-25 05:06:03.450000+00:00,1.113,97.431,23.1,5.2,mw,earthquake,reviewed
2006-10-25 05:19:42.310000+00:00,1.04,97.359,20.9,5.0,mw,earthquake,reviewed
2006-10-25 12:48:03.880000+00:00,1.018,97.29,30.0,4.6,mw,earthquake,reviewed
2006-10-26 08:59:37.090000+00:00,-3.019,100.923,30.0,4.1,mw,earthquake,reviewed
2006-10-26 15:08:23.320000+00:00,-2.084,100.198,43.6,5.1,mw,earthquake,reviewed
2006-10-26 15:54:39.550000+00:00,2.541,95.853,30.0,4.7,mw,earthquake,reviewed
2006-10-29 14:35:26.180000+00:00,2.521,99.045,154.2,4.4,mw,earthquake,reviewed
2006-10-29 21:58:15.640000+00:00,-4.852,102.385,35.0,4.5,mw,earthquake,reviewed
2006-10-31 20:42:26.350000+00:00,0.683,97.481,30.0,4.6,mw,earthquake,reviewed
2006-11-02 09:25:11.320000+00:00,0.823,97.431,30.0,5.0,mw,earthquake,reviewed
2006-11-04 01:02:56.050000+00:00,2.326,99.248,153.6,4.3,mw,earthquake,reviewed
2006-11-09 15:55:48.360000+00:00,0.913,97.212,24.8,5.2,mw,earthquake,reviewed
2006-11-10 05:22:09.540000+00:00,-4.977,102.592,30.0,4.3,mw,earthquake,reviewed
2006-11-10 16:48:00.130000+00:00,1.449,96.828,30.0,4.5,mw,earthquake,reviewed
2006-11-11 10:18:21.870000+00:00,0.354,97.692,30.0,4.7,mw,earthquake,reviewed
2006-11-11 10:20:25.410000+00:00,0.653,97.316,30.0,4.6,mw,earthquake,reviewed
2006-11-14 00:06:16.270000+00:00,1.176,97.324,30.0,4.1,mw,earthquake,reviewed
2006-11-14 00:38:30.990000+00:00,1.033,97.117,30.0,4.5,mw,earthquake,reviewed
2006-11-15 22:32:12.520000+00:00,0.574,98.575,30.0,4.4,mw,earthquake,reviewed
2006-11-16 03:14:28.420000+00:00,2.659,95.66,30.0,4.5,mw,earthquake,reviewed
2006-11-17 07:32:49.130000+00:00,0.231,97.681,30.0,4.1,mw,earthquake,reviewed
2006-11-18 04:52:54.610000+00:00,-3.34,102.278,30.0,4.4,mw,earthquake,reviewed
2006-11-18 20:39:32.970000+00:00,2.197,96.21,30.0,4.5,mw,earthquake,reviewed
2006-11-20 11:23:04.370000+00:00,-4.163,102.474,30.0,5.0,mw,earthquake,reviewed
2006-11-22 02:56:48.060000+00:00,1.66,96.982,30.0,4.8,mw,earthquake,reviewed
2006-11-23 20:42:38.030000+00:00,1.656,99.529,180.3,4.4,mw,earthquake,reviewed
2006-11-25 00:53:24.750000+00:00,2.395,95.918,30.0,4.4,mw,earthquake,reviewed
2006-11-25 18:50:24.860000+00:00,2.989,97.015,53.9,4.9,mw,earthquake,reviewed
2006-11-26 02:50:32.860000+00:00,0.829,96.879,24.9,4.4,mw,earthquake,reviewed
2006-11-28 00:28:59.350000+00:00,-3.641,100.948,35.4,4.6,mw,earthquake,reviewed
2006-11-28 07:44:15.100000+00:00,1.607,96.877,30.0,4.5,mw,earthquake,reviewed
2006-12-01 03:58:21.650000+00:00,3.39,99.079,204.0,6.3,mw,earthquake,reviewed
2006-12-01 19:14:40.020000+00:00,0.957,97.223,30.0,4.2,mw,earthquake,reviewed
2006-12-04 13:40:01.390000+00:00,0.137,96.99,30.0,4.7,mw,earthquake,reviewed
2006-12-06 12:06:39.290000+00:00,4.86,96.228,30.0,5.2,mw,earthquake,reviewed
2006-12-08 06:31:30.300000+00:00,1.154,96.704,30.0,4.1,mw,earthquake,reviewed
2006-12-09 15:52:06.140000+00:00,2.251,96.217,35.9,4.2,mw,earthquake,reviewed
2006-12-09 18:03:02.650000+00:00,-3.76,101.74,74.4,4.2,mw,earthquake,reviewed
2006-12-11 04:15:32.110000+00:00,2.224,96.08,30.0,4.6,mw,earthquake,reviewed
2006-12-13 18:32:05.850000+00:00,1.235,97.047,30.0,4.1,mw,earthquake,reviewed
2006-12-14 04:14:40.850000+00:00,-5.901,101.736,30.0,4.3,mw,earthquake,reviewed
2006-12-14 18:38:42.100000+00:00,-4.602,102.27,22.9,4.4,mw,earthquake,reviewed
2006-12-15 04:05:44.420000+00:00,-4.414,102.398,30.0,4.5,mw,earthquake,reviewed
2006-12-15 04:38:48.950000+00:00,1.268,97.042,30.0,4.5,mw,earthquake,reviewed
2006-12-15 05:26:29.310000+00:00,1.303,97.084,30.0,4.6,mw,earthquake,reviewed
2006-12-16 04:51:18.870000+00:00,0.35,96.974,30.0,4.7,mw,earthquake,reviewed
2006-12-17 10:01:54.630000+00:00,2.824,95.589,50.3,4.3,mw,earthquake,reviewed
2006-12-17 21:39:17.450000+00:00,0.626,99.859,30.0,5.8,mw,earthquake,reviewed
2006-12-17 21:54:42.930000+00:00,0.05,100.0,30.0,4.2,mw,earthquake,reviewed
2006-12-17 21:54:59.220000+00:00,0.504,99.958,30.0,4.6,mw,earthquake,reviewed
2006-12-17 23:01:27.010000+00:00,0.464,99.977,30.0,4.3,mw,earthquake,reviewed
2006-12-17 23:18:24.750000+00:00,0.514,99.69,30.0,4.1,mw,earthquake,reviewed
2006-12-18 01:24:20.220000+00:00,0.557,99.368,30.0,4.8,mw,earthquake,reviewed
2006-12-18 09:43:23.730000+00:00,0.553,100.225,30.0,4.3,mw,earthquake,reviewed
2006-12-18 16:38:18.470000+00:00,0.599,100.434,215.0,4.5,mw,earthquake,reviewed
2006-12-19 10:18:15.940000+00:00,0.568,100.092,35.6,4.5,mw,earthquake,reviewed
2006-12-19 12:48:16.600000+00:00,2.458,98.0,66.0,5.0,mw,earthquake,reviewed
2006-12-19 22:32:28.910000+00:00,-4.974,102.147,30.0,4.3,mw,earthquake,reviewed
2006-12-20 12:21:17.320000+00:00,2.835,96.098,30.0,4.6,mw,earthquake,reviewed
2006-12-23 12:10:09.370000+00:00,2.038,96.654,30.0,4.6,mw,earthquake,reviewed
2006-12-25 08:21:33.230000+00:00,3.024,95.792,30.0,4.8,mw,earthquake,reviewed
2006-12-26 19:30:16.420000+00:00,4.766,96.077,30.0,4.4,mw,earthquake,reviewed
2006-12-29 08:21:08.640000+00:00,1.666,97.651,30.0,4.3,mw,earthquake,reviewed
2006-12-30 01:58:09.920000+00:00,1.196,96.979,30.0,4.7,mw,earthquake,reviewed
2007-01-03 04:48:09.680000+00:00,0.061,99.563,30.0,4.5,mw,earthquake,reviewed
2007-01-03 23:31:22.100000+00:00,-5.442,101.413,30.0,5.2,mw,earthquake,reviewed
2007-01-03 23:48:15.920000+00:00,-5.45,101.477,30.0,5.4,mw,earthquake,reviewed
2007-01-04 00:02:41.750000+00:00,-5.541,101.359,30.0,4.7,mw,earthquake,reviewed
2007-01-05 11:54:04.880000+00:00,0.254,97.959,30.0,5.3,mw,earthquake,reviewed
2007-01-06 16:32:31.210000+00:00,0.468,96.52,4.5,4.5,mw,earthquake,reviewed
2007-01-06 17:15:35.700000+00:00,0.762,96.739,30.0,4.5,mw,earthquake,reviewed
2007-01-08 22:54:42.010000+00:00,0.353,99.742,30.0,4.3,mw,earthquake,reviewed
2007-01-09 04:40:34.870000+00:00,2.365,96.218,30.0,5.0,mw,earthquake,reviewed
2007-01-09 05:37:12.180000+00:00,2.294,96.178,30.0,4.9,mw,earthquake,reviewed
2007-01-13 11:42:19.580000+00:00,2.023,96.734,30.0,4.1,mw,earthquake,reviewed
2007-01-14 22:09:40.190000+00:00,1.248,97.769,30.0,4.2,mw,earthquake,reviewed
2007-01-15 12:46:43.190000+00:00,0.256,97.295,30.0,4.3,mw,earthquake,reviewed
2007-01-15 16:28:38.850000+00:00,-4.983,102.23,36.7,4.7,mw,earthquake,reviewed
2007-01-17 06:52:14.280000+00:00,-5.62,101.344,30.0,4.4,mw,earthquake,reviewed
2007-01-18 04:26:52.080000+00:00,1.122,97.056,30.0,4.3,mw,earthquake,reviewed
2007-01-18 08:04:08.380000+00:00,1.013,97.218,30.0,4.8,mw,earthquake,reviewed
2007-01-18 15:27:18.320000+00:00,-5.488,101.454,17.5,5.9,mw,earthquake,reviewed
2007-01-18 16:12:01.190000+00:00,-5.593,101.43,30.0,4.5,mw,earthquake,reviewed
2007-01-20 20:54:08.620000+00:00,0.355,97.391,33.6,4.8,mw,earthquake,reviewed
2007-01-21 04:08:50+00:00,-5.431,105.722,100.0,4.1,mw,earthquake,reviewed
2007-01-22 01:47:38.640000+00:00,2.941,96.535,30.0,4.9,mw,earthquake,reviewed
2007-01-22 16:44:33.800000+00:00,2.822,95.807,24.0,5.3,mw,earthquake,reviewed
2007-01-23 00:16:34.800000+00:00,0.7,96.99,30.0,4.4,mw,earthquake,reviewed
2007-01-23 03:41:08.590000+00:00,2.71,95.673,30.0,4.9,mw,earthquake,reviewed
2007-01-25 07:38:56.640000+00:00,4.807,96.17,30.0,4.5,mw,earthquake,reviewed
2007-01-25 15:18:36.030000+00:00,1.734,97.111,30.0,5.0,mw,earthquake,reviewed
2007-01-29 05:54:27.670000+00:00,-5.412,102.697,30.0,4.8,mw,earthquake,reviewed
2007-01-31 00:06:31.330000+00:00,2.882,96.401,30.0,4.2,mw,earthquake,reviewed
2007-01-31 03:50:43.870000+00:00,1.112,97.205,30.0,4.1,mw,earthquake,reviewed
2007-01-31 15:17:30.030000+00:00,0.578,98.224,30.0,4.4,mw,earthquake,reviewed
2007-02-05 22:51:34.520000+00:00,2.537,99.363,97.2,4.3,mw,earthquake,reviewed
2007-02-06 01:40:04.060000+00:00,-5.193,102.283,39.0,4.6,mw,earthquake,reviewed
2007-02-08 01:54:54.500000+00:00,2.703,95.65,30.0,5.2,mw,earthquake,reviewed
2007-02-09 22:28:52.020000+00:00,1.194,97.088,30.0,4.3,mw,earthquake,reviewed
2007-02-10 00:10:13.040000+00:00,1.176,97.215,30.0,4.8,mw,earthquake,reviewed
2007-02-10 01:24:10.080000+00:00,2.481,95.754,30.0,4.3,mw,earthquake,reviewed
2007-02-10 08:10:17.480000+00:00,1.056,97.137,30.0,4.6,mw,earthquake,reviewed
2007-02-11 22:50:56.500000+00:00,2.493,95.774,30.0,4.1,mw,earthquake,reviewed
2007-02-12 04:44:09.810000+00:00,1.51,97.114,30.0,5.1,mw,earthquake,reviewed
2007-02-14 19:49:58.700000+00:00,0.432,97.308,16.0,5.7,mw,earthquake,reviewed
2007-02-14 20:46:31.930000+00:00,0.642,97.23,4.7,5.4,mw,earthquake,reviewed
2007-02-15 10:20:49.970000+00:00,0.569,97.199,35.3,4.8,mw,earthquake,reviewed
2007-02-17 09:47:10.530000+00:00,-3.103,100.263,30.0,4.7,mw,earthquake,reviewed
2007-02-18 10:45:23.990000+00:00,1.071,97.372,30.0,5.1,mw,earthquake,reviewed
2007-02-18 12:26:10.910000+00:00,1.233,97.048,30.0,4.9,mw,earthquake,reviewed
2007-02-18 17:45:36.380000+00:00,4.304,96.722,77.2,4.1,mw,earthquake,reviewed
2007-02-19 15:13:22.330000+00:00,-4.388,102.976,54.8,5.4,mw,earthquake,reviewed
2007-02-21 02:06:58.770000+00:00,0.167,97.589,30.0,4.3,mw,earthquake,reviewed
2007-02-21 16:59:47.940000+00:00,2.787,95.638,48.4,4.5,mw,earthquake,reviewed
2007-02-22 07:40:04.550000+00:00,4.046,97.001,30.0,4.8,mw,earthquake,reviewed
2007-02-26 16:55:14.100000+00:00,-0.626,98.923,30.0,4.5,mw,earthquake,reviewed
2007-02-27 00:11:27.040000+00:00,2.231,96.364,30.0,4.2,mw,earthquake,reviewed
2007-02-28 13:03:04.510000+00:00,2.454,95.931,30.0,4.6,mw,earthquake,reviewed
2007-03-01 02:01:07+00:00,3.776,96.336,74.2,5.2,mw,earthquake,reviewed
2007-03-06 03:23:15.130000+00:00,-0.968,100.035,20.0,4.8,mw,earthquake,reviewed
2007-03-06 03:49:38.900000+00:00,-0.493,100.498,19.0,6.4,mw,earthquake,reviewed
2007-03-06 05:49:25.430000+00:00,-0.488,100.53,11.0,6.3,mw,earthquake,reviewed
2007-03-06 08:13:39.510000+00:00,-0.452,100.775,20.0,4.7,mw,earthquake,reviewed
2007-03-06 08:49:50.380000+00:00,-0.54,100.712,20.0,5.0,mw,earthquake,reviewed
2007-03-06 09:34:03.120000+00:00,1.404,97.06,30.0,4.9,mw,earthquake,reviewed
2007-03-06 10:08:53.580000+00:00,-0.538,100.81,20.0,4.5,mw,earthquake,reviewed
2007-03-06 12:53:06.860000+00:00,-0.399,100.913,20.0,5.0,mw,earthquake,reviewed
2007-03-06 15:22:17.670000+00:00,-0.452,101.009,20.0,4.6,mw,earthquake,reviewed
2007-03-06 16:02:13.990000+00:00,-0.474,100.672,20.0,4.3,mw,earthquake,reviewed
2007-03-06 16:23:52.930000+00:00,-0.55,100.738,20.0,5.0,mw,earthquake,reviewed
2007-03-06 17:37:21.300000+00:00,-0.579,100.599,20.0,4.4,mw,earthquake,reviewed
2007-03-06 20:14:50.330000+00:00,-0.672,100.661,20.0,4.7,mw,earthquake,reviewed
2007-03-07 06:15:56.760000+00:00,-4.739,103.049,35.0,4.7,mw,earthquake,reviewed
2007-03-07 10:53:37.590000+00:00,1.955,97.908,35.0,5.9,mw,earthquake,reviewed
2007-03-07 11:52:14.480000+00:00,-5.1,102.293,42.1,5.0,mw,earthquake,reviewed
2007-03-08 22:36:12.570000+00:00,-1.113,99.996,35.0,4.7,mw,earthquake,reviewed
2007-03-08 22:39:45.020000+00:00,-0.716,100.506,20.0,4.3,mw,earthquake,reviewed
2007-03-10 05:31:03.990000+00:00,-3.246,101.361,54.3,4.5,mw,earthquake,reviewed
2007-03-14 00:54:43.160000+00:00,0.093,97.018,30.0,4.4,mw,earthquake,reviewed
2007-03-16 10:07:15.520000+00:00,1.566,97.044,30.0,4.2,mw,earthquake,reviewed
2007-03-16 14:15:47.480000+00:00,-2.126,101.993,163.9,4.2,mw,earthquake,reviewed
2007-03-21 19:16:25.120000+00:00,4.477,96.324,30.0,4.1,mw,earthquake,reviewed
2007-03-26 03:03:37+00:00,0.925,97.231,30.0,4.8,mw,earthquake,reviewed
2007-03-27 18:33:17.690000+00:00,0.909,97.24,30.0,4.6,mw,earthquake,reviewed
2007-03-28 16:08:48.030000+00:00,-4.772,103.157,71.9,5.1,mw,earthquake,reviewed
2007-03-29 01:36:05.280000+00:00,2.161,96.215,30.0,4.5,mw,earthquake,reviewed
2007-03-30 19:49:02.370000+00:00,2.065,96.767,30.0,4.8,mw,earthquake,reviewed
2007-03-31 18:34:22.130000+00:00,0.738,97.462,30.0,4.3,mw,earthquake,reviewed
2007-04-01 20:10:49.610000+00:00,-4.946,103.393,35.0,4.3,mw,earthquake,reviewed
2007-04-02 21:01:29.110000+00:00,1.68,97.69,30.0,4.3,mw,earthquake,reviewed
2007-04-03 08:20:57.310000+00:00,2.512,95.759,30.0,4.3,mw,earthquake,reviewed
2007-04-03 20:23:23.390000+00:00,-4.434,102.954,75.6,5.2,mw,earthquake,reviewed
2007-04-03 22:32:35.210000+00:00,2.12,96.681,30.0,4.4,mw,earthquake,reviewed
2007-04-04 14:45:10.830000+00:00,2.618,95.854,30.0,4.3,mw,earthquake,reviewed
2007-04-05 19:14:51.280000+00:00,1.127,97.198,45.5,4.7,mw,earthquake,reviewed
2007-04-06 11:46:17.050000+00:00,0.607,99.855,160.8,4.2,mw,earthquake,reviewed
2007-04-07 09:51:51.620000+00:00,2.916,95.7,30.0,6.1,mw,earthquake,reviewed
2007-04-08 04:48:19.610000+00:00,-4.557,102.767,24.7,5.0,mw,earthquake,reviewed
2007-04-10 04:58:12.650000+00:00,4.546,96.32,30.0,4.2,mw,earthquake,reviewed
2007-04-11 06:41:55.050000+00:00,1.267,97.137,30.0,5.0,mw,earthquake,reviewed
2007-04-11 12:26:27.800000+00:00,2.762,95.629,30.0,4.6,mw,earthquake,reviewed
2007-04-13 12:20:53.920000+00:00,1.714,97.153,39.8,5.0,mw,earthquake,reviewed
2007-04-14 06:26:20.550000+00:00,3.787,95.799,30.0,4.6,mw,earthquake,reviewed
2007-04-15 09:11:12.230000+00:00,1.777,97.68,30.0,4.6,mw,earthquake,reviewed
2007-04-19 16:51:35.870000+00:00,-4.912,102.115,30.0,4.3,mw,earthquake,reviewed
2007-04-20 04:44:48.970000+00:00,0.231,98.776,30.0,4.3,mw,earthquake,reviewed
2007-04-20 16:41:17.690000+00:00,2.345,99.124,153.8,4.3,mw,earthquake,reviewed
2007-04-21 10:12:45.850000+00:00,-2.958,101.187,45.6,5.1,mw,earthquake,reviewed
2007-04-21 17:15:54.730000+00:00,1.164,97.09,30.0,4.7,mw,earthquake,reviewed
2007-04-22 17:48:50.030000+00:00,2.011,96.589,30.0,4.4,mw,earthquake,reviewed
2007-04-22 21:49:52.600000+00:00,4.629,96.1,30.0,4.5,mw,earthquake,reviewed
2007-04-22 22:12:58.850000+00:00,2.295,95.892,35.0,4.2,mw,earthquake,reviewed
2007-04-23 09:33:52.130000+00:00,-5.605,105.867,181.0,4.5,mw,earthquake,reviewed
2007-04-24 05:55:29.360000+00:00,1.586,97.047,24.9,4.8,mw,earthquake,reviewed
2007-04-25 20:24:13.540000+00:00,2.222,96.308,30.9,4.6,mw,earthquake,reviewed
2007-04-26 06:02:02.820000+00:00,0.951,97.276,30.0,4.6,mw,earthquake,reviewed
2007-04-26 14:13:53.040000+00:00,-5.844,101.003,30.0,4.3,mw,earthquake,reviewed
2007-04-27 02:17:38.890000+00:00,-5.42,104.899,36.4,4.8,mw,earthquake,reviewed
2007-04-28 19:14:29.330000+00:00,1.759,99.27,23.9,4.9,mw,earthquake,reviewed
2007-04-28 20:40:48.450000+00:00,-1.188,99.997,64.7,4.4,mw,earthquake,reviewed
2007-04-29 17:22:53.290000+00:00,2.776,95.797,42.8,4.9,mw,earthquake,reviewed
2007-04-29 18:44:10.390000+00:00,1.715,97.714,30.0,4.4,mw,earthquake,reviewed
2007-05-02 01:55:40.840000+00:00,0.86,97.421,30.8,4.5,mw,earthquake,reviewed
2007-05-04 01:16:01.940000+00:00,1.068,97.128,25.3,4.6,mw,earthquake,reviewed
2007-05-04 06:24:47.160000+00:00,3.941,95.919,30.0,4.4,mw,earthquake,reviewed
2007-05-04 19:29:15.090000+00:00,-2.328,99.873,30.0,5.0,mw,earthquake,reviewed
2007-05-06 15:16:20.110000+00:00,0.827,97.381,27.3,4.4,mw,earthquake,reviewed
2007-05-07 10:40:11.040000+00:00,1.832,97.042,30.0,4.9,mw,earthquake,reviewed
2007-05-08 15:26:29.810000+00:00,-4.449,101.996,30.0,4.5,mw,earthquake,reviewed
2007-05-09 18:30:57.740000+00:00,0.864,100.112,7.6,4.9,mw,earthquake,reviewed
2007-05-10 10:12:46.160000+00:00,-4.809,102.915,30.0,4.7,mw,earthquake,reviewed
2007-05-10 10:24:14.800000+00:00,1.345,98.953,91.3,4.6,mw,earthquake,reviewed
2007-05-11 15:13:47.840000+00:00,2.162,96.368,30.0,4.1,mw,earthquake,reviewed
2007-05-13 14:49:32.700000+00:00,2.525,96.073,30.0,4.4,mw,earthquake,reviewed
2007-05-14 09:31:43.100000+00:00,1.255,97.248,30.0,5.5,mw,earthquake,reviewed
2007-05-15 18:34:55.920000+00:00,1.491,97.07,30.0,4.8,mw,earthquake,reviewed
2007-05-16 12:03:16.410000+00:00,1.262,97.01,30.0,4.5,mw,earthquake,reviewed
2007-05-18 00:12:59.020000+00:00,1.32,97.192,36.4,5.0,mw,earthquake,reviewed
2007-05-18 04:14:09.980000+00:00,0.255,97.728,30.0,4.8,mw,earthquake,reviewed
2007-05-18 12:03:27.660000+00:00,1.135,97.217,35.0,4.3,mw,earthquake,reviewed
2007-05-18 12:04:02+00:00,1.097,97.185,20.2,4.7,mw,earthquake,reviewed
2007-05-18 14:10:52.160000+00:00,-3.619,100.721,30.0,4.5,mw,earthquake,reviewed
2007-05-18 15:57:25.080000+00:00,4.111,96.032,30.0,5.2,mw,earthquake,reviewed
2007-05-22 03:41:12.170000+00:00,2.009,96.749,30.0,5.0,mw,earthquake,reviewed
2007-05-22 05:06:48.640000+00:00,1.532,99.046,30.0,4.3,mw,earthquake,reviewed
2007-05-23 03:49:46.380000+00:00,-5.894,102.797,30.0,4.2,mw,earthquake,reviewed
2007-05-23 20:19:14.190000+00:00,2.629,95.548,39.9,5.2,mw,earthquake,reviewed
2007-05-25 13:58:38.170000+00:00,2.324,97.067,30.0,4.6,mw,earthquake,reviewed
2007-05-25 14:18:09.270000+00:00,2.115,96.801,10.0,4.2,mw,earthquake,reviewed
2007-05-29 06:32:15.210000+00:00,2.307,95.86,10.0,4.7,mw,earthquake,reviewed
2007-06-03 16:05:48.280000+00:00,0.635,97.008,30.0,4.4,mw,earthquake,reviewed
2007-06-05 02:13:43.090000+00:00,-5.795,103.666,30.0,4.2,mw,earthquake,reviewed
2007-06-09 10:35:50.420000+00:00,-5.882,105.544,59.6,4.5,mw,earthquake,reviewed
2007-06-09 14:59:32.810000+00:00,2.642,96.127,52.5,4.7,mw,earthquake,reviewed
2007-06-09 14:59:50.100000+00:00,2.606,96.04,24.4,5.2,mw,earthquake,reviewed
2007-06-10 17:24:21.810000+00:00,-3.928,102.035,30.0,4.3,mw,earthquake,reviewed
2007-06-11 22:34:18+00:00,-0.38,99.8,100.0,4.6,mw,earthquake,reviewed
2007-06-12 03:51:31.330000+00:00,1.205,97.139,30.0,5.0,mw,earthquake,reviewed
2007-06-12 23:44:09.050000+00:00,-4.727,103.518,132.1,4.7,mw,earthquake,reviewed
2007-06-15 14:13:22.370000+00:00,0.614,97.26,30.0,4.2,mw,earthquake,reviewed
2007-06-16 02:44:21.330000+00:00,1.036,97.193,30.0,4.3,mw,earthquake,reviewed
2007-06-16 23:47:53.700000+00:00,-5.567,103.938,35.0,4.6,mw,earthquake,reviewed
2007-06-20 03:08:21.260000+00:00,-3.97,101.512,30.0,4.2,mw,earthquake,reviewed
2007-06-20 05:57:06.800000+00:00,2.125,96.261,30.0,4.4,mw,earthquake,reviewed
2007-06-20 10:25:17.240000+00:00,-1.768,99.845,10.0,4.2,mw,earthquake,reviewed
2007-06-20 13:23:02.730000+00:00,-1.761,99.812,37.9,4.5,mw,earthquake,reviewed
2007-06-23 11:47:37.590000+00:00,1.12,97.261,30.0,5.0,mw,earthquake,reviewed
2007-06-23 16:47:30.720000+00:00,1.192,97.328,51.2,5.1,mw,earthquake,reviewed
2007-06-28 17:30:17.570000+00:00,4.009,96.059,69.2,4.8,mw,earthquake,reviewed
2007-06-28 22:37:00.050000+00:00,-5.853,103.862,27.4,5.2,mw,earthquake,reviewed
2007-06-29 04:13:11.380000+00:00,0.212,97.1,38.1,4.1,mw,earthquake,reviewed
2007-06-30 14:08:39.860000+00:00,2.452,99.045,150.0,4.1,mw,earthquake,reviewed
2007-07-04 16:46:33.890000+00:00,4.537,96.298,30.0,4.6,mw,earthquake,reviewed
2007-07-05 06:26:28.140000+00:00,-5.678,104.219,30.0,4.5,mw,earthquake,reviewed
2007-07-05 21:42:32.430000+00:00,1.974,96.202,30.0,4.1,mw,earthquake,reviewed
2007-07-08 07:48:19.340000+00:00,2.408,96.257,23.7,5.0,mw,earthquake,reviewed
2007-07-08 20:49:03.760000+00:00,0.11,97.053,30.0,4.5,mw,earthquake,reviewed
2007-07-09 22:05:06.650000+00:00,-5.082,102.663,79.7,4.4,mw,earthquake,reviewed
2007-07-10 01:37:48.970000+00:00,0.94,97.492,43.4,4.6,mw,earthquake,reviewed
2007-07-11 15:17:50.420000+00:00,1.273,97.093,30.0,4.2,mw,earthquake,reviewed
2007-07-15 05:27:12.050000+00:00,0.933,97.606,24.0,4.3,mw,earthquake,reviewed
2007-07-16 12:56:49.920000+00:00,1.233,97.201,23.6,4.4,mw,earthquake,reviewed
2007-07-18 19:37:31.460000+00:00,-5.954,104.537,30.0,5.1,mw,earthquake,reviewed
2007-07-19 23:00:18.070000+00:00,-1.732,100.624,76.7,4.3,mw,earthquake,reviewed
2007-07-21 12:53:03.570000+00:00,5.003,97.456,30.0,5.2,mw,earthquake,reviewed
2007-07-22 00:47:16.790000+00:00,0.25,97.758,30.0,4.4,mw,earthquake,reviewed
2007-07-23 22:54:04.930000+00:00,4.964,97.73,133.1,4.5,mw,earthquake,reviewed
2007-07-24 10:10:29.810000+00:00,0.103,98.656,30.0,4.1,mw,earthquake,reviewed
2007-07-24 13:14:24.670000+00:00,0.084,98.706,30.0,4.3,mw,earthquake,reviewed
2007-07-24 14:51:31.680000+00:00,2.265,98.001,62.9,5.3,mw,earthquake,reviewed
2007-07-27 10:36:05.820000+00:00,-2.654,101.283,30.0,4.3,mw,earthquake,reviewed
2007-07-28 21:12:16.310000+00:00,2.878,95.936,26.2,4.8,mw,earthquake,reviewed
2007-07-30 06:56:07.300000+00:00,2.195,96.231,37.4,5.0,mw,earthquake,reviewed
2007-07-30 10:38:37.190000+00:00,1.913,97.84,30.0,5.0,mw,earthquake,reviewed
2007-07-31 00:44:48.060000+00:00,2.63,95.623,41.9,4.5,mw,earthquake,reviewed
2007-07-31 09:58:57.930000+00:00,0.711,97.848,30.0,4.1,mw,earthquake,reviewed
2007-07-31 14:26:44.700000+00:00,1.196,97.102,30.0,4.3,mw,earthquake,reviewed
2007-07-31 23:39:05.560000+00:00,4.09,96.485,32.5,4.9,mw,earthquake,reviewed
2007-08-01 04:23:56.330000+00:00,1.221,97.24,30.0,4.1,mw,earthquake,reviewed
2007-08-01 18:08:40.980000+00:00,-5.022,102.866,10.0,4.9,mw,earthquake,reviewed
2007-08-02 08:54:22.110000+00:00,2.113,96.139,30.0,4.8,mw,earthquake,reviewed
2007-08-02 12:56:43.900000+00:00,-0.759,100.423,30.0,4.7,mw,earthquake,reviewed
2007-08-02 21:00:09.740000+00:00,-3.619,102.032,81.1,4.7,mw,earthquake,reviewed
2007-08-02 21:37:07.790000+00:00,-1.113,99.918,30.0,4.9,mw,earthquake,reviewed
2007-08-04 16:57:17.190000+00:00,3.305,97.4,102.0,4.5,mw,earthquake,reviewed
2007-08-04 18:29:41.050000+00:00,1.322,97.13,24.0,4.6,mw,earthquake,reviewed
2007-08-05 18:16:42.260000+00:00,1.025,97.276,30.0,4.1,mw,earthquake,reviewed
2007-08-06 23:06:28.380000+00:00,2.348,95.712,15.7,4.5,mw,earthquake,reviewed
2007-08-10 17:47:48.050000+00:00,0.275,97.917,30.0,4.2,mw,earthquake,reviewed
2007-08-10 18:21:32.770000+00:00,0.253,97.657,23.6,4.3,mw,earthquake,reviewed
2007-08-12 09:40:17.110000+00:00,-0.555,101.303,183.5,4.6,mw,earthquake,reviewed
2007-08-12 21:54:21.690000+00:00,0.271,97.695,13.1,4.7,mw,earthquake,reviewed
2007-08-12 21:58:18.340000+00:00,0.234,97.691,23.5,4.4,mw,earthquake,reviewed
2007-08-12 23:32:45.890000+00:00,0.255,97.727,16.4,4.7,mw,earthquake,reviewed
2007-08-14 07:20:03.580000+00:00,0.055,97.478,30.0,4.6,mw,earthquake,reviewed
2007-08-15 15:30:34.250000+00:00,1.574,99.419,169.7,4.5,mw,earthquake,reviewed
2007-08-16 03:31:47.220000+00:00,2.041,98.007,69.7,4.9,mw,earthquake,reviewed
2007-08-17 02:51:41.280000+00:00,1.703,96.967,30.0,4.2,mw,earthquake,reviewed
2007-08-18 04:38:23.430000+00:00,2.075,96.693,30.0,5.1,mw,earthquake,reviewed
2007-08-19 13:12:39.300000+00:00,0.888,97.539,30.0,5.1,mw,earthquake,reviewed
2007-08-19 13:14:11.920000+00:00,0.884,97.413,30.0,4.7,mw,earthquake,reviewed
2007-08-19 13:23:19.330000+00:00,0.815,97.528,30.0,4.5,mw,earthquake,reviewed
2007-08-19 13:29:49.440000+00:00,0.941,97.415,30.0,4.5,mw,earthquake,reviewed
2007-08-19 13:34:24.700000+00:00,0.868,97.532,30.0,5.1,mw,earthquake,reviewed
2007-08-20 12:32:37.790000+00:00,0.039,98.347,30.0,4.6,mw,earthquake,reviewed
2007-08-22 00:35:33.040000+00:00,1.316,99.383,106.6,4.2,mw,earthquake,reviewed
2007-08-26 15:27:27.410000+00:00,-4.509,102.019,15.0,4.1,mw,earthquake,reviewed
2007-08-29 20:24:09.890000+00:00,2.079,96.0,10.0,4.6,mw,earthquake,reviewed
2007-08-30 11:07:18.930000+00:00,1.798,99.318,145.8,5.4,mw,earthquake,reviewed
2007-08-31 14:03:06.480000+00:00,1.926,95.852,35.0,4.9,mw,earthquake,reviewed
2007-09-03 18:15:10.590000+00:00,4.132,96.372,30.0,4.9,mw,earthquake,reviewed
2007-09-05 13:56:29.570000+00:00,0.464,99.728,122.6,4.2,mw,earthquake,reviewed
2007-09-05 14:19:13.730000+00:00,-4.795,102.387,30.0,4.1,mw,earthquake,reviewed
2007-09-07 11:04:18.030000+00:00,2.65,96.186,35.0,4.3,mw,earthquake,reviewed
2007-09-07 19:02:50.450000+00:00,0.347,97.746,30.0,4.1,mw,earthquake,reviewed
2007-09-08 00:35:23.170000+00:00,-2.301,101.999,167.5,4.4,mw,earthquake,reviewed
2007-09-08 08:39:38.170000+00:00,0.292,97.753,25.7,5.2,mw,earthquake,reviewed
2007-09-08 11:31:44.340000+00:00,0.339,97.802,30.0,5.1,mw,earthquake,reviewed
2007-09-09 06:18:10.320000+00:00,2.406,96.011,55.1,4.2,mw,earthquake,reviewed
2007-09-11 16:36:09.930000+00:00,-5.73,105.53,10.0,5.1,mw,earthquake,reviewed
2007-09-12 03:19:25.520000+00:00,3.998,96.097,39.6,4.7,mw,earthquake,reviewed
2007-09-12 11:10:26.830000+00:00,-4.438,101.367,34.0,8.4,mw,earthquake,reviewed
2007-09-12 11:23:07.610000+00:00,-2.587,101.792,35.0,5.1,mw,earthquake,reviewed
2007-09-12 11:30:11.570000+00:00,-4.264,101.365,35.0,5.4,mw,earthquake,reviewed
2007-09-12 11:40:01.770000+00:00,-2.84,100.221,35.0,5.6,mw,earthquake,reviewed
2007-09-12 11:59:02.890000+00:00,-2.736,100.802,35.0,4.8,mw,earthquake,reviewed
2007-09-12 12:04:24.400000+00:00,-3.042,100.934,35.0,4.8,mw,earthquake,reviewed
2007-09-12 12:06:09.450000+00:00,-4.184,101.305,35.0,5.1,mw,earthquake,reviewed
2007-09-12 12:15:11.930000+00:00,-3.928,101.334,35.0,4.6,mw,earthquake,reviewed
2007-09-12 12:21:47.100000+00:00,-2.71,100.278,35.0,5.3,mw,earthquake,reviewed
2007-09-12 12:26:11.080000+00:00,-3.676,101.464,35.0,4.8,mw,earthquake,reviewed
2007-09-12 12:36:46.580000+00:00,-3.214,100.982,35.0,4.6,mw,earthquake,reviewed
2007-09-12 12:51:19.050000+00:00,-2.983,100.759,35.0,4.2,mw,earthquake,reviewed
2007-09-12 12:59:22.230000+00:00,-2.918,100.536,35.0,5.0,mw,earthquake,reviewed
2007-09-12 13:02:07.440000+00:00,-2.93,101.379,35.0,5.7,mw,earthquake,reviewed
2007-09-12 13:07:41.870000+00:00,-3.526,100.747,35.0,5.1,mw,earthquake,reviewed
2007-09-12 13:17:19.140000+00:00,-3.259,100.722,43.0,5.3,mw,earthquake,reviewed
2007-09-12 13:21:15.710000+00:00,-3.504,101.489,35.0,4.8,mw,earthquake,reviewed
2007-09-12 13:31:00.850000+00:00,-4.862,101.812,35.0,4.5,mw,earthquake,reviewed
2007-09-12 13:53:24.610000+00:00,-4.155,101.292,21.4,4.8,mw,earthquake,reviewed
2007-09-12 14:04:56.130000+00:00,-4.2,101.186,25.7,5.0,mw,earthquake,reviewed
2007-09-12 14:07:59.770000+00:00,-3.552,100.23,35.0,4.4,mw,earthquake,reviewed
2007-09-12 14:13:22.290000+00:00,-4.306,100.837,23.2,4.2,mw,earthquake,reviewed
2007-09-12 14:25:06.580000+00:00,-2.775,100.197,24.0,5.0,mw,earthquake,reviewed
2007-09-12 14:37:02.740000+00:00,-3.211,101.041,35.0,4.8,mw,earthquake,reviewed
2007-09-12 14:40:05.730000+00:00,-3.158,101.463,35.0,6.0,mw,earthquake,reviewed
2007-09-12 14:54:32.160000+00:00,-3.473,100.524,35.0,4.2,mw,earthquake,reviewed
2007-09-12 15:01:17.320000+00:00,-4.281,101.525,35.0,4.4,mw,earthquake,reviewed
2007-09-12 15:07:34.710000+00:00,-3.318,101.264,11.5,4.8,mw,earthquake,reviewed
2007-09-12 15:18:38.910000+00:00,-4.074,101.326,35.0,4.5,mw,earthquake,reviewed
2007-09-12 15:26:37.590000+00:00,-3.199,100.973,35.0,5.0,mw,earthquake,reviewed
2007-09-12 15:29:56.850000+00:00,-3.917,101.003,35.0,4.5,mw,earthquake,reviewed
2007-09-12 15:30:45.440000+00:00,-3.518,101.181,35.0,4.5,mw,earthquake,reviewed
2007-09-12 15:35:09.950000+00:00,-4.08,101.182,35.0,5.1,mw,earthquake,reviewed
2007-09-12 16:07:21.350000+00:00,-3.521,100.99,35.0,4.6,mw,earthquake,reviewed
2007-09-12 16:12:05.440000+00:00,-2.771,100.147,21.1,4.8,mw,earthquake,reviewed
2007-09-12 16:13:59.810000+00:00,-4.052,100.691,35.0,4.3,mw,earthquake,reviewed
2007-09-12 16:26:32.840000+00:00,-3.978,101.048,35.0,4.3,mw,earthquake,reviewed
2007-09-12 16:37:03.920000+00:00,-3.145,101.396,35.0,5.9,mw,earthquake,reviewed
2007-09-12 16:53:27.110000+00:00,-3.072,100.461,42.2,5.1,mw,earthquake,reviewed
2007-09-12 17:18:02.480000+00:00,-3.979,100.454,35.0,4.5,mw,earthquake,reviewed
2007-09-12 17:33:07.760000+00:00,-2.87,100.327,35.0,4.5,mw,earthquake,reviewed
2007-09-12 17:39:40.210000+00:00,-3.183,101.454,35.0,4.7,mw,earthquake,reviewed
2007-09-12 17:44:14.120000+00:00,-4.026,101.307,35.0,4.5,mw,earthquake,reviewed
2007-09-12 17:47:34.980000+00:00,-3.137,100.955,35.0,4.2,mw,earthquake,reviewed
2007-09-12 17:59:55.400000+00:00,-4.149,101.386,35.0,4.2,mw,earthquake,reviewed
2007-09-12 18:20:15.210000+00:00,-4.427,101.263,35.0,4.4,mw,earthquake,reviewed
2007-09-12 18:29:29.020000+00:00,-4.417,101.305,13.4,4.9,mw,earthquake,reviewed
2007-09-12 19:58:54.080000+00:00,-2.987,100.264,35.0,4.4,mw,earthquake,reviewed
2007-09-12 20:18:48.340000+00:00,-4.234,101.222,17.4,4.8,mw,earthquake,reviewed
2007-09-12 20:20:50.380000+00:00,-3.65,100.486,35.0,4.1,mw,earthquake,reviewed
2007-09-12 20:29:59.450000+00:00,-3.531,100.817,35.0,4.4,mw,earthquake,reviewed
2007-09-12 20:38:02.300000+00:00,-3.952,101.303,35.0,4.2,mw,earthquake,reviewed
2007-09-12 20:52:58.790000+00:00,-3.191,101.111,35.0,4.4,mw,earthquake,reviewed
2007-09-12 21:21:05.260000+00:00,-3.928,101.596,30.0,4.2,mw,earthquake,reviewed
2007-09-12 21:29:14.250000+00:00,-3.28,100.96,35.0,4.6,mw,earthquake,reviewed
2007-09-12 21:43:07.070000+00:00,-3.656,100.689,28.3,4.7,mw,earthquake,reviewed
2007-09-12 21:46:14.850000+00:00,-3.083,101.212,20.7,4.7,mw,earthquake,reviewed
2007-09-12 21:54:15.220000+00:00,-4.216,101.107,28.1,4.5,mw,earthquake,reviewed
2007-09-12 22:02:26.660000+00:00,-4.429,101.402,28.4,5.2,mw,earthquake,reviewed
2007-09-12 22:09:02.140000+00:00,-3.235,101.116,26.8,4.5,mw,earthquake,reviewed
2007-09-12 22:09:43.720000+00:00,-3.736,100.915,26.4,4.8,mw,earthquake,reviewed
2007-09-12 22:17:21.550000+00:00,-2.802,100.906,35.0,5.2,mw,earthquake,reviewed
2007-09-12 22:26:22.250000+00:00,-4.363,101.18,35.0,4.2,mw,earthquake,reviewed
2007-09-12 23:19:46.990000+00:00,-4.01,100.999,26.7,5.2,mw,earthquake,reviewed
2007-09-12 23:49:03.720000+00:00,-2.625,100.841,35.0,7.9,mw,earthquake,reviewed
2007-09-13 00:09:02.990000+00:00,-1.893,99.572,35.0,5.1,mw,earthquake,reviewed
2007-09-13 00:15:50.290000+00:00,-2.304,99.431,14.0,5.3,mw,earthquake,reviewed
2007-09-13 00:29:03.210000+00:00,-2.107,99.737,35.0,4.9,mw,earthquake,reviewed
2007-09-13 00:31:43.140000+00:00,-2.561,100.317,35.0,5.3,mw,earthquake,reviewed
2007-09-13 00:44:39.620000+00:00,-2.091,99.256,35.0,4.3,mw,earthquake,reviewed
2007-09-13 00:54:54.040000+00:00,-0.611,100.929,35.0,4.7,mw,earthquake,reviewed
2007-09-13 01:16:06.930000+00:00,-4.143,101.226,24.9,4.7,mw,earthquake,reviewed
2007-09-13 01:26:34.420000+00:00,-1.9,99.816,16.6,5.8,mw,earthquake,reviewed
2007-09-13 01:38:08.440000+00:00,-1.875,99.716,29.9,5.2,mw,earthquake,reviewed
2007-09-13 01:46:28.040000+00:00,-2.147,99.489,27.8,4.8,mw,earthquake,reviewed
2007-09-13 01:49:07.440000+00:00,-2.199,99.467,24.5,5.2,mw,earthquake,reviewed
2007-09-13 01:55:47.860000+00:00,-3.823,101.752,30.6,5.1,mw,earthquake,reviewed
2007-09-13 01:59:24.770000+00:00,-3.656,100.551,35.8,4.5,mw,earthquake,reviewed
2007-09-13 02:17:58.200000+00:00,-2.506,99.005,35.0,4.4,mw,earthquake,reviewed
2007-09-13 02:21:22.240000+00:00,-4.369,101.277,36.9,4.5,mw,earthquake,reviewed
2007-09-13 02:30:03.300000+00:00,-1.689,99.668,28.9,6.5,mw,earthquake,reviewed
2007-09-13 02:43:42.890000+00:00,-1.922,99.545,35.0,4.2,mw,earthquake,reviewed
2007-09-13 02:48:25.470000+00:00,-2.258,99.419,21.9,4.9,mw,earthquake,reviewed
2007-09-13 02:51:33.890000+00:00,-2.044,99.794,28.9,5.5,mw,earthquake,reviewed
2007-09-13 03:03:15.140000+00:00,-1.951,99.673,9.9,4.8,mw,earthquake,reviewed
2007-09-13 03:25:54.310000+00:00,-2.893,101.068,10.4,4.6,mw,earthquake,reviewed
2007-09-13 03:35:28.720000+00:00,-2.13,99.627,22.0,7.0,mw,earthquake,reviewed
2007-09-13 03:42:19.090000+00:00,-1.978,99.64,35.0,5.2,mw,earthquake,reviewed
2007-09-13 04:06:13.670000+00:00,-1.608,99.644,29.2,5.2,mw,earthquake,reviewed
2007-09-13 04:50:35.320000+00:00,-4.181,101.656,35.0,4.2,mw,earthquake,reviewed
2007-09-13 04:54:54.080000+00:00,-2.336,99.415,35.0,4.4,mw,earthquake,reviewed
2007-09-13 05:08:44.170000+00:00,-2.081,99.862,35.0,4.6,mw,earthquake,reviewed
2007-09-13 05:23:23.230000+00:00,-1.724,99.635,32.4,5.6,mw,earthquake,reviewed
2007-09-13 05:44:18.970000+00:00,-3.723,100.688,28.9,5.1,mw,earthquake,reviewed
2007-09-13 05:48:45.140000+00:00,-3.974,100.524,27.4,5.0,mw,earthquake,reviewed
2007-09-13 05:51:13.440000+00:00,-3.613,101.743,35.0,4.7,mw,earthquake,reviewed
2007-09-13 05:53:28.530000+00:00,-3.701,100.843,35.0,5.1,mw,earthquake,reviewed
2007-09-13 06:28:54.140000+00:00,-1.98,99.516,28.4,5.1,mw,earthquake,reviewed
2007-09-13 06:32:52.510000+00:00,-1.941,99.513,34.2,5.3,mw,earthquake,reviewed
2007-09-13 08:02:00.020000+00:00,-2.763,100.264,35.0,4.9,mw,earthquake,reviewed
2007-09-13 08:11:23.530000+00:00,-3.239,101.125,35.0,4.5,mw,earthquake,reviewed
2007-09-13 08:17:06.020000+00:00,-1.721,99.642,35.0,4.8,mw,earthquake,reviewed
2007-09-13 08:38:21.780000+00:00,-1.698,99.941,35.0,4.6,mw,earthquake,reviewed
2007-09-13 09:21:38.850000+00:00,-2.146,99.821,35.0,5.4,mw,earthquake,reviewed
2007-09-13 09:35:24.850000+00:00,-3.516,101.203,35.0,4.6,mw,earthquake,reviewed
2007-09-13 10:26:39.130000+00:00,-4.494,101.368,35.0,4.7,mw,earthquake,reviewed
2007-09-13 10:47:52.880000+00:00,-3.432,101.659,35.0,5.2,mw,earthquake,reviewed
2007-09-13 11:13:18.620000+00:00,-2.183,100.281,35.0,4.9,mw,earthquake,reviewed
2007-09-13 11:34:28.560000+00:00,-2.565,100.492,35.0,5.1,mw,earthquake,reviewed
2007-09-13 11:57:21.750000+00:00,-1.838,99.623,35.0,5.0,mw,earthquake,reviewed
2007-09-13 12:13:03.990000+00:00,-3.585,100.846,35.0,5.2,mw,earthquake,reviewed
2007-09-13 12:13:48.790000+00:00,-1.827,99.339,35.0,5.0,mw,earthquake,reviewed
2007-09-13 12:25:57.690000+00:00,-3.741,100.749,35.0,4.6,mw,earthquake,reviewed
2007-09-13 13:10:14.420000+00:00,-2.749,100.974,17.2,5.6,mw,earthquake,reviewed
2007-09-13 13:40:21.570000+00:00,-0.91,100.86,35.0,4.2,mw,earthquake,reviewed
2007-09-13 13:43:58.940000+00:00,-2.918,100.267,35.0,5.2,mw,earthquake,reviewed
2007-09-13 14:08:21.020000+00:00,-4.005,101.385,35.0,4.5,mw,earthquake,reviewed
2007-09-13 15:00:36.920000+00:00,-2.2,99.528,35.0,4.5,mw,earthquake,reviewed
2007-09-13 15:05:37.640000+00:00,-4.366,101.26,35.0,4.2,mw,earthquake,reviewed
2007-09-13 15:08:54.680000+00:00,-4.297,101.272,24.7,5.2,mw,earthquake,reviewed
2007-09-13 16:09:16.870000+00:00,-3.172,101.524,53.0,6.0,mw,earthquake,reviewed
2007-09-13 16:59:24.910000+00:00,-2.234,99.947,30.3,5.5,mw,earthquake,reviewed
2007-09-13 18:16:25.290000+00:00,-3.599,100.854,26.3,4.5,mw,earthquake,reviewed
2007-09-13 18:28:40.580000+00:00,-2.306,100.32,35.0,4.8,mw,earthquake,reviewed
2007-09-13 18:30:39.900000+00:00,-2.423,99.881,41.2,5.1,mw,earthquake,reviewed
2007-09-13 19:17:32.200000+00:00,-2.73,101.235,35.0,4.6,mw,earthquake,reviewed
2007-09-13 19:22:45.730000+00:00,-3.041,101.353,35.0,4.7,mw,earthquake,reviewed
2007-09-13 20:12:34.020000+00:00,-3.204,100.489,35.0,4.3,mw,earthquake,reviewed
2007-09-13 20:52:14.420000+00:00,-1.757,99.586,35.0,4.9,mw,earthquake,reviewed
2007-09-13 23:12:32.200000+00:00,-2.836,101.232,35.0,5.1,mw,earthquake,reviewed
2007-09-13 23:53:06.840000+00:00,-4.226,101.221,35.0,4.4,mw,earthquake,reviewed
2007-09-14 01:02:05.350000+00:00,-3.783,101.833,26.8,5.4,mw,earthquake,reviewed
2007-09-14 01:31:57.440000+00:00,-3.73,100.765,27.5,5.0,mw,earthquake,reviewed
2007-09-14 02:34:52.680000+00:00,-0.359,98.2,28.0,4.9,mw,earthquake,reviewed
2007-09-14 03:07:14.700000+00:00,-2.919,101.145,40.0,5.2,mw,earthquake,reviewed
2007-09-14 04:03:44.340000+00:00,-2.147,100.117,29.0,5.2,mw,earthquake,reviewed
2007-09-14 05:46:34.720000+00:00,-1.1,100.557,35.0,4.4,mw,earthquake,reviewed
2007-09-14 06:01:32.270000+00:00,-4.075,101.169,23.0,6.4,mw,earthquake,reviewed
2007-09-14 06:03:16.530000+00:00,-4.416,100.953,25.3,5.9,mw,earthquake,reviewed
2007-09-14 10:11:21.100000+00:00,-1.69,99.751,35.0,4.6,mw,earthquake,reviewed
2007-09-14 10:27:11.820000+00:00,-1.897,99.377,35.0,4.4,mw,earthquake,reviewed
2007-09-14 11:06:44.470000+00:00,-1.995,100.015,35.0,4.7,mw,earthquake,reviewed
2007-09-14 11:33:32.630000+00:00,-4.201,99.749,35.0,4.1,mw,earthquake,reviewed
2007-09-14 13:06:55.300000+00:00,-3.166,102.169,35.0,4.5,mw,earthquake,reviewed
2007-09-14 13:07:48.260000+00:00,-3.003,102.351,35.0,5.3,mw,earthquake,reviewed
2007-09-14 14:15:18.870000+00:00,-4.228,101.202,35.0,5.1,mw,earthquake,reviewed
2007-09-14 15:46:28.890000+00:00,-4.424,101.275,35.0,4.5,mw,earthquake,reviewed
2007-09-14 17:36:14.380000+00:00,-2.745,100.613,35.0,4.6,mw,earthquake,reviewed
2007-09-14 18:37:24.260000+00:00,-2.078,99.78,35.0,4.8,mw,earthquake,reviewed
2007-09-14 18:59:19.010000+00:00,-3.094,100.8,35.0,4.4,mw,earthquake,reviewed
2007-09-14 19:05:47.190000+00:00,-3.087,101.198,35.0,4.8,mw,earthquake,reviewed
2007-09-14 20:40:07.900000+00:00,-3.457,100.806,35.0,4.7,mw,earthquake,reviewed
2007-09-15 00:43:26.180000+00:00,-3.024,101.061,35.0,4.9,mw,earthquake,reviewed
2007-09-15 01:24:47.270000+00:00,-2.312,99.963,35.0,4.4,mw,earthquake,reviewed
2007-09-15 01:35:00.680000+00:00,-2.695,101.02,35.0,4.7,mw,earthquake,reviewed
2007-09-15 01:41:06.540000+00:00,-2.844,100.247,35.1,5.1,mw,earthquake,reviewed
2007-09-15 03:47:18.490000+00:00,-2.054,100.154,21.9,4.8,mw,earthquake,reviewed
2007-09-15 06:02:20.770000+00:00,-3.023,100.936,35.0,4.9,mw,earthquake,reviewed
2007-09-15 07:07:04.240000+00:00,-2.955,100.465,35.0,4.6,mw,earthquake,reviewed
2007-09-15 07:27:35.770000+00:00,-1.551,99.785,35.0,4.7,mw,earthquake,reviewed
2007-09-15 08:28:06.710000+00:00,-2.695,100.555,35.0,4.7,mw,earthquake,reviewed
2007-09-15 10:22:47.230000+00:00,-2.936,101.005,35.0,4.4,mw,earthquake,reviewed
2007-09-15 13:31:26.540000+00:00,-3.642,100.679,35.0,4.4,mw,earthquake,reviewed
2007-09-15 14:26:59.600000+00:00,-4.234,101.223,35.0,5.0,mw,earthquake,reviewed
2007-09-15 14:45:29.180000+00:00,-2.788,101.19,35.0,5.5,mw,earthquake,reviewed
2007-09-15 15:04:46.330000+00:00,-2.796,101.244,35.0,5.0,mw,earthquake,reviewed
2007-09-15 17:34:03.260000+00:00,-3.177,100.463,35.0,4.7,mw,earthquake,reviewed
2007-09-15 18:01:25.860000+00:00,-2.871,101.049,35.0,4.6,mw,earthquake,reviewed
2007-09-15 18:27:38.930000+00:00,-1.762,99.725,35.0,5.0,mw,earthquake,reviewed
2007-09-15 18:29:07.600000+00:00,-1.8,99.538,30.9,5.1,mw,earthquake,reviewed
2007-09-15 21:31:30.190000+00:00,-4.33,101.686,35.0,4.5,mw,earthquake,reviewed
2007-09-15 22:53:18.330000+00:00,-2.85,101.195,35.0,4.9,mw,earthquake,reviewed
2007-09-15 23:43:06.860000+00:00,-1.765,99.58,35.0,4.9,mw,earthquake,reviewed
2007-09-16 00:57:28.010000+00:00,-2.691,101.07,35.0,4.5,mw,earthquake,reviewed
2007-09-16 01:15:38.940000+00:00,-2.763,101.106,38.3,5.2,mw,earthquake,reviewed
2007-09-16 01:55:28.230000+00:00,-2.238,99.413,27.6,4.7,mw,earthquake,reviewed
2007-09-16 03:53:43.790000+00:00,-2.722,101.134,35.0,4.6,mw,earthquake,reviewed
2007-09-16 04:45:35.780000+00:00,-2.004,100.194,37.7,4.7,mw,earthquake,reviewed
2007-09-16 05:02:00.650000+00:00,-3.185,100.613,35.0,4.1,mw,earthquake,reviewed
2007-09-16 05:48:26.230000+00:00,-4.426,101.224,35.0,5.0,mw,earthquake,reviewed
2007-09-16 06:01:46.650000+00:00,-2.051,100.115,37.2,4.8,mw,earthquake,reviewed
2007-09-16 06:13:25.830000+00:00,-2.936,101.143,35.0,4.6,mw,earthquake,reviewed
2007-09-16 08:31:07.660000+00:00,-2.347,100.534,35.0,4.9,mw,earthquake,reviewed
2007-09-16 08:50:51.590000+00:00,-3.189,100.489,35.0,4.8,mw,earthquake,reviewed
2007-09-16 09:10:19.810000+00:00,-2.72,101.174,35.0,5.2,mw,earthquake,reviewed
2007-09-16 09:28:08.600000+00:00,-2.689,101.432,35.0,4.3,mw,earthquake,reviewed
2007-09-16 11:37:43.990000+00:00,-2.834,101.203,35.0,5.3,mw,earthquake,reviewed
2007-09-16 14:11:02.240000+00:00,-1.62,99.654,17.1,4.9,mw,earthquake,reviewed
2007-09-16 15:50:46.840000+00:00,-3.332,100.868,35.0,4.2,mw,earthquake,reviewed
2007-09-16 17:06:22.530000+00:00,-2.878,101.149,35.0,5.0,mw,earthquake,reviewed
2007-09-16 20:48:16.270000+00:00,-3.252,100.617,35.0,4.8,mw,earthquake,reviewed
2007-09-16 23:41:03.290000+00:00,-3.334,101.247,35.0,5.0,mw,earthquake,reviewed
2007-09-17 01:35:37.300000+00:00,-2.78,101.245,35.0,4.8,mw,earthquake,reviewed
2007-09-17 01:39:09.090000+00:00,-3.537,101.051,35.0,4.8,mw,earthquake,reviewed
2007-09-17 02:19:13.680000+00:00,-2.197,100.107,35.0,4.5,mw,earthquake,reviewed
2007-09-17 05:13:54.470000+00:00,-3.744,101.132,35.0,4.8,mw,earthquake,reviewed
2007-09-17 09:02:47.560000+00:00,-1.688,99.676,35.0,4.4,mw,earthquake,reviewed
2007-09-17 09:34:21.350000+00:00,-2.854,101.208,35.0,4.5,mw,earthquake,reviewed
2007-09-17 09:55:21.050000+00:00,-1.839,100.637,35.0,4.6,mw,earthquake,reviewed
2007-09-17 12:42:32.470000+00:00,-4.596,100.939,35.0,4.5,mw,earthquake,reviewed
2007-09-17 15:55:40.900000+00:00,-3.645,100.767,25.4,5.1,mw,earthquake,reviewed
2007-09-17 19:11:35.030000+00:00,-2.765,102.573,35.0,4.6,mw,earthquake,reviewed
2007-09-17 20:58:48.360000+00:00,-1.733,99.821,35.0,4.3,mw,earthquake,reviewed
2007-09-17 21:06:22.820000+00:00,-3.838,101.168,35.0,4.6,mw,earthquake,reviewed
2007-09-17 21:12:12.610000+00:00,-2.953,101.014,35.0,4.4,mw,earthquake,reviewed
2007-09-17 21:23:55.470000+00:00,-3.464,101.674,35.0,4.3,mw,earthquake,reviewed
2007-09-17 22:52:30.680000+00:00,-2.847,102.478,35.0,4.4,mw,earthquake,reviewed
2007-09-18 06:32:12.310000+00:00,-4.041,101.027,25.2,5.1,mw,earthquake,reviewed
2007-09-18 08:41:32.780000+00:00,-3.259,101.348,35.0,5.6,mw,earthquake,reviewed
2007-09-18 10:03:52.130000+00:00,0.128,97.715,25.0,5.2,mw,earthquake,reviewed
2007-09-18 10:14:57.100000+00:00,-1.862,100.022,44.4,4.7,mw,earthquake,reviewed
2007-09-18 12:49:29.480000+00:00,-3.3,101.022,35.0,4.4,mw,earthquake,reviewed
2007-09-18 13:50:42.060000+00:00,-2.791,101.212,35.0,5.0,mw,earthquake,reviewed
2007-09-18 16:47:49.980000+00:00,-2.16,99.447,35.0,4.4,mw,earthquake,reviewed
2007-09-18 16:52:28.730000+00:00,-2.234,99.426,19.1,4.8,mw,earthquake,reviewed
2007-09-18 17:20:12.280000+00:00,-2.945,100.105,35.0,4.3,mw,earthquake,reviewed
2007-09-18 22:00:34.350000+00:00,-1.653,99.51,35.0,4.5,mw,earthquake,reviewed
2007-09-18 22:03:16.340000+00:00,-2.081,99.634,35.0,4.4,mw,earthquake,reviewed
2007-09-18 22:08:32.670000+00:00,-3.681,101.593,35.0,4.2,mw,earthquake,reviewed
2007-09-18 22:15:38.220000+00:00,-3.44,102.633,35.0,4.3,mw,earthquake,reviewed
2007-09-19 00:06:02.760000+00:00,-3.037,101.296,35.0,4.8,mw,earthquake,reviewed
2007-09-19 07:27:50.700000+00:00,-2.746,100.892,35.0,6.0,mw,earthquake,reviewed
2007-09-19 09:30:46.440000+00:00,-3.968,100.993,27.2,4.9,mw,earthquake,reviewed
2007-09-19 11:12:59.450000+00:00,-3.601,100.755,35.0,4.9,mw,earthquake,reviewed
2007-09-19 23:45:18.750000+00:00,-4.17,101.48,35.0,4.5,mw,earthquake,reviewed
2007-09-20 00:50:19.390000+00:00,-4.303,101.229,27.1,5.0,mw,earthquake,reviewed
2007-09-20 01:25:47.850000+00:00,-3.894,100.571,9.4,4.6,mw,earthquake,reviewed
2007-09-20 08:31:14.490000+00:00,-1.999,100.141,30.0,6.7,mw,earthquake,reviewed
2007-09-20 14:04:15.330000+00:00,-3.545,100.595,35.0,4.3,mw,earthquake,reviewed
2007-09-20 14:39:27.190000+00:00,-3.376,100.448,35.0,4.1,mw,earthquake,reviewed
2007-09-20 18:37:46.130000+00:00,-3.77,99.578,35.0,4.3,mw,earthquake,reviewed
2007-09-21 04:19:55.190000+00:00,-3.565,100.84,35.0,4.1,mw,earthquake,reviewed
2007-09-21 04:45:25.970000+00:00,-4.268,100.999,35.0,4.4,mw,earthquake,reviewed
2007-09-21 13:33:09.620000+00:00,-2.181,99.53,25.0,5.2,mw,earthquake,reviewed
2007-09-21 16:53:10.140000+00:00,1.854,97.125,35.0,4.5,mw,earthquake,reviewed
2007-09-21 18:34:43.370000+00:00,-4.721,99.643,35.0,4.6,mw,earthquake,reviewed
2007-09-21 20:52:01.090000+00:00,-3.397,101.185,35.0,4.7,mw,earthquake,reviewed
2007-09-21 22:07:24.700000+00:00,-3.384,100.93,35.0,4.4,mw,earthquake,reviewed
2007-09-22 03:21:21.870000+00:00,-2.729,101.313,35.0,4.5,mw,earthquake,reviewed
2007-09-22 04:35:14.170000+00:00,-3.569,101.541,36.2,4.7,mw,earthquake,reviewed
2007-09-22 04:36:39.720000+00:00,-2.784,100.81,30.7,4.9,mw,earthquake,reviewed
2007-09-22 08:03:39.600000+00:00,-4.337,101.057,28.8,5.1,mw,earthquake,reviewed
2007-09-22 11:02:44.210000+00:00,-2.003,99.939,35.0,5.3,mw,earthquake,reviewed
2007-09-22 12:20:15.550000+00:00,2.711,95.914,35.0,4.6,mw,earthquake,reviewed
2007-09-23 14:13:43.900000+00:00,-2.135,99.935,28.4,5.5,mw,earthquake,reviewed
2007-09-23 16:17:12.450000+00:00,-3.124,101.374,8.9,4.9,mw,earthquake,reviewed
2007-09-23 16:45:46.770000+00:00,-4.028,101.559,35.0,4.8,mw,earthquake,reviewed
2007-09-23 21:35:31.270000+00:00,1.331,97.121,35.0,4.8,mw,earthquake,reviewed
2007-09-23 22:23:57.290000+00:00,-3.682,100.846,35.0,5.4,mw,earthquake,reviewed
2007-09-23 22:27:46.600000+00:00,-3.596,100.835,26.7,5.2,mw,earthquake,reviewed
2007-09-23 22:32:35.740000+00:00,-3.65,100.699,23.6,4.7,mw,earthquake,reviewed
2007-09-23 23:24:06.630000+00:00,-3.609,100.833,39.8,5.0,mw,earthquake,reviewed
2007-09-24 00:37:18.530000+00:00,-1.833,100.42,35.0,4.2,mw,earthquake,reviewed
2007-09-24 05:41:29.500000+00:00,-3.295,100.961,35.0,4.6,mw,earthquake,reviewed
2007-09-24 05:42:10.740000+00:00,-3.007,101.381,35.0,5.1,mw,earthquake,reviewed
2007-09-24 08:15:25.180000+00:00,-3.155,100.362,18.0,5.7,mw,earthquake,reviewed
2007-09-24 09:51:07.010000+00:00,-1.573,100.07,35.0,5.4,mw,earthquake,reviewed
2007-09-24 12:26:30.960000+00:00,-4.385,101.465,35.0,5.3,mw,earthquake,reviewed
2007-09-24 13:58:15.160000+00:00,-1.956,100.125,38.5,4.4,mw,earthquake,reviewed
2007-09-24 17:35:29.110000+00:00,-5.875,105.572,35.0,5.1,mw,earthquake,reviewed
2007-09-24 21:25:48.120000+00:00,-4.413,101.299,35.0,5.1,mw,earthquake,reviewed
2007-09-25 02:09:34.430000+00:00,1.358,97.144,25.7,4.8,mw,earthquake,reviewed
2007-09-25 08:27:04.470000+00:00,-1.774,100.46,35.0,5.3,mw,earthquake,reviewed
2007-09-25 08:44:20.550000+00:00,-3.226,100.675,32.7,4.7,mw,earthquake,reviewed
2007-09-25 15:35:41.100000+00:00,-2.641,101.887,35.0,4.4,mw,earthquake,reviewed
2007-09-26 01:54:10.660000+00:00,-2.739,101.177,35.0,4.6,mw,earthquake,reviewed
2007-09-26 02:26:54.440000+00:00,-3.962,101.582,27.7,4.6,mw,earthquake,reviewed
2007-09-26 05:54:45.180000+00:00,-4.356,101.361,35.0,4.9,mw,earthquake,reviewed
2007-09-26 07:29:57.740000+00:00,-2.301,98.83,35.0,4.9,mw,earthquake,reviewed
2007-09-26 07:38:56.850000+00:00,-2.306,98.792,35.0,4.3,mw,earthquake,reviewed
2007-09-26 15:43:01.440000+00:00,-1.787,99.488,26.0,6.1,mw,earthquake,reviewed
2007-09-26 18:36:10.570000+00:00,-1.832,99.46,24.4,5.2,mw,earthquake,reviewed
2007-09-26 22:43:16.170000+00:00,-3.413,100.272,35.0,4.6,mw,earthquake,reviewed
2007-09-26 23:36:45.270000+00:00,-3.957,101.465,35.0,4.5,mw,earthquake,reviewed
2007-09-27 00:02:25.760000+00:00,-5.008,102.756,35.0,4.5,mw,earthquake,reviewed
2007-09-27 03:39:05.920000+00:00,-1.895,99.485,12.2,4.7,mw,earthquake,reviewed
2007-09-27 08:07:43.340000+00:00,-3.486,100.839,35.0,5.1,mw,earthquake,reviewed
2007-09-27 14:17:35.620000+00:00,-3.006,101.431,35.0,4.6,mw,earthquake,reviewed
2007-09-27 17:53:16.740000+00:00,-4.396,101.298,35.0,4.2,mw,earthquake,reviewed
2007-09-29 05:32:42.010000+00:00,2.915,95.533,20.0,5.7,mw,earthquake,reviewed
2007-09-29 05:37:07.260000+00:00,2.9,95.523,35.0,6.0,mw,earthquake,reviewed
2007-09-29 19:37:54.550000+00:00,-3.806,101.833,37.4,4.7,mw,earthquake,reviewed
2007-09-29 19:49:24.720000+00:00,2.868,95.662,43.5,4.8,mw,earthquake,reviewed
2007-09-29 20:11:43.360000+00:00,-3.552,100.114,35.0,4.6,mw,earthquake,reviewed
2007-09-30 05:48:31.660000+00:00,-2.245,100.935,35.0,4.8,mw,earthquake,reviewed
2007-09-30 18:55:31.890000+00:00,-3.5,100.651,35.0,4.3,mw,earthquake,reviewed
2007-09-30 21:58:54.590000+00:00,-3.405,100.393,35.0,4.7,mw,earthquake,reviewed
2007-09-30 22:11:07.970000+00:00,-3.485,100.405,35.0,4.9,mw,earthquake,reviewed
2007-10-01 14:03:33.750000+00:00,4.089,96.585,35.0,5.1,mw,earthquake,reviewed
2007-10-01 18:16:20.440000+00:00,-1.893,100.394,35.0,4.4,mw,earthquake,reviewed
2007-10-01 18:35:17.910000+00:00,0.734,97.002,35.0,4.3,mw,earthquake,reviewed
2007-10-02 03:43:38.910000+00:00,-4.24,101.212,22.0,5.9,mw,earthquake,reviewed
2007-10-02 04:45:15.380000+00:00,-4.228,101.878,35.0,4.7,mw,earthquake,reviewed
2007-10-02 14:39:58.860000+00:00,-1.853,99.779,35.0,5.2,mw,earthquake,reviewed
2007-10-02 22:17:52.740000+00:00,-3.561,100.55,35.0,4.9,mw,earthquake,reviewed
2007-10-03 05:29:43.270000+00:00,-3.309,100.42,26.7,4.7,mw,earthquake,reviewed
2007-10-03 17:31:45.680000+00:00,-4.474,101.027,35.0,4.4,mw,earthquake,reviewed
2007-10-04 21:55:56.500000+00:00,-3.381,100.831,35.0,4.6,mw,earthquake,reviewed
2007-10-05 06:52:58.630000+00:00,-2.626,100.317,35.0,4.3,mw,earthquake,reviewed
2007-10-05 09:22:36.420000+00:00,-4.376,101.337,35.0,5.2,mw,earthquake,reviewed
2007-10-05 15:39:08.590000+00:00,-4.517,102.343,35.0,4.8,mw,earthquake,reviewed
2007-10-05 20:34:45.450000+00:00,-4.005,100.829,35.0,4.8,mw,earthquake,reviewed
2007-10-06 08:06:53.800000+00:00,-3.005,100.955,35.0,4.9,mw,earthquake,reviewed
2007-10-06 08:07:47.570000+00:00,-3.067,100.963,35.0,4.7,mw,earthquake,reviewed
2007-10-06 19:53:47.730000+00:00,-4.304,100.662,35.0,4.5,mw,earthquake,reviewed
2007-10-07 00:37:04.780000+00:00,-3.205,101.153,48.1,4.7,mw,earthquake,reviewed
2007-10-07 19:52:04.410000+00:00,-3.435,101.698,35.0,4.3,mw,earthquake,reviewed
2007-10-08 23:30:07.690000+00:00,-2.758,100.966,61.1,4.6,mw,earthquake,reviewed
2007-10-09 01:51:10.960000+00:00,-2.016,99.561,35.0,4.3,mw,earthquake,reviewed
2007-10-09 09:42:25.530000+00:00,-2.042,100.063,39.7,4.8,mw,earthquake,reviewed
2007-10-09 22:28:45.740000+00:00,-2.22,100.034,35.0,4.6,mw,earthquake,reviewed
2007-10-10 00:19:16.790000+00:00,-1.735,99.48,27.3,5.9,mw,earthquake,reviewed
2007-10-10 11:04:20.770000+00:00,-2.965,101.155,35.0,4.9,mw,earthquake,reviewed
2007-10-10 16:04:21.180000+00:00,-2.94,100.504,35.0,4.7,mw,earthquake,reviewed
2007-10-11 20:38:35.320000+00:00,-3.9,100.978,35.0,5.4,mw,earthquake,reviewed
2007-10-12 00:31:29.100000+00:00,-3.285,100.509,15.0,5.7,mw,earthquake,reviewed
2007-10-12 03:00:47.910000+00:00,-3.428,100.282,35.0,4.5,mw,earthquake,reviewed
2007-10-12 05:32:58.420000+00:00,-1.791,99.622,35.0,4.7,mw,earthquake,reviewed
2007-10-12 09:29:14.650000+00:00,-3.098,102.69,35.0,4.6,mw,earthquake,reviewed
2007-10-12 13:35:10.680000+00:00,-4.308,102.259,35.0,4.7,mw,earthquake,reviewed
2007-10-12 18:30:29.200000+00:00,-3.616,101.016,35.0,4.5,mw,earthquake,reviewed
2007-10-12 22:03:59.150000+00:00,-3.68,100.42,35.0,4.2,mw,earthquake,reviewed
2007-10-13 13:45:41.030000+00:00,-4.429,101.479,35.0,4.5,mw,earthquake,reviewed
2007-10-13 13:52:03.910000+00:00,-4.676,101.281,35.0,4.5,mw,earthquake,reviewed
2007-10-13 14:01:52.500000+00:00,-1.885,99.518,35.0,5.0,mw,earthquake,reviewed
2007-10-13 16:53:01.030000+00:00,-3.875,101.546,35.0,4.1,mw,earthquake,reviewed
2007-10-14 11:02:59.220000+00:00,0.762,98.751,75.4,5.1,mw,earthquake,reviewed
2007-10-15 05:47:21.370000+00:00,1.394,97.377,35.0,4.9,mw,earthquake,reviewed
2007-10-15 07:42:19.310000+00:00,-5.9,103.739,35.0,4.9,mw,earthquake,reviewed
2007-10-16 14:21:13.470000+00:00,-3.363,101.275,35.0,4.4,mw,earthquake,reviewed
2007-10-17 02:55:29.930000+00:00,2.975,96.455,40.1,5.1,mw,earthquake,reviewed
2007-10-17 18:00:53.350000+00:00,-4.641,101.081,35.0,4.6,mw,earthquake,reviewed
2007-10-17 18:48:09.380000+00:00,-4.395,101.378,35.0,4.3,mw,earthquake,reviewed
2007-10-17 23:08:53.930000+00:00,-4.211,101.301,35.0,4.9,mw,earthquake,reviewed
2007-10-18 10:01:11.370000+00:00,-3.415,101.685,39.4,4.9,mw,earthquake,reviewed
2007-10-18 19:55:54.470000+00:00,-2.532,101.651,35.0,5.0,mw,earthquake,reviewed
2007-10-19 13:19:36.650000+00:00,-2.099,99.338,35.0,4.1,mw,earthquake,reviewed
2007-10-20 20:30:22.270000+00:00,-1.478,99.437,35.0,5.0,mw,earthquake,reviewed
2007-10-20 21:19:59.810000+00:00,-1.691,99.689,35.0,4.8,mw,earthquake,reviewed
2007-10-21 12:34:01.310000+00:00,-3.245,100.507,35.0,5.3,mw,earthquake,reviewed
2007-10-21 12:40:07.220000+00:00,-3.212,100.481,23.7,5.2,mw,earthquake,reviewed
2007-10-21 14:24:20.090000+00:00,-3.591,100.803,35.0,5.5,mw,earthquake,reviewed
2007-10-21 14:27:23.680000+00:00,-3.743,100.722,26.7,4.5,mw,earthquake,reviewed
2007-10-21 14:31:31.950000+00:00,-3.223,100.613,23.4,5.1,mw,earthquake,reviewed
2007-10-21 16:25:25.290000+00:00,-3.592,100.803,35.0,4.6,mw,earthquake,reviewed
2007-10-21 16:25:35.040000+00:00,-3.592,100.859,27.6,5.6,mw,earthquake,reviewed
2007-10-21 22:35:18.990000+00:00,-3.595,100.791,35.0,4.8,mw,earthquake,reviewed
2007-10-22 14:30:18.420000+00:00,-3.471,101.788,42.6,4.9,mw,earthquake,reviewed
2007-10-22 22:49:51.350000+00:00,-2.56,100.022,35.0,4.9,mw,earthquake,reviewed
2007-10-23 06:25:49.450000+00:00,1.84,97.047,35.0,5.1,mw,earthquake,reviewed
2007-10-23 07:55:38.720000+00:00,0.375,98.462,35.0,5.0,mw,earthquake,reviewed
2007-10-23 19:56:47.390000+00:00,-1.996,99.896,30.0,5.8,mw,earthquake,reviewed
2007-10-24 01:45:23.710000+00:00,-4.056,100.928,35.0,4.4,mw,earthquake,reviewed
2007-10-24 21:02:50.610000+00:00,-3.899,101.02,21.0,6.8,mw,earthquake,reviewed
2007-10-24 21:26:52.120000+00:00,2.713,96.301,92.7,4.8,mw,earthquake,reviewed
2007-10-24 21:34:08.360000+00:00,-4.227,101.3,35.0,5.0,mw,earthquake,reviewed
2007-10-25 05:25:33.550000+00:00,-3.541,100.794,29.7,5.5,mw,earthquake,reviewed
2007-10-25 18:00:02+00:00,-4.13,101.121,61.4,5.0,mw,earthquake,reviewed
2007-10-25 22:09:56.420000+00:00,1.17,98.253,35.0,4.2,mw,earthquake,reviewed
2007-10-26 04:53:18.380000+00:00,-4.169,100.625,35.0,5.2,mw,earthquake,reviewed
2007-10-26 12:53:16.590000+00:00,-2.073,99.647,35.0,4.2,mw,earthquake,reviewed
2007-10-26 15:28:17.420000+00:00,2.682,96.076,35.0,4.9,mw,earthquake,reviewed
2007-10-26 22:45:10.130000+00:00,2.22,96.41,35.0,4.8,mw,earthquake,reviewed
2007-10-28 02:32:22.140000+00:00,1.875,97.972,35.0,4.8,mw,earthquake,reviewed
2007-10-28 16:25:46.190000+00:00,1.893,96.961,35.0,4.2,mw,earthquake,reviewed
2007-10-28 17:51:30.360000+00:00,1.198,97.434,35.0,4.8,mw,earthquake,reviewed
2007-10-29 20:08:40.740000+00:00,2.74,95.929,12.6,4.9,mw,earthquake,reviewed
2007-10-30 05:58:46.350000+00:00,1.391,98.799,91.9,4.9,mw,earthquake,reviewed
2007-10-30 06:32:26.140000+00:00,-5.261,102.376,35.0,4.8,mw,earthquake,reviewed
2007-10-30 19:01:37.840000+00:00,0.892,97.606,35.0,4.2,mw,earthquake,reviewed
2007-10-31 08:14:44.210000+00:00,-3.548,100.92,27.4,4.3,mw,earthquake,reviewed
2007-10-31 15:54:42.660000+00:00,-2.991,101.283,48.0,5.3,mw,earthquake,reviewed
2007-10-31 21:23:49.120000+00:00,2.033,96.719,39.5,4.8,mw,earthquake,reviewed
2007-10-31 23:15:59.340000+00:00,-5.034,101.025,35.0,5.0,mw,earthquake,reviewed
2007-11-01 13:23:23+00:00,1.429,96.608,35.0,4.4,mw,earthquake,reviewed
2007-11-02 03:20:08.630000+00:00,-4.285,101.852,35.0,4.9,mw,earthquake,reviewed
2007-11-02 06:34:35.690000+00:00,-1.767,100.631,35.0,4.5,mw,earthquake,reviewed
2007-11-03 05:04:48.760000+00:00,2.649,98.462,35.0,4.1,mw,earthquake,reviewed
2007-11-03 11:24:03.680000+00:00,-4.019,101.013,35.0,4.3,mw,earthquake,reviewed
2007-11-03 18:10:49.930000+00:00,-4.417,101.07,19.6,4.6,mw,earthquake,reviewed
2007-11-05 21:58:14.140000+00:00,-3.737,101.092,25.2,5.1,mw,earthquake,reviewed
2007-11-07 11:04:07.050000+00:00,-3.645,100.722,31.6,5.2,mw,earthquake,reviewed
2007-11-09 09:09:59.890000+00:00,-3.22,100.646,35.0,4.4,mw,earthquake,reviewed
2007-11-09 09:40:10.810000+00:00,-3.81,99.083,35.0,4.2,mw,earthquake,reviewed
2007-11-10 09:43:31.340000+00:00,-4.437,101.308,35.0,5.2,mw,earthquake,reviewed
2007-11-10 23:19:43.320000+00:00,-3.277,100.531,15.0,5.9,mw,earthquake,reviewed
2007-11-10 23:42:42.480000+00:00,-0.552,99.473,35.0,5.5,mw,earthquake,reviewed
2007-11-11 01:32:56.340000+00:00,-3.329,100.652,51.6,4.9,mw,earthquake,reviewed
2007-11-11 04:08:33.830000+00:00,-3.61,100.832,35.0,4.5,mw,earthquake,reviewed
2007-11-11 04:12:11.470000+00:00,-3.749,100.761,25.8,5.0,mw,earthquake,reviewed
2007-11-11 04:14:07.940000+00:00,-3.753,100.694,35.0,4.4,mw,earthquake,reviewed
2007-11-11 15:09:44.570000+00:00,-1.773,99.559,35.0,4.2,mw,earthquake,reviewed
2007-11-13 21:50:54.310000+00:00,-3.172,101.157,35.0,4.7,mw,earthquake,reviewed
2007-11-14 04:12:21.960000+00:00,2.674,95.927,26.2,4.9,mw,earthquake,reviewed
2007-11-14 10:37:19.880000+00:00,-1.878,99.435,35.0,4.9,mw,earthquake,reviewed
2007-11-14 11:41:34.870000+00:00,-1.935,99.303,21.7,4.7,mw,earthquake,reviewed
2007-11-14 14:27:09.990000+00:00,-3.523,100.938,27.0,4.5,mw,earthquake,reviewed
2007-11-14 14:30:13.090000+00:00,-3.882,100.514,26.2,4.1,mw,earthquake,reviewed
2007-11-15 00:40:22.360000+00:00,-1.468,99.19,35.0,4.6,mw,earthquake,reviewed
2007-11-15 10:31:29.250000+00:00,2.711,95.966,59.4,4.5,mw,earthquake,reviewed
2007-11-15 16:45:01.160000+00:00,-3.527,100.678,15.1,4.9,mw,earthquake,reviewed
2007-11-16 23:51:37.320000+00:00,-4.956,101.98,13.0,4.4,mw,earthquake,reviewed
2007-11-17 05:06:28.920000+00:00,-3.263,100.365,29.5,5.0,mw,earthquake,reviewed
2007-11-18 08:27:21.650000+00:00,-4.329,100.974,26.6,4.5,mw,earthquake,reviewed
2007-11-18 18:46:47.590000+00:00,-0.881,100.694,107.4,5.0,mw,earthquake,reviewed
2007-11-19 16:45:52.380000+00:00,-3.116,101.193,33.1,4.8,mw,earthquake,reviewed
2007-11-20 22:59:28.620000+00:00,-4.329,101.263,35.0,5.5,mw,earthquake,reviewed
2007-11-21 03:30:13.210000+00:00,3.063,96.36,41.2,4.9,mw,earthquake,reviewed
2007-11-22 17:26:23.010000+00:00,-3.494,100.66,40.0,4.8,mw,earthquake,reviewed
2007-11-23 15:41:57.810000+00:00,-4.524,101.17,35.0,4.2,mw,earthquake,reviewed
2007-11-23 19:42:08.910000+00:00,-4.324,100.819,35.0,4.6,mw,earthquake,reviewed
2007-11-24 18:07:58.600000+00:00,2.57,99.227,211.3,4.1,mw,earthquake,reviewed
2007-11-24 19:46:33.670000+00:00,1.105,97.319,35.0,4.9,mw,earthquake,reviewed
2007-11-25 02:51:57.220000+00:00,-2.808,101.162,55.9,5.9,mw,earthquake,reviewed
2007-11-25 07:54:46.880000+00:00,-4.225,100.878,35.0,4.4,mw,earthquake,reviewed
2007-11-25 10:07:54.550000+00:00,-5.046,102.21,35.0,5.0,mw,earthquake,reviewed
2007-11-25 13:42:06.540000+00:00,-1.823,99.516,36.9,4.7,mw,earthquake,reviewed
2007-11-25 17:41:38.040000+00:00,-2.238,100.413,35.0,6.0,mw,earthquake,reviewed
2007-11-25 18:19:50.280000+00:00,-2.411,100.324,35.0,4.8,mw,earthquake,reviewed
2007-11-26 01:32:27.140000+00:00,-3.316,100.946,35.0,4.5,mw,earthquake,reviewed
2007-11-26 06:44:06.100000+00:00,0.268,96.974,36.8,5.0,mw,earthquake,reviewed
2007-11-26 11:03:48.580000+00:00,-2.255,100.462,35.0,5.0,mw,earthquake,reviewed
2007-11-26 13:42:19.860000+00:00,-2.142,100.624,54.2,4.5,mw,earthquake,reviewed
2007-11-26 15:03:42.100000+00:00,1.091,97.103,35.0,5.1,mw,earthquake,reviewed
2007-11-26 15:18:30.900000+00:00,1.255,97.19,35.0,4.9,mw,earthquake,reviewed
2007-11-26 17:10:11.750000+00:00,-2.223,100.548,67.7,4.9,mw,earthquake,reviewed
2007-11-26 18:05:48.230000+00:00,-3.322,100.256,35.0,4.8,mw,earthquake,reviewed
2007-11-27 01:58:35.180000+00:00,-5.095,100.428,35.0,4.7,mw,earthquake,reviewed
2007-11-27 05:04:35.680000+00:00,1.804,97.754,35.0,4.8,mw,earthquake,reviewed
2007-11-27 11:25:15.500000+00:00,2.85,96.185,35.0,4.7,mw,earthquake,reviewed
2007-11-27 14:19:58.920000+00:00,-2.234,100.484,50.0,4.8,mw,earthquake,reviewed
2007-11-27 15:46:10.850000+00:00,-1.63,100.437,35.0,5.4,mw,earthquake,reviewed
2007-11-28 10:05:59.460000+00:00,-2.261,100.529,50.8,5.3,mw,earthquake,reviewed
2007-11-29 00:05:47.110000+00:00,-2.864,101.137,35.0,5.4,mw,earthquake,reviewed
2007-11-29 01:45:06.600000+00:00,-2.251,100.498,47.9,4.9,mw,earthquake,reviewed
2007-11-30 16:55:33.180000+00:00,-3.626,100.883,35.0,4.7,mw,earthquake,reviewed
2007-12-01 01:30:55.180000+00:00,-2.766,101.247,71.0,4.9,mw,earthquake,reviewed
2007-12-01 01:44:31.950000+00:00,1.981,97.883,44.6,5.9,mw,earthquake,reviewed
2007-12-01 01:53:07.880000+00:00,-2.907,101.112,102.9,4.8,mw,earthquake,reviewed
2007-12-01 17:47:28.230000+00:00,-4.62,101.364,10.0,5.3,mw,earthquake,reviewed
2007-12-01 18:41:22.690000+00:00,-1.626,105.577,10.0,4.2,mw,earthquake,reviewed
2007-12-01 21:21:19.110000+00:00,-4.454,101.365,27.4,5.2,mw,earthquake,reviewed
2007-12-02 06:33:18.010000+00:00,-2.277,100.451,51.2,5.3,mw,earthquake,reviewed
2007-12-03 01:25:07.280000+00:00,-2.559,100.309,35.0,4.4,mw,earthquake,reviewed
2007-12-04 15:23:39.570000+00:00,2.574,96.015,35.0,4.7,mw,earthquake,reviewed
2007-12-05 10:50:23.800000+00:00,-1.884,99.787,35.0,4.7,mw,earthquake,reviewed
2007-12-06 18:17:21.660000+00:00,-4.199,102.185,35.0,4.8,mw,earthquake,reviewed
2007-12-07 00:01:04.560000+00:00,2.14,96.804,35.0,4.4,mw,earthquake,reviewed
2007-12-07 03:23:43.080000+00:00,-3.223,101.169,35.0,5.0,mw,earthquake,reviewed
2007-12-09 04:23:10.990000+00:00,2.416,95.811,25.8,4.1,mw,earthquake,reviewed
2007-12-09 11:32:12.750000+00:00,2.223,96.761,35.0,5.1,mw,earthquake,reviewed
2007-12-09 17:38:23.070000+00:00,0.058,98.343,35.0,4.9,mw,earthquake,reviewed
2007-12-10 01:12:36.660000+00:00,0.828,97.294,35.0,4.1,mw,earthquake,reviewed
2007-12-10 01:13:14.170000+00:00,1.004,97.245,35.0,4.3,mw,earthquake,reviewed
2007-12-10 06:54:22.070000+00:00,-3.045,100.98,35.0,4.7,mw,earthquake,reviewed
2007-12-10 08:54:32.480000+00:00,-3.437,100.684,35.0,4.9,mw,earthquake,reviewed
2007-12-10 19:27:08.380000+00:00,-4.109,101.046,40.0,5.0,mw,earthquake,reviewed
2007-12-10 21:49:35.550000+00:00,1.269,97.052,35.0,4.1,mw,earthquake,reviewed
2007-12-11 19:30:47.400000+00:00,-3.27,100.89,50.2,5.0,mw,earthquake,reviewed
2007-12-11 19:39:42.870000+00:00,-3.41,100.66,35.0,4.3,mw,earthquake,reviewed
2007-12-12 03:43:57.810000+00:00,-4.523,100.837,22.7,5.0,mw,earthquake,reviewed
2007-12-13 04:15:58.240000+00:00,-3.91,101.276,20.3,4.7,mw,earthquake,reviewed
2007-12-14 06:57:58.010000+00:00,-2.439,100.241,35.0,4.4,mw,earthquake,reviewed
2007-12-14 17:19:40.490000+00:00,1.127,97.353,35.0,4.6,mw,earthquake,reviewed
2007-12-15 14:55:05.200000+00:00,1.127,97.447,35.0,4.8,mw,earthquake,reviewed
2007-12-16 09:14:00.590000+00:00,-3.267,100.63,43.6,5.2,mw,earthquake,reviewed
2007-12-17 22:54:50.150000+00:00,-2.985,100.086,35.0,4.3,mw,earthquake,reviewed
2007-12-18 23:38:10.830000+00:00,0.193,97.583,35.0,4.4,mw,earthquake,reviewed
2007-12-19 03:07:56.270000+00:00,-3.99,103.286,35.0,4.3,mw,earthquake,reviewed
2007-12-20 03:10:31.830000+00:00,-2.41,100.337,51.4,4.5,mw,earthquake,reviewed
2007-12-20 07:42:53.450000+00:00,-3.504,100.623,27.9,5.2,mw,earthquake,reviewed
2007-12-20 15:44:06.640000+00:00,0.114,97.687,35.0,4.2,mw,earthquake,reviewed
2007-12-22 12:26:17.470000+00:00,2.087,96.806,23.0,6.1,mw,earthquake,reviewed
2007-12-22 13:00:26.390000+00:00,2.249,96.737,35.0,4.5,mw,earthquake,reviewed
2007-12-22 14:23:16.910000+00:00,1.951,96.762,27.4,4.5,mw,earthquake,reviewed
2007-12-22 14:24:57.810000+00:00,1.951,96.765,27.4,4.7,mw,earthquake,reviewed
2007-12-22 16:32:15.920000+00:00,-5.582,102.451,35.0,5.2,mw,earthquake,reviewed
2007-12-23 01:47:30.150000+00:00,-3.126,100.311,17.9,4.5,mw,earthquake,reviewed
2007-12-23 15:48:50.380000+00:00,-3.367,100.084,35.0,4.8,mw,earthquake,reviewed
2007-12-24 20:56:20.200000+00:00,-4.328,101.294,25.7,5.3,mw,earthquake,reviewed
2007-12-24 21:21:52.810000+00:00,-4.305,101.231,27.3,5.3,mw,earthquake,reviewed
2007-12-25 16:54:27.740000+00:00,0.116,97.022,38.1,5.2,mw,earthquake,reviewed
2007-12-26 23:37:37.230000+00:00,-4.301,101.452,26.2,4.4,mw,earthquake,reviewed
2007-12-27 00:17:12.700000+00:00,-4.421,101.2,17.9,4.2,mw,earthquake,reviewed
2007-12-27 16:09:45.810000+00:00,-4.517,101.15,26.8,4.9,mw,earthquake,reviewed
2007-12-27 21:51:10.790000+00:00,-1.838,100.491,44.3,4.7,mw,earthquake,reviewed
2007-12-28 05:24:14.840000+00:00,5.418,95.661,20.9,5.4,mw,earthquake,reviewed
2007-12-28 16:22:37.130000+00:00,-2.351,99.821,35.0,4.3,mw,earthquake,reviewed
2007-12-30 03:36:13.240000+00:00,0.227,98.565,33.1,5.0,mw,earthquake,reviewed
2007-12-30 03:50:19.710000+00:00,-5.558,104.005,23.7,4.6,mw,earthquake,reviewed
2008-01-01 03:25:14.280000+00:00,-3.371,101.167,35.0,4.6,mw,earthquake,reviewed
2008-01-02 03:56:20.730000+00:00,-3.138,100.902,35.0,4.3,mw,earthquake,reviewed
2008-01-03 09:35:51.640000+00:00,-1.954,99.417,28.5,4.5,mw,earthquake,reviewed
2008-01-03 13:43:58.590000+00:00,-4.544,101.015,35.0,4.3,mw,earthquake,reviewed
2008-01-04 07:29:18.300000+00:00,-2.782,101.032,35.0,6.0,mw,earthquake,reviewed
2008-01-05 14:09:05.740000+00:00,-4.446,102.108,35.0,4.3,mw,earthquake,reviewed
2008-01-06 09:43:24.040000+00:00,2.399,96.742,35.0,4.3,mw,earthquake,reviewed
2008-01-06 10:06:32.780000+00:00,-4.867,103.096,35.0,5.2,mw,earthquake,reviewed
2008-01-07 03:50:03.690000+00:00,4.838,95.727,89.8,4.2,mw,earthquake,reviewed
2008-01-08 01:13:27.560000+00:00,-2.248,99.917,19.7,4.7,mw,earthquake,reviewed
2008-01-09 15:10:45.370000+00:00,-0.527,99.91,95.5,4.8,mw,earthquake,reviewed
2008-01-10 19:58:16.300000+00:00,1.89,97.934,63.3,4.4,mw,earthquake,reviewed
2008-01-11 05:15:44.690000+00:00,-0.878,100.241,35.0,4.6,mw,earthquake,reviewed
2008-01-12 01:21:36.370000+00:00,-2.882,101.14,51.3,4.4,mw,earthquake,reviewed
2008-01-15 19:04:28.430000+00:00,-4.53,102.078,34.9,4.5,mw,earthquake,reviewed
2008-01-17 09:12:04.510000+00:00,-3.146,101.103,35.0,4.6,mw,earthquake,reviewed
2008-01-17 17:25:16.860000+00:00,-3.039,101.003,45.6,4.9,mw,earthquake,reviewed
2008-01-19 04:44:47.100000+00:00,2.022,96.622,35.0,4.1,mw,earthquake,reviewed
2008-01-19 13:19:41.050000+00:00,2.913,96.192,35.0,4.2,mw,earthquake,reviewed
2008-01-19 16:02:04.300000+00:00,-3.493,101.046,35.0,4.6,mw,earthquake,reviewed
2008-01-22 17:14:52.070000+00:00,0.922,97.462,10.0,5.5,mw,earthquake,reviewed
2008-01-22 17:14:57.950000+00:00,1.011,97.442,20.0,6.2,mw,earthquake,reviewed
2008-01-22 17:29:12.600000+00:00,0.731,96.985,10.0,4.2,mw,earthquake,reviewed
2008-01-22 17:40:32.840000+00:00,1.259,97.095,7.9,4.7,mw,earthquake,reviewed
2008-01-22 17:57:50.860000+00:00,1.125,97.152,10.0,4.7,mw,earthquake,reviewed
2008-01-22 18:04:46.160000+00:00,0.94,97.184,10.0,4.3,mw,earthquake,reviewed
2008-01-22 18:05:21.920000+00:00,1.046,97.079,10.0,4.4,mw,earthquake,reviewed
2008-01-22 19:09:04.310000+00:00,0.965,97.286,10.0,4.6,mw,earthquake,reviewed
2008-01-23 13:03:20.490000+00:00,1.335,97.158,23.0,5.0,mw,earthquake,reviewed
2008-01-23 19:23:34.430000+00:00,-2.83,101.224,50.9,5.0,mw,earthquake,reviewed
2008-01-24 09:49:08.760000+00:00,0.946,97.326,10.0,4.4,mw,earthquake,reviewed
2008-01-24 12:03:40.440000+00:00,-4.025,101.869,35.0,5.4,mw,earthquake,reviewed
2008-01-24 12:04:14.090000+00:00,1.031,97.271,10.0,5.3,mw,earthquake,reviewed
2008-01-24 12:08:25.860000+00:00,0.944,97.14,10.0,4.4,mw,earthquake,reviewed
2008-01-26 06:07:58.520000+00:00,1.038,97.14,10.0,4.6,mw,earthquake,reviewed
2008-01-26 20:51:23.410000+00:00,-3.117,100.15,23.5,4.3,mw,earthquake,reviewed
2008-01-27 14:14:09.030000+00:00,2.029,96.585,35.0,4.6,mw,earthquake,reviewed
2008-01-27 23:10:09.240000+00:00,3.655,95.826,55.2,4.2,mw,earthquake,reviewed
2008-01-28 21:53:10.300000+00:00,-2.416,100.315,53.6,4.5,mw,earthquake,reviewed
2008-01-29 04:04:21.770000+00:00,3.939,97.564,35.0,4.1,mw,earthquake,reviewed
2008-01-29 11:42:50.380000+00:00,2.597,95.56,21.2,4.4,mw,earthquake,reviewed
2008-01-30 10:31:59.870000+00:00,4.49,96.667,51.0,4.6,mw,earthquake,reviewed
2008-01-30 17:22:05.020000+00:00,-1.311,99.972,51.1,4.3,mw,earthquake,reviewed
2008-01-31 18:57:24.230000+00:00,-3.412,101.999,128.1,4.1,mw,earthquake,reviewed
2008-02-01 23:52:48.060000+00:00,-5.844,102.757,35.0,4.1,mw,earthquake,reviewed
2008-02-01 23:52:59.420000+00:00,-5.817,102.824,35.0,4.5,mw,earthquake,reviewed
2008-02-02 03:19:17.850000+00:00,1.244,97.138,27.9,4.7,mw,earthquake,reviewed
2008-02-03 15:04:15.240000+00:00,2.614,95.652,35.0,4.1,mw,earthquake,reviewed
2008-02-05 18:14:45.720000+00:00,2.706,95.646,38.0,4.7,mw,earthquake,reviewed
2008-02-06 04:43:20.910000+00:00,-3.565,100.563,22.2,4.6,mw,earthquake,reviewed
2008-02-09 19:33:17.600000+00:00,-3.349,100.785,35.0,4.4,mw,earthquake,reviewed
2008-02-10 06:02:58.010000+00:00,-3.674,100.698,29.1,4.9,mw,earthquake,reviewed
2008-02-11 12:18:34.620000+00:00,-5.165,102.02,36.0,4.9,mw,earthquake,reviewed
2008-02-12 01:29:40.910000+00:00,-3.008,101.21,47.3,5.5,mw,earthquake,reviewed
2008-02-12 16:17:17.540000+00:00,1.878,97.88,61.3,4.3,mw,earthquake,reviewed
2008-02-12 17:32:26.140000+00:00,4.833,96.444,51.5,4.1,mw,earthquake,reviewed
2008-02-13 22:19:39.130000+00:00,-3.122,100.229,35.0,4.6,mw,earthquake,reviewed
2008-02-14 15:48:06.630000+00:00,-4.612,102.588,35.0,4.4,mw,earthquake,reviewed
2008-02-18 03:07:53.300000+00:00,0.089,97.883,35.0,4.9,mw,earthquake,reviewed
2008-02-19 04:14:02.230000+00:00,-1.993,97.705,35.0,4.4,mw,earthquake,reviewed
2008-02-19 06:29:53.920000+00:00,-3.292,100.934,35.9,5.3,mw,earthquake,reviewed
2008-02-19 16:39:32.370000+00:00,-4.29,101.046,35.0,4.2,mw,earthquake,reviewed
2008-02-19 17:01:29.610000+00:00,-2.434,99.946,14.2,5.4,mw,earthquake,reviewed
2008-02-19 17:26:36.020000+00:00,-2.4,99.873,25.9,5.0,mw,earthquake,reviewed
2008-02-20 00:19:05.260000+00:00,-2.257,100.065,35.0,4.2,mw,earthquake,reviewed
2008-02-20 08:08:30.520000+00:00,2.768,95.964,26.0,7.4,mw,earthquake,reviewed
2008-02-20 08:28:20.340000+00:00,2.608,96.138,35.0,5.5,mw,earthquake,reviewed
2008-02-20 08:36:38.740000+00:00,2.541,96.062,35.0,5.3,mw,earthquake,reviewed
2008-02-20 08:38:22.300000+00:00,2.651,96.119,35.0,4.5,mw,earthquake,reviewed
2008-02-20 09:05:08.860000+00:00,2.697,96.254,35.0,5.2,mw,earthquake,reviewed
2008-02-20 09:10:50.070000+00:00,2.487,95.865,35.0,4.9,mw,earthquake,reviewed
2008-02-20 09:11:25.800000+00:00,2.504,95.837,24.0,5.4,mw,earthquake,reviewed
2008-02-20 09:32:05.520000+00:00,2.639,95.775,22.6,5.1,mw,earthquake,reviewed
2008-02-20 09:36:53.880000+00:00,2.503,95.831,35.0,4.1,mw,earthquake,reviewed
2008-02-20 10:08:24.470000+00:00,2.507,96.048,24.0,4.5,mw,earthquake,reviewed
2008-02-20 10:30:07.920000+00:00,-3.369,100.84,26.7,5.1,mw,earthquake,reviewed
2008-02-20 10:36:46.040000+00:00,1.708,97.006,35.0,4.3,mw,earthquake,reviewed
2008-02-20 10:58:13.120000+00:00,2.585,95.775,35.0,4.7,mw,earthquake,reviewed
2008-02-20 17:34:16.490000+00:00,2.362,95.938,35.0,4.7,mw,earthquake,reviewed
2008-02-20 19:17:44.150000+00:00,-4.086,101.249,18.0,4.2,mw,earthquake,reviewed
2008-02-20 21:15:00.380000+00:00,2.676,95.946,38.6,4.9,mw,earthquake,reviewed
2008-02-21 03:47:43.610000+00:00,2.484,96.081,35.0,5.1,mw,earthquake,reviewed
2008-02-21 05:42:10.480000+00:00,-2.291,99.913,15.7,4.3,mw,earthquake,reviewed
2008-02-21 09:18:50.740000+00:00,2.529,95.93,35.0,4.4,mw,earthquake,reviewed
2008-02-21 14:19:17.960000+00:00,2.512,95.741,35.0,4.2,mw,earthquake,reviewed
2008-02-21 16:53:21.160000+00:00,-3.311,101.134,35.0,4.2,mw,earthquake,reviewed
2008-02-21 17:05:55.850000+00:00,-4.363,102.496,79.1,4.9,mw,earthquake,reviewed
2008-02-21 23:55:36.460000+00:00,-2.323,99.88,24.0,5.7,mw,earthquake,reviewed
2008-02-22 20:43:54.870000+00:00,2.468,95.98,41.4,4.1,mw,earthquake,reviewed
2008-02-23 02:09:02.770000+00:00,-2.289,100.067,35.0,4.7,mw,earthquake,reviewed
2008-02-23 07:17:11.480000+00:00,-2.511,99.962,32.9,5.6,mw,earthquake,reviewed
2008-02-23 09:17:21.410000+00:00,-2.382,100.378,35.0,4.9,mw,earthquake,reviewed
2008-02-23 13:07:28.250000+00:00,-2.298,100.144,35.0,4.7,mw,earthquake,reviewed
2008-02-23 13:49:51.650000+00:00,0.386,98.575,35.0,4.3,mw,earthquake,reviewed
2008-02-23 18:52:37+00:00,-2.329,100.095,35.0,4.9,mw,earthquake,reviewed
2008-02-24 04:36:29.250000+00:00,-3.741,101.986,44.2,5.2,mw,earthquake,reviewed
2008-02-24 08:53:37.950000+00:00,-2.343,99.954,27.9,5.2,mw,earthquake,reviewed
2008-02-24 12:10:50.190000+00:00,-2.543,99.983,35.0,4.8,mw,earthquake,reviewed
2008-02-24 14:40:29.930000+00:00,-2.469,99.963,22.9,5.4,mw,earthquake,reviewed
2008-02-24 14:46:21.470000+00:00,-2.405,99.931,22.0,6.5,mw,earthquake,reviewed
2008-02-24 14:57:30.640000+00:00,-2.517,99.977,24.5,5.5,mw,earthquake,reviewed
2008-02-25 02:08:24.090000+00:00,-2.415,100.362,35.0,4.3,mw,earthquake,reviewed
2008-02-25 08:36:33.030000+00:00,-2.486,99.972,25.0,7.2,mw,earthquake,reviewed
2008-02-25 08:54:02.080000+00:00,-2.598,100.053,35.0,5.0,mw,earthquake,reviewed
2008-02-25 09:53:39.820000+00:00,2.639,96.065,35.0,5.1,mw,earthquake,reviewed
2008-02-25 10:38:46.560000+00:00,-2.468,99.882,35.0,5.2,mw,earthquake,reviewed
2008-02-25 13:33:51.030000+00:00,-2.312,99.971,35.8,5.4,mw,earthquake,reviewed
2008-02-25 14:14:27.140000+00:00,-2.301,99.997,38.9,5.1,mw,earthquake,reviewed
2008-02-25 18:06:03.900000+00:00,-2.332,99.891,25.0,6.6,mw,earthquake,reviewed
2008-02-25 21:02:18.420000+00:00,-2.245,99.808,25.0,6.7,mw,earthquake,reviewed
2008-02-26 04:42:26.290000+00:00,-2.339,99.699,35.0,4.1,mw,earthquake,reviewed
2008-02-26 05:29:13.680000+00:00,-2.69,99.926,35.0,4.8,mw,earthquake,reviewed
2008-02-26 07:27:18.300000+00:00,-2.544,100.176,35.0,4.6,mw,earthquake,reviewed
2008-02-26 11:38:41.440000+00:00,2.639,95.921,35.0,5.2,mw,earthquake,reviewed
2008-02-26 17:24:49.060000+00:00,1.205,97.255,35.0,4.6,mw,earthquake,reviewed
2008-02-26 18:18:27.530000+00:00,-3.852,101.067,20.0,5.9,mw,earthquake,reviewed
2008-02-26 20:03:00.660000+00:00,3.15,97.218,79.4,4.3,mw,earthquake,reviewed
2008-02-27 10:07:54.740000+00:00,1.085,97.242,35.0,4.8,mw,earthquake,reviewed
2008-02-27 10:25:15.640000+00:00,-2.379,100.241,35.0,5.0,mw,earthquake,reviewed
2008-02-29 10:37:13.350000+00:00,-3.621,100.761,35.0,4.9,mw,earthquake,reviewed
2008-03-01 02:48:54.860000+00:00,-3.252,101.062,35.0,4.3,mw,earthquake,reviewed
2008-03-01 21:13:36.240000+00:00,-4.44,101.33,27.0,5.4,mw,earthquake,reviewed
2008-03-01 22:25:04.720000+00:00,-2.521,100.193,35.0,4.1,mw,earthquake,reviewed
2008-03-03 02:37:27.120000+00:00,-2.18,99.823,25.0,6.2,mw,earthquake,reviewed
2008-03-03 04:38:29.650000+00:00,-4.661,102.552,35.0,4.7,mw,earthquake,reviewed
2008-03-03 10:06:33.970000+00:00,-4.465,100.759,10.0,4.2,mw,earthquake,reviewed
2008-03-03 17:48:32.120000+00:00,-4.467,101.452,27.5,5.7,mw,earthquake,reviewed
2008-03-03 19:53:34.700000+00:00,1.233,97.199,44.6,4.4,mw,earthquake,reviewed
2008-03-03 20:05:20.290000+00:00,1.143,97.146,32.1,5.1,mw,earthquake,reviewed
2008-03-03 21:11:23.720000+00:00,-4.455,101.462,33.4,5.5,mw,earthquake,reviewed
2008-03-04 01:45:10.510000+00:00,-4.497,101.465,35.0,4.3,mw,earthquake,reviewed
2008-03-05 11:05:31.760000+00:00,1.497,97.064,27.6,4.4,mw,earthquake,reviewed
2008-03-05 13:26:34.240000+00:00,-2.12,100.025,27.7,4.2,mw,earthquake,reviewed
2008-03-05 15:03:06.790000+00:00,2.407,95.574,35.0,4.6,mw,earthquake,reviewed
2008-03-06 03:36:14.670000+00:00,-2.235,99.791,35.0,5.3,mw,earthquake,reviewed
2008-03-08 18:59:46.900000+00:00,2.898,96.194,35.0,4.3,mw,earthquake,reviewed
2008-03-09 09:16:23.470000+00:00,-2.532,99.981,35.0,4.7,mw,earthquake,reviewed
2008-03-10 05:22:45.860000+00:00,2.383,95.595,35.0,5.1,mw,earthquake,reviewed
2008-03-10 20:52:47.360000+00:00,1.089,97.339,44.7,4.7,mw,earthquake,reviewed
2008-03-11 23:45:55.920000+00:00,-3.758,100.813,27.2,5.0,mw,earthquake,reviewed
2008-03-11 23:47:50.740000+00:00,-3.606,100.735,35.0,4.6,mw,earthquake,reviewed
2008-03-12 00:58:05.420000+00:00,-3.654,100.859,29.8,5.1,mw,earthquake,reviewed
2008-03-12 11:51:08.770000+00:00,2.624,95.506,35.0,5.0,mw,earthquake,reviewed
2008-03-13 20:53:26.300000+00:00,-4.215,101.437,45.0,5.1,mw,earthquake,reviewed
2008-03-14 09:20:35.420000+00:00,0.743,98.315,35.0,4.7,mw,earthquake,reviewed
2008-03-14 11:37:13.120000+00:00,1.74,99.152,35.0,4.6,mw,earthquake,reviewed
2008-03-16 23:05:25.580000+00:00,-2.897,101.095,35.0,5.2,mw,earthquake,reviewed
2008-03-20 08:27:24.060000+00:00,-5.779,105.397,35.0,4.2,mw,earthquake,reviewed
2008-03-20 09:25:17.250000+00:00,-5.813,105.529,35.0,4.6,mw,earthquake,reviewed
2008-03-20 15:57:07.330000+00:00,-2.78,100.129,35.0,4.2,mw,earthquake,reviewed
2008-03-21 05:26:50.100000+00:00,-4.255,100.957,35.0,4.7,mw,earthquake,reviewed
2008-03-23 03:52:20.760000+00:00,-1.775,99.904,39.9,4.3,mw,earthquake,reviewed
2008-03-24 03:42:23.280000+00:00,2.44,96.179,35.0,4.4,mw,earthquake,reviewed
2008-03-24 06:24:35.310000+00:00,-2.703,100.945,35.0,4.6,mw,earthquake,reviewed
2008-03-24 15:16:44.190000+00:00,0.957,97.036,53.7,4.6,mw,earthquake,reviewed
2008-03-24 19:22:40.760000+00:00,-2.482,100.699,35.0,4.6,mw,earthquake,reviewed
2008-03-25 03:22:17.020000+00:00,-2.599,100.168,35.0,4.6,mw,earthquake,reviewed
2008-03-25 18:33:14.080000+00:00,2.581,95.512,35.0,4.2,mw,earthquake,reviewed
2008-03-26 14:04:56.370000+00:00,-3.358,101.5,116.3,4.4,mw,earthquake,reviewed
2008-03-29 09:39:06.480000+00:00,1.295,97.166,42.7,4.8,mw,earthquake,reviewed
2008-03-30 10:34:23.190000+00:00,3.668,97.733,138.2,4.7,mw,earthquake,reviewed
2008-03-30 22:12:51.460000+00:00,0.114,98.242,49.2,5.2,mw,earthquake,reviewed
2008-03-31 00:29:08.360000+00:00,2.546,95.777,35.5,4.6,mw,earthquake,reviewed
2008-03-31 00:56:43.910000+00:00,4.024,95.931,52.8,4.9,mw,earthquake,reviewed
2008-03-31 11:59:50.570000+00:00,0.951,100.278,42.7,4.2,mw,earthquake,reviewed
2008-03-31 13:30:56.860000+00:00,-2.859,101.177,50.4,5.2,mw,earthquake,reviewed
2008-03-31 15:47:48.940000+00:00,-3.085,100.984,47.4,4.8,mw,earthquake,reviewed
2008-03-31 16:37:59.580000+00:00,-2.932,101.117,63.7,4.8,mw,earthquake,reviewed
2008-04-02 08:48:49.730000+00:00,-4.346,102.717,67.0,5.7,mw,earthquake,reviewed
2008-04-02 19:09:06.330000+00:00,-0.159,99.191,81.1,5.4,mw,earthquake,reviewed
2008-04-03 02:58:42.080000+00:00,-4.303,102.2,35.0,5.0,mw,earthquake,reviewed
2008-04-04 05:43:19.170000+00:00,2.633,96.117,25.9,5.1,mw,earthquake,reviewed
2008-04-04 16:43:32.480000+00:00,2.455,95.832,35.0,4.4,mw,earthquake,reviewed
2008-04-06 18:35:08.610000+00:00,1.28,97.199,44.2,4.7,mw,earthquake,reviewed
2008-04-06 19:01:21.470000+00:00,-4.921,102.994,35.0,4.6,mw,earthquake,reviewed
2008-04-07 06:42:27.180000+00:00,4.456,97.763,35.0,4.3,mw,earthquake,reviewed
2008-04-08 14:58:16.630000+00:00,-2.162,99.401,35.0,4.6,mw,earthquake,reviewed
2008-04-09 03:38:29.250000+00:00,-3.92,100.485,25.3,4.1,mw,earthquake,reviewed
2008-04-10 03:14:31.660000+00:00,2.511,95.77,35.0,4.6,mw,earthquake,reviewed
2008-04-10 20:43:20.190000+00:00,1.188,97.376,52.0,4.5,mw,earthquake,reviewed
2008-04-12 02:05:34.390000+00:00,2.442,95.515,35.0,4.2,mw,earthquake,reviewed
2008-04-13 10:43:17.220000+00:00,-4.734,103.111,35.0,4.9,mw,earthquake,reviewed
2008-04-14 10:21:50.010000+00:00,-1.775,99.747,35.0,4.3,mw,earthquake,reviewed
2008-04-15 23:06:46.720000+00:00,2.338,99.23,159.3,4.8,mw,earthquake,reviewed
2008-04-16 16:42:31.520000+00:00,2.887,96.017,35.0,4.3,mw,earthquake,reviewed
2008-04-17 21:02:23.970000+00:00,-5.913,105.489,21.0,5.0,mw,earthquake,reviewed
2008-04-18 02:01:09.410000+00:00,-1.908,99.425,35.0,4.4,mw,earthquake,reviewed
2008-04-19 00:31:46.580000+00:00,-3.437,101.652,35.0,4.2,mw,earthquake,reviewed
2008-04-21 11:05:32.270000+00:00,-4.571,101.797,35.0,4.5,mw,earthquake,reviewed
2008-04-21 20:47:26.200000+00:00,-2.982,101.299,100.4,4.1,mw,earthquake,reviewed
2008-04-22 01:46:03.650000+00:00,-2.101,99.552,35.0,4.6,mw,earthquake,reviewed
2008-04-22 03:09:40.060000+00:00,-4.363,101.05,35.0,5.0,mw,earthquake,reviewed
2008-04-22 17:59:01.080000+00:00,-3.272,100.984,35.0,4.3,mw,earthquake,reviewed
2008-04-27 01:16:12.970000+00:00,-3.266,101.407,46.4,5.2,mw,earthquake,reviewed
2008-04-29 13:38:55.550000+00:00,-3.484,100.593,35.0,4.6,mw,earthquake,reviewed
2008-04-29 14:04:40.790000+00:00,-1.674,99.168,35.0,4.3,mw,earthquake,reviewed
2008-04-30 16:35:15.350000+00:00,3.856,95.935,66.0,4.2,mw,earthquake,reviewed
2008-04-30 18:01:09.350000+00:00,-4.238,103.277,108.9,4.9,mw,earthquake,reviewed
2008-05-01 17:44:54.680000+00:00,-2.874,101.213,49.4,5.1,mw,earthquake,reviewed
2008-05-01 22:37:31.340000+00:00,-0.702,98.888,59.7,4.1,mw,earthquake,reviewed
2008-05-02 17:05:32.590000+00:00,2.689,97.386,35.0,4.2,mw,earthquake,reviewed
2008-05-03 03:53:34.930000+00:00,-3.015,101.319,50.4,5.3,mw,earthquake,reviewed
2008-05-03 06:50:16.290000+00:00,-5.937,104.405,35.0,4.3,mw,earthquake,reviewed
2008-05-03 10:51:38.740000+00:00,1.369,97.067,35.0,4.5,mw,earthquake,reviewed
2008-05-05 00:35:43.110000+00:00,3.138,97.692,104.5,4.2,mw,earthquake,reviewed
2008-05-05 07:24:40.170000+00:00,-4.107,102.028,35.0,4.2,mw,earthquake,reviewed
2008-05-05 09:52:38.140000+00:00,-2.516,100.504,35.0,4.7,mw,earthquake,reviewed
2008-05-06 06:58:17.400000+00:00,1.1,97.176,35.0,4.4,mw,earthquake,reviewed
2008-05-06 16:18:40.520000+00:00,-2.103,102.201,180.9,4.4,mw,earthquake,reviewed
2008-05-08 15:21:08.560000+00:00,-1.26,99.475,35.0,4.1,mw,earthquake,reviewed
2008-05-08 16:40:52.840000+00:00,2.688,95.94,22.9,4.6,mw,earthquake,reviewed
2008-05-09 15:39:29.630000+00:00,-3.221,101.124,35.0,4.3,mw,earthquake,reviewed
2008-05-09 20:37:00.280000+00:00,-4.334,102.685,81.0,5.0,mw,earthquake,reviewed
2008-05-10 22:51:17.480000+00:00,-2.014,100.46,35.0,4.2,mw,earthquake,reviewed
2008-05-11 09:57:55.980000+00:00,-3.957,101.027,26.4,4.7,mw,earthquake,reviewed
2008-05-12 04:58:48.190000+00:00,-4.489,102.032,35.0,4.7,mw,earthquake,reviewed
2008-05-15 11:27:03.760000+00:00,-2.461,99.997,35.0,4.6,mw,earthquake,reviewed
2008-05-15 11:37:55.790000+00:00,-2.526,99.864,35.0,4.7,mw,earthquake,reviewed
2008-05-16 00:33:31.330000+00:00,4.5,96.695,35.0,4.2,mw,earthquake,reviewed
2008-05-16 02:00:04.470000+00:00,-5.525,103.348,35.0,4.1,mw,earthquake,reviewed
2008-05-18 02:59:57.960000+00:00,1.201,97.118,19.9,5.0,mw,earthquake,reviewed
2008-05-18 12:17:23.340000+00:00,-3.202,101.409,32.0,5.7,mw,earthquake,reviewed
2008-05-18 13:42:20.020000+00:00,0.856,97.323,23.2,4.4,mw,earthquake,reviewed
2008-05-18 23:25:03.800000+00:00,1.316,97.236,35.0,4.2,mw,earthquake,reviewed
2008-05-19 03:12:47.850000+00:00,5.015,95.826,35.0,4.1,mw,earthquake,reviewed
2008-05-19 14:26:45.020000+00:00,1.64,99.147,10.0,6.0,mw,earthquake,reviewed
2008-05-19 14:30:52.020000+00:00,1.34,98.957,10.0,5.0,mw,earthquake,reviewed
2008-05-19 14:49:17.690000+00:00,1.724,99.18,10.0,5.3,mw,earthquake,reviewed
2008-05-19 18:09:58.550000+00:00,1.408,99.043,10.0,4.5,mw,earthquake,reviewed
2008-05-19 18:25:57.840000+00:00,1.491,99.036,10.0,4.1,mw,earthquake,reviewed
2008-05-19 18:36:38.680000+00:00,0.779,99.803,10.0,4.1,mw,earthquake,reviewed
2008-05-19 20:17:42.020000+00:00,1.409,99.209,10.0,4.2,mw,earthquake,reviewed
2008-05-20 05:12:07.350000+00:00,4.453,95.923,121.0,4.5,mw,earthquake,reviewed
2008-05-20 12:22:34.010000+00:00,2.181,96.754,35.0,4.9,mw,earthquake,reviewed
2008-05-20 17:08:00.200000+00:00,-3.181,101.475,47.9,5.7,mw,earthquake,reviewed
2008-05-20 17:11:11.650000+00:00,-3.204,101.408,45.2,5.1,mw,earthquake,reviewed
2008-05-21 06:31:46.250000+00:00,-4.713,103.043,35.0,4.7,mw,earthquake,reviewed
2008-05-21 20:17:34.840000+00:00,-4.187,102.464,53.2,4.9,mw,earthquake,reviewed
2008-05-21 22:22:55.690000+00:00,-4.129,101.272,19.0,5.5,mw,earthquake,reviewed
2008-05-21 23:23:09.200000+00:00,-4.445,101.096,22.3,5.2,mw,earthquake,reviewed
2008-05-22 17:55:06.040000+00:00,1.663,99.19,35.0,4.6,mw,earthquake,reviewed
2008-05-22 18:58:02.090000+00:00,1.754,99.165,40.8,5.0,mw,earthquake,reviewed
2008-05-24 03:15:53.120000+00:00,-2.581,98.911,35.0,4.2,mw,earthquake,reviewed
2008-05-24 11:15:04.020000+00:00,1.199,98.451,35.0,4.8,mw,earthquake,reviewed
2008-05-24 17:50:01.070000+00:00,0.35,99.587,35.0,4.5,mw,earthquake,reviewed
2008-05-27 08:06:30.890000+00:00,-3.575,100.802,35.0,4.9,mw,earthquake,reviewed
2008-05-27 23:59:18.650000+00:00,-3.738,100.837,28.9,4.1,mw,earthquake,reviewed
2008-05-28 03:48:23.350000+00:00,-3.703,100.307,35.0,4.2,mw,earthquake,reviewed
2008-05-31 03:45:00.530000+00:00,4.401,96.371,25.5,4.5,mw,earthquake,reviewed
2008-06-01 19:48:24.940000+00:00,1.496,99.063,35.0,4.5,mw,earthquake,reviewed
2008-06-02 03:49:16.700000+00:00,1.276,97.056,35.0,4.4,mw,earthquake,reviewed
2008-06-02 10:36:30.360000+00:00,1.712,97.065,35.0,4.9,mw,earthquake,reviewed
2008-06-03 02:26:08.880000+00:00,0.328,97.682,35.0,4.7,mw,earthquake,reviewed
2008-06-03 02:30:51.270000+00:00,0.304,97.65,35.0,4.5,mw,earthquake,reviewed
2008-06-03 10:15:50.890000+00:00,0.354,97.759,35.0,5.3,mw,earthquake,reviewed
2008-06-03 22:49:57.070000+00:00,-2.077,99.975,35.3,5.2,mw,earthquake,reviewed
2008-06-04 20:09:35.100000+00:00,2.64,95.886,38.1,4.5,mw,earthquake,reviewed
2008-06-05 00:22:06.090000+00:00,-2.602,99.764,27.7,4.4,mw,earthquake,reviewed
2008-06-06 15:16:05.630000+00:00,-4.382,101.606,35.0,4.2,mw,earthquake,reviewed
2008-06-06 23:11:55.720000+00:00,-2.652,100.074,28.9,4.7,mw,earthquake,reviewed
2008-06-06 23:50:44.250000+00:00,-2.221,101.975,35.0,4.2,mw,earthquake,reviewed
2008-06-07 00:07:29.870000+00:00,1.742,99.15,35.0,4.3,mw,earthquake,reviewed
2008-06-08 16:45:17.150000+00:00,-3.995,101.25,35.0,4.5,mw,earthquake,reviewed
2008-06-08 19:50:44.830000+00:00,1.147,97.158,35.0,4.4,mw,earthquake,reviewed
2008-06-11 21:07:01.310000+00:00,-3.67,100.943,35.0,4.1,mw,earthquake,reviewed
2008-06-11 22:10:25.570000+00:00,2.853,95.659,79.9,4.3,mw,earthquake,reviewed
2008-06-12 09:39:22.240000+00:00,1.447,97.065,35.0,4.1,mw,earthquake,reviewed
2008-06-13 16:13:24.640000+00:00,0.824,97.478,23.8,5.1,mw,earthquake,reviewed
2008-06-15 04:39:08.160000+00:00,-5.634,103.427,35.0,4.2,mw,earthquake,reviewed
2008-06-16 06:04:35.280000+00:00,4.886,95.606,35.0,4.3,mw,earthquake,reviewed
2008-06-17 15:42:38.880000+00:00,4.094,96.517,40.0,4.8,mw,earthquake,reviewed
2008-06-17 16:02:23.590000+00:00,-2.974,100.044,25.0,4.3,mw,earthquake,reviewed
2008-06-17 22:03:52.220000+00:00,3.812,97.01,104.1,4.5,mw,earthquake,reviewed
2008-06-20 10:01:38.620000+00:00,-3.086,101.267,58.4,5.1,mw,earthquake,reviewed
2008-06-20 12:24:58.100000+00:00,-2.035,98.704,24.8,5.3,mw,earthquake,reviewed
2008-06-20 20:47:01.480000+00:00,-2.493,100.421,27.6,4.4,mw,earthquake,reviewed
2008-06-21 03:36:40.590000+00:00,-2.179,98.412,24.0,4.5,mw,earthquake,reviewed
2008-06-22 22:38:54.690000+00:00,-3.483,100.579,35.0,4.3,mw,earthquake,reviewed
2008-06-23 14:15:02.660000+00:00,0.048,97.135,35.9,4.2,mw,earthquake,reviewed
2008-06-23 20:16:13.270000+00:00,0.183,96.666,30.4,4.8,mw,earthquake,reviewed
2008-06-24 00:21:18.340000+00:00,0.805,97.382,32.1,4.1,mw,earthquake,reviewed
2008-06-24 05:44:09.230000+00:00,0.189,96.634,35.0,4.3,mw,earthquake,reviewed
2008-06-24 17:09:34.750000+00:00,-5.119,101.624,10.0,4.1,mw,earthquake,reviewed
2008-06-24 19:14:44.150000+00:00,-3.185,101.433,49.0,5.1,mw,earthquake,reviewed
2008-06-24 21:43:12.480000+00:00,-4.817,102.966,19.0,4.7,mw,earthquake,reviewed
2008-06-25 01:52:36.040000+00:00,1.324,97.158,19.0,5.5,mw,earthquake,reviewed
2008-06-25 02:53:25.440000+00:00,1.344,97.191,16.0,5.7,mw,earthquake,reviewed
2008-06-25 08:15:27.830000+00:00,0.423,98.586,40.2,4.8,mw,earthquake,reviewed
2008-06-25 23:48:16.970000+00:00,1.255,97.219,44.5,4.5,mw,earthquake,reviewed
2008-06-26 05:29:02.030000+00:00,-2.429,100.733,35.0,4.2,mw,earthquake,reviewed
2008-06-27 14:16:21.150000+00:00,0.206,96.666,35.0,5.2,mw,earthquake,reviewed
2008-06-27 15:07:22.400000+00:00,0.207,96.73,35.0,4.7,mw,earthquake,reviewed
2008-06-27 16:12:45.800000+00:00,0.288,96.701,35.0,4.5,mw,earthquake,reviewed
2008-06-27 19:47:50.400000+00:00,0.168,96.66,35.0,4.3,mw,earthquake,reviewed
2008-06-28 21:29:55.280000+00:00,0.214,96.689,29.2,4.1,mw,earthquake,reviewed
2008-06-29 00:43:55.460000+00:00,0.184,96.755,35.0,4.6,mw,earthquake,reviewed
2008-06-29 03:13:04.980000+00:00,0.091,96.676,26.9,4.6,mw,earthquake,reviewed
2008-06-29 07:23:54.460000+00:00,-3.691,100.802,32.5,4.9,mw,earthquake,reviewed
2008-06-29 19:55:22.530000+00:00,2.339,97.039,35.0,4.9,mw,earthquake,reviewed
2008-06-30 00:56:10.620000+00:00,-2.514,100.879,40.0,4.4,mw,earthquake,reviewed
2008-06-30 20:39:13.930000+00:00,-5.88,104.328,35.0,4.4,mw,earthquake,reviewed
2008-07-01 02:32:19.560000+00:00,-0.958,100.225,35.0,4.3,mw,earthquake,reviewed
2008-07-02 10:09:49.850000+00:00,2.445,95.79,35.0,4.3,mw,earthquake,reviewed
2008-07-02 14:55:10.160000+00:00,1.113,97.079,21.7,5.0,mw,earthquake,reviewed
2008-07-03 05:26:39.680000+00:00,2.423,96.208,35.0,4.2,mw,earthquake,reviewed
2008-07-05 20:58:15.790000+00:00,-3.587,100.573,2.7,4.4,mw,earthquake,reviewed
2008-07-07 16:18:54.090000+00:00,2.902,95.892,41.6,4.8,mw,earthquake,reviewed
2008-07-07 17:58:37.240000+00:00,-2.017,99.66,35.0,4.3,mw,earthquake,reviewed
2008-07-08 20:39:36.740000+00:00,-2.109,99.563,35.0,4.5,mw,earthquake,reviewed
2008-07-09 18:46:00.690000+00:00,-4.748,103.032,63.1,5.0,mw,earthquake,reviewed
2008-07-09 22:17:41.110000+00:00,-1.831,101.137,53.9,5.3,mw,earthquake,reviewed
2008-07-09 22:33:14.810000+00:00,-1.987,100.921,35.0,4.3,mw,earthquake,reviewed
2008-07-10 18:23:58.930000+00:00,2.419,95.57,35.0,4.2,mw,earthquake,reviewed
2008-07-12 11:07:23.750000+00:00,2.448,95.889,23.1,4.6,mw,earthquake,reviewed
2008-07-13 03:56:54.850000+00:00,0.762,99.716,10.0,4.4,mw,earthquake,reviewed
2008-07-14 04:44:51.640000+00:00,2.177,96.518,24.0,5.6,mw,earthquake,reviewed
2008-07-14 08:17:12.210000+00:00,2.122,96.471,27.9,5.0,mw,earthquake,reviewed
2008-07-17 16:24:35.960000+00:00,2.528,95.818,18.9,4.7,mw,earthquake,reviewed
2008-07-17 21:17:52.060000+00:00,0.209,96.603,22.2,4.4,mw,earthquake,reviewed
2008-07-18 02:48:01.110000+00:00,-1.211,100.734,112.0,4.6,mw,earthquake,reviewed
2008-07-19 10:32:08.320000+00:00,0.22,96.675,27.9,4.4,mw,earthquake,reviewed
2008-07-19 10:55:53.980000+00:00,0.292,96.664,29.5,4.4,mw,earthquake,reviewed
2008-07-19 18:16:01.650000+00:00,-3.477,100.629,36.7,4.8,mw,earthquake,reviewed
2008-07-19 23:19:58.460000+00:00,-0.444,96.953,35.0,5.3,mw,earthquake,reviewed
2008-07-20 04:35:30.550000+00:00,-2.408,99.889,27.3,4.7,mw,earthquake,reviewed
2008-07-22 10:03:43.650000+00:00,-3.587,100.477,25.9,4.6,mw,earthquake,reviewed
2008-07-22 12:27:55.270000+00:00,1.287,97.272,35.0,5.0,mw,earthquake,reviewed
2008-07-22 14:24:18.170000+00:00,-3.348,100.926,35.0,4.5,mw,earthquake,reviewed
2008-07-22 23:44:00.040000+00:00,-2.95,100.902,35.0,4.3,mw,earthquake,reviewed
2008-07-24 13:21:50.540000+00:00,-3.448,101.658,75.3,5.2,mw,earthquake,reviewed
2008-07-24 21:57:36.500000+00:00,-1.8,99.852,44.9,4.5,mw,earthquake,reviewed
2008-07-27 12:20:11.930000+00:00,-4.037,100.808,35.0,4.5,mw,earthquake,reviewed
2008-07-28 04:15:55.830000+00:00,0.157,96.584,35.0,4.2,mw,earthquake,reviewed
2008-07-28 07:10:04.580000+00:00,-1.069,99.792,84.5,5.3,mw,earthquake,reviewed
2008-07-28 12:35:04.730000+00:00,-4.258,102.099,35.0,4.4,mw,earthquake,reviewed
2008-07-29 18:35:01.890000+00:00,0.207,96.624,35.0,4.5,mw,earthquake,reviewed
2008-07-31 15:16:52.940000+00:00,1.749,96.998,21.1,4.8,mw,earthquake,reviewed
2008-08-03 02:04:41.740000+00:00,2.394,95.859,44.7,4.1,mw,earthquake,reviewed
2008-08-03 06:25:32.150000+00:00,2.956,96.197,35.0,4.3,mw,earthquake,reviewed
2008-08-03 17:37:31.060000+00:00,1.503,97.118,41.8,4.6,mw,earthquake,reviewed
2008-08-03 20:32:21.640000+00:00,4.106,95.732,56.1,4.3,mw,earthquake,reviewed
2008-08-04 20:46:45.940000+00:00,3.062,95.918,35.0,4.5,mw,earthquake,reviewed
2008-08-07 21:27:33.580000+00:00,2.416,95.871,33.1,4.7,mw,earthquake,reviewed
2008-08-08 06:37:41.910000+00:00,-3.942,101.076,23.0,5.8,mw,earthquake,reviewed
2008-08-08 07:15:27.050000+00:00,-4.111,100.949,35.0,4.7,mw,earthquake,reviewed
2008-08-08 07:32:53.390000+00:00,-3.907,100.993,36.3,5.3,mw,earthquake,reviewed
2008-08-08 07:57:42.650000+00:00,-4.556,102.699,35.0,5.0,mw,earthquake,reviewed
2008-08-08 14:00:16.930000+00:00,-4.017,101.079,35.0,4.4,mw,earthquake,reviewed
2008-08-09 04:09:54.920000+00:00,-1.959,99.082,35.0,4.2,mw,earthquake,reviewed
2008-08-10 17:15:43+00:00,2.574,95.816,35.0,4.1,mw,earthquake,reviewed
2008-08-13 00:44:00.020000+00:00,1.444,98.243,90.7,4.1,mw,earthquake,reviewed
2008-08-14 09:08:17.110000+00:00,0.723,99.76,35.0,4.4,mw,earthquake,reviewed
2008-08-17 04:09:53.060000+00:00,-5.03,102.4,35.0,4.6,mw,earthquake,reviewed
2008-08-19 00:23:47.920000+00:00,4.697,95.759,98.1,4.5,mw,earthquake,reviewed
2008-08-19 18:00:39.830000+00:00,-5.073,102.29,75.1,4.2,mw,earthquake,reviewed
2008-08-20 02:38:27.210000+00:00,1.031,97.274,35.0,4.5,mw,earthquake,reviewed
2008-08-20 04:54:43.610000+00:00,2.074,96.764,29.1,4.7,mw,earthquake,reviewed
2008-08-20 04:57:11.060000+00:00,0.332,100.447,167.4,4.4,mw,earthquake,reviewed
2008-08-22 07:21:22.600000+00:00,-5.627,103.043,18.3,5.3,mw,earthquake,reviewed
2008-08-22 13:17:59.140000+00:00,2.507,96.342,36.2,4.9,mw,earthquake,reviewed
2008-08-22 15:38:39.560000+00:00,2.36,96.24,37.0,4.4,mw,earthquake,reviewed
2008-08-24 04:35:54.010000+00:00,2.57,96.084,35.0,4.2,mw,earthquake,reviewed
2008-08-25 22:29:02.140000+00:00,0.368,98.629,43.5,4.5,mw,earthquake,reviewed
2008-08-26 03:51:34.300000+00:00,-0.159,97.074,35.0,4.2,mw,earthquake,reviewed
2008-08-27 07:45:25.210000+00:00,-2.143,99.954,35.0,4.1,mw,earthquake,reviewed
2008-08-27 17:38:26.260000+00:00,0.567,97.492,35.0,4.2,mw,earthquake,reviewed
2008-08-28 21:16:42.470000+00:00,-0.791,101.258,132.4,4.1,mw,earthquake,reviewed
2008-08-29 19:34:35.820000+00:00,-3.496,101.627,50.4,5.0,mw,earthquake,reviewed
2008-08-29 22:46:51.420000+00:00,2.127,96.736,37.5,4.7,mw,earthquake,reviewed
2008-08-29 23:08:22.920000+00:00,-2.133,99.602,35.0,4.1,mw,earthquake,reviewed
2008-08-31 14:36:07.400000+00:00,-2.38,99.918,31.6,4.7,mw,earthquake,reviewed
2008-09-01 19:22:21.100000+00:00,2.579,96.093,35.0,4.4,mw,earthquake,reviewed
2008-09-02 00:06:49.380000+00:00,-4.477,101.464,24.0,5.1,mw,earthquake,reviewed
2008-09-02 09:00:03.200000+00:00,0.489,98.089,35.0,5.1,mw,earthquake,reviewed
2008-09-03 04:16:52.900000+00:00,-3.321,100.472,35.0,4.7,mw,earthquake,reviewed
2008-09-03 08:07:05.720000+00:00,-3.691,100.02,35.0,4.9,mw,earthquake,reviewed
2008-09-03 22:34:39.780000+00:00,1.309,97.153,25.5,4.9,mw,earthquake,reviewed
2008-09-04 02:03:29.670000+00:00,-2.629,101.134,89.2,4.4,mw,earthquake,reviewed
2008-09-05 18:38:54.560000+00:00,-0.306,98.37,65.7,4.7,mw,earthquake,reviewed
2008-09-06 14:17:21.380000+00:00,-1.909,99.594,35.0,4.2,mw,earthquake,reviewed
2008-09-08 09:26:43.240000+00:00,1.082,96.805,35.0,4.5,mw,earthquake,reviewed
2008-09-08 10:43:29.780000+00:00,-2.222,100.506,66.9,5.1,mw,earthquake,reviewed
2008-09-09 03:07:27.500000+00:00,-3.935,103.058,25.2,5.2,mw,earthquake,reviewed
2008-09-09 03:52:37.880000+00:00,-3.698,103.274,35.0,4.1,mw,earthquake,reviewed
2008-09-10 00:18:53.380000+00:00,2.452,96.292,39.7,5.1,mw,earthquake,reviewed
2008-09-10 03:00:30.870000+00:00,2.506,96.323,43.2,5.5,mw,earthquake,reviewed
2008-09-10 03:13:43.690000+00:00,2.508,96.406,35.0,4.6,mw,earthquake,reviewed
2008-09-10 03:21:29.310000+00:00,2.479,96.322,35.0,4.5,mw,earthquake,reviewed
2008-09-10 03:28:05.110000+00:00,2.619,96.227,35.0,4.1,mw,earthquake,reviewed
2008-09-10 03:29:19.760000+00:00,2.426,96.262,35.0,4.6,mw,earthquake,reviewed
2008-09-10 04:02:27.450000+00:00,2.418,96.296,37.3,4.9,mw,earthquake,reviewed
2008-09-13 14:26:08.410000+00:00,-3.905,103.085,48.4,4.4,mw,earthquake,reviewed
2008-09-15 04:22:02.100000+00:00,-2.794,101.247,64.7,4.7,mw,earthquake,reviewed
2008-09-15 08:55:00.800000+00:00,3.78,95.96,35.0,4.5,mw,earthquake,reviewed
2008-09-17 05:04:47.010000+00:00,2.236,96.265,35.0,4.9,mw,earthquake,reviewed
2008-09-17 20:11:43.140000+00:00,-5.212,102.22,18.1,5.1,mw,earthquake,reviewed
2008-09-17 22:04:51.540000+00:00,-4.337,104.606,189.4,4.5,mw,earthquake,reviewed
2008-09-18 05:57:07.140000+00:00,2.191,96.186,35.0,4.5,mw,earthquake,reviewed
2008-09-18 19:25:09.190000+00:00,-5.179,103.672,40.1,4.5,mw,earthquake,reviewed
2008-09-18 21:45:20.120000+00:00,2.614,98.987,177.5,4.1,mw,earthquake,reviewed
2008-09-19 17:17:12.700000+00:00,4.503,96.859,155.5,4.5,mw,earthquake,reviewed
2008-09-20 17:44:14.430000+00:00,-0.988,100.061,59.5,4.7,mw,earthquake,reviewed
2008-09-21 08:27:52.470000+00:00,2.505,95.88,35.0,4.2,mw,earthquake,reviewed
2008-09-24 03:54:46.340000+00:00,4.004,95.905,55.5,4.2,mw,earthquake,reviewed
2008-09-24 04:23:41.320000+00:00,0.403,97.85,31.8,4.3,mw,earthquake,reviewed
2008-09-25 02:23:40.610000+00:00,3.08,96.146,72.8,4.4,mw,earthquake,reviewed
2008-09-25 20:33:07.400000+00:00,-2.245,99.891,35.0,4.4,mw,earthquake,reviewed
2008-09-27 05:19:41.900000+00:00,-2.331,99.331,35.0,4.5,mw,earthquake,reviewed
2008-09-28 22:43:53.620000+00:00,2.636,96.066,48.7,5.0,mw,earthquake,reviewed
2008-09-28 22:46:07.120000+00:00,2.501,95.929,35.0,4.4,mw,earthquake,reviewed
2008-09-29 20:21:36.880000+00:00,2.28,96.203,35.0,5.1,mw,earthquake,reviewed
2008-10-01 03:12:18.950000+00:00,0.957,96.849,26.7,5.0,mw,earthquake,reviewed
2008-10-01 21:42:18.730000+00:00,-4.601,100.826,35.0,5.0,mw,earthquake,reviewed
2008-10-03 14:07:32.280000+00:00,2.005,99.05,35.0,4.4,mw,earthquake,reviewed
2008-10-04 11:49:45.040000+00:00,2.309,96.111,35.0,4.1,mw,earthquake,reviewed
2008-10-06 15:41:54.590000+00:00,-3.545,100.369,35.0,4.2,mw,earthquake,reviewed
2008-10-06 17:35:32.610000+00:00,-5.096,101.984,35.0,4.5,mw,earthquake,reviewed
2008-10-10 11:28:50.630000+00:00,1.23,97.121,35.0,4.6,mw,earthquake,reviewed
2008-10-10 14:17:56.830000+00:00,4.436,95.736,76.4,4.3,mw,earthquake,reviewed
2008-10-11 07:58:39.260000+00:00,0.097,98.459,35.0,4.2,mw,earthquake,reviewed
2008-10-11 12:32:30.480000+00:00,1.116,97.194,35.0,4.1,mw,earthquake,reviewed
2008-10-11 15:55:11.700000+00:00,2.614,97.402,35.0,4.4,mw,earthquake,reviewed
2008-10-12 15:51:03.960000+00:00,-4.326,102.366,37.6,4.8,mw,earthquake,reviewed
2008-10-12 17:03:05.140000+00:00,-1.231,99.865,35.0,4.2,mw,earthquake,reviewed
2008-10-15 08:02:01.410000+00:00,1.962,97.966,61.1,5.1,mw,earthquake,reviewed
2008-10-18 03:13:22.670000+00:00,1.145,96.75,32.7,4.4,mw,earthquake,reviewed
2008-10-19 10:51:52.650000+00:00,-2.732,99.861,35.0,4.2,mw,earthquake,reviewed
2008-10-19 23:47:08.530000+00:00,-4.636,103.248,81.3,4.8,mw,earthquake,reviewed
2008-10-20 08:54:11.120000+00:00,2.483,96.335,35.0,4.9,mw,earthquake,reviewed
2008-10-22 19:57:50.360000+00:00,0.72,99.731,152.5,4.8,mw,earthquake,reviewed
2008-10-23 15:45:41.710000+00:00,-3.637,100.529,40.0,4.4,mw,earthquake,reviewed
2008-10-25 13:48:39.280000+00:00,-4.771,100.756,10.0,4.5,mw,earthquake,reviewed
2008-10-26 07:25:08.540000+00:00,-5.657,102.701,35.0,4.6,mw,earthquake,reviewed
2008-10-26 08:47:38.480000+00:00,-5.571,102.76,35.0,4.5,mw,earthquake,reviewed
2008-10-26 09:50:56.680000+00:00,1.197,97.158,35.0,4.6,mw,earthquake,reviewed
2008-10-26 10:27:37.490000+00:00,-3.631,100.75,35.5,5.2,mw,earthquake,reviewed
2008-10-27 00:04:43.350000+00:00,-4.483,101.111,35.0,4.3,mw,earthquake,reviewed
2008-10-28 22:00:11.310000+00:00,1.322,97.28,37.3,4.2,mw,earthquake,reviewed
2008-10-29 16:15:06.250000+00:00,-2.48,100.201,35.0,4.5,mw,earthquake,reviewed
2008-10-30 22:48:31.920000+00:00,4.649,96.21,35.0,4.5,mw,earthquake,reviewed
2008-11-01 13:04:40.330000+00:00,0.17,98.603,54.7,4.7,mw,earthquake,reviewed
2008-11-02 09:32:01.460000+00:00,-5.918,103.735,42.1,5.0,mw,earthquake,reviewed
2008-11-03 19:21:58.450000+00:00,1.145,97.253,10.0,5.7,mw,earthquake,reviewed
2008-11-03 19:30:18.710000+00:00,0.937,97.13,10.0,4.2,mw,earthquake,reviewed
2008-11-03 19:57:47.080000+00:00,1.025,97.166,10.0,4.7,mw,earthquake,reviewed
2008-11-03 20:35:46.690000+00:00,1.051,97.17,10.0,4.4,mw,earthquake,reviewed
2008-11-03 23:49:05.200000+00:00,1.059,97.253,10.0,4.4,mw,earthquake,reviewed
2008-11-04 02:51:43.180000+00:00,-3.746,102.033,77.7,4.7,mw,earthquake,reviewed
2008-11-04 12:39:08.470000+00:00,2.379,95.987,35.0,4.2,mw,earthquake,reviewed
2008-11-04 20:48:52.710000+00:00,-5.663,103.788,40.4,4.7,mw,earthquake,reviewed
2008-11-06 18:37:12.070000+00:00,-2.298,100.046,35.0,5.0,mw,earthquake,reviewed
2008-11-07 16:03:20.810000+00:00,2.032,96.922,24.4,4.5,mw,earthquake,reviewed
2008-11-09 17:59:11.760000+00:00,1.147,97.248,35.0,4.9,mw,earthquake,reviewed
2008-11-10 05:58:37.430000+00:00,-4.517,100.841,35.0,4.2,mw,earthquake,reviewed
2008-11-10 06:29:29.630000+00:00,-4.736,103.077,35.0,4.6,mw,earthquake,reviewed
2008-11-10 08:58:50.450000+00:00,-0.255,100.141,126.3,5.1,mw,earthquake,reviewed
2008-11-11 01:46:12.490000+00:00,-4.151,102.186,65.9,5.1,mw,earthquake,reviewed
2008-11-11 20:31:03.390000+00:00,1.028,97.106,30.0,4.2,mw,earthquake,reviewed
2008-11-13 05:47:30.580000+00:00,1.663,99.509,166.1,4.1,mw,earthquake,reviewed
2008-11-14 00:27:20.080000+00:00,-5.667,105.7,63.0,4.8,mw,earthquake,reviewed
2008-11-14 07:02:47.620000+00:00,-3.476,101.538,44.1,4.5,mw,earthquake,reviewed
2008-11-14 22:07:56.610000+00:00,-3.655,100.679,35.0,4.7,mw,earthquake,reviewed
2008-11-14 22:24:57.400000+00:00,-3.859,100.422,35.0,4.2,mw,earthquake,reviewed
2008-11-14 22:56:35.860000+00:00,2.262,96.321,35.0,5.0,mw,earthquake,reviewed
2008-11-15 18:14:54.820000+00:00,0.828,97.344,30.0,4.1,mw,earthquake,reviewed
2008-11-16 08:30:01.300000+00:00,-5.398,102.254,28.8,4.6,mw,earthquake,reviewed
2008-11-16 10:51:00.750000+00:00,1.794,99.027,35.0,4.3,mw,earthquake,reviewed
2008-11-17 00:34:25.300000+00:00,2.592,97.042,68.5,4.4,mw,earthquake,reviewed
2008-11-20 00:43:11.130000+00:00,2.631,99.11,173.1,4.1,mw,earthquake,reviewed
2008-11-21 15:37:33.430000+00:00,-4.264,101.919,35.0,4.3,mw,earthquake,reviewed
2008-11-22 13:39:08.960000+00:00,-2.76,100.829,80.0,4.6,mw,earthquake,reviewed
2008-11-22 16:01:01.700000+00:00,-4.348,101.259,24.0,6.3,mw,earthquake,reviewed
2008-11-22 16:11:49.240000+00:00,-4.483,101.421,23.4,5.8,mw,earthquake,reviewed
2008-11-22 18:56:09.070000+00:00,-4.226,101.456,45.0,4.1,mw,earthquake,reviewed
2008-11-22 22:05:59.410000+00:00,-4.61,101.219,35.0,5.2,mw,earthquake,reviewed
2008-11-23 23:13:03.810000+00:00,3.043,97.025,35.0,4.2,mw,earthquake,reviewed
2008-11-24 04:18:45.050000+00:00,0.512,96.7,35.0,4.4,mw,earthquake,reviewed
2008-11-26 03:28:23.780000+00:00,-5.245,100.648,30.6,4.1,mw,earthquake,reviewed
2008-11-27 17:31:21.060000+00:00,1.34,97.195,35.0,4.3,mw,earthquake,reviewed
2008-11-28 08:50:47.910000+00:00,-4.755,101.764,25.0,5.9,mw,earthquake,reviewed
2008-11-28 23:36:23.070000+00:00,1.145,97.28,35.0,4.2,mw,earthquake,reviewed
2008-11-30 21:19:11.920000+00:00,1.753,99.076,21.4,4.5,mw,earthquake,reviewed
2008-12-01 13:33:22.350000+00:00,-0.686,98.325,35.0,4.1,mw,earthquake,reviewed
2008-12-01 17:31:38.990000+00:00,-4.733,101.829,35.0,4.3,mw,earthquake,reviewed
2008-12-01 18:06:35.490000+00:00,-1.408,97.325,35.0,4.3,mw,earthquake,reviewed
2008-12-03 12:21:46.120000+00:00,3.039,96.985,35.0,4.1,mw,earthquake,reviewed
2008-12-04 21:01:30.430000+00:00,4.175,96.606,106.1,4.4,mw,earthquake,reviewed
2008-12-05 13:51:50.140000+00:00,2.627,95.724,35.0,4.7,mw,earthquake,reviewed
2008-12-05 19:09:13.020000+00:00,-1.994,99.721,35.0,4.1,mw,earthquake,reviewed
2008-12-07 08:45:32.130000+00:00,0.178,98.212,35.0,4.2,mw,earthquake,reviewed
2008-12-08 08:53:20.790000+00:00,1.169,97.189,35.0,4.3,mw,earthquake,reviewed
2008-12-09 06:05:01.340000+00:00,1.064,97.228,35.0,4.4,mw,earthquake,reviewed
2008-12-10 17:01:35.840000+00:00,3.625,95.744,35.0,4.3,mw,earthquake,reviewed
2008-12-11 17:06:06.860000+00:00,-3.649,100.753,14.1,5.7,mw,earthquake,reviewed
2008-12-11 20:55:04.160000+00:00,-5.845,105.333,35.0,5.3,mw,earthquake,reviewed
2008-12-12 12:20:34.820000+00:00,2.49,95.782,35.0,4.2,mw,earthquake,reviewed
2008-12-14 06:10:28.280000+00:00,4.58,96.061,35.0,4.3,mw,earthquake,reviewed
2008-12-15 10:12:03.990000+00:00,-5.918,105.37,10.0,4.8,mw,earthquake,reviewed
2008-12-15 21:18:10.100000+00:00,-2.829,101.042,48.7,5.3,mw,earthquake,reviewed
2008-12-16 19:43:17.280000+00:00,0.211,97.68,30.0,4.2,mw,earthquake,reviewed
2008-12-17 19:54:02.170000+00:00,-2.281,99.858,35.0,4.3,mw,earthquake,reviewed
2008-12-17 22:26:15.140000+00:00,0.451,98.117,48.4,4.7,mw,earthquake,reviewed
2008-12-17 23:14:08.600000+00:00,-5.838,103.958,52.8,4.5,mw,earthquake,reviewed
2008-12-19 01:27:20.220000+00:00,-1.75,99.759,28.0,4.8,mw,earthquake,reviewed
2008-12-19 01:34:37.050000+00:00,-1.74,99.741,27.2,4.3,mw,earthquake,reviewed
2008-12-19 10:31:18.070000+00:00,-3.829,99.523,35.0,4.5,mw,earthquake,reviewed
2008-12-20 00:02:51.040000+00:00,-4.432,102.293,35.0,4.6,mw,earthquake,reviewed
2008-12-20 21:29:50.850000+00:00,0.499,98.011,41.6,4.4,mw,earthquake,reviewed
2008-12-23 15:15:46.620000+00:00,-2.443,102.048,35.0,4.9,mw,earthquake,reviewed
2008-12-30 05:38:55.940000+00:00,-4.793,101.836,35.0,4.8,mw,earthquake,reviewed
2008-12-30 17:28:20.590000+00:00,1.232,97.181,35.3,4.6,mw,earthquake,reviewed
2008-12-30 19:49:52.610000+00:00,-4.297,101.217,20.0,5.9,mw,earthquake,reviewed
2008-12-30 20:05:27.120000+00:00,-4.311,101.254,10.0,4.6,mw,earthquake,reviewed
2008-12-30 20:32:38.020000+00:00,-4.366,101.191,10.0,5.2,mw,earthquake,reviewed
2008-12-31 00:06:25.600000+00:00,-4.363,101.242,10.0,4.2,mw,earthquake,reviewed
2009-01-01 16:57:53.110000+00:00,-4.332,101.298,19.0,5.5,mw,earthquake,reviewed
2009-01-01 18:37:24.120000+00:00,-4.326,101.236,26.5,5.4,mw,earthquake,reviewed
2009-01-05 16:54:43.330000+00:00,-3.528,100.723,27.2,5.2,mw,earthquake,reviewed
2009-01-07 02:39:43.770000+00:00,2.424,95.978,35.0,4.3,mw,earthquake,reviewed
2009-01-07 02:43:02.640000+00:00,2.557,96.122,45.1,4.6,mw,earthquake,reviewed
2009-01-08 11:40:43.540000+00:00,1.881,96.722,10.0,5.1,mw,earthquake,reviewed
2009-01-09 06:54:45.070000+00:00,-2.235,99.762,16.3,5.2,mw,earthquake,reviewed
2009-01-11 19:50:46.370000+00:00,-1.59,99.726,35.0,5.1,mw,earthquake,reviewed
2009-01-12 02:04:31.460000+00:00,3.439,96.302,90.9,4.4,mw,earthquake,reviewed
2009-01-12 22:14:10.240000+00:00,2.817,95.782,58.0,5.2,mw,earthquake,reviewed
2009-01-17 04:38:59.300000+00:00,4.662,95.814,128.5,4.6,mw,earthquake,reviewed
2009-01-24 00:36:14.410000+00:00,0.111,97.03,35.0,4.9,mw,earthquake,reviewed
2009-01-26 05:23:24.640000+00:00,0.072,100.044,127.5,5.0,mw,earthquake,reviewed
2009-01-26 19:33:04.730000+00:00,-0.352,98.184,10.0,5.7,mw,earthquake,reviewed
2009-01-27 20:31:30.740000+00:00,0.369,97.367,28.5,5.0,mw,earthquake,reviewed
2009-01-28 00:00:35.120000+00:00,-0.449,98.184,10.0,4.5,mw,earthquake,reviewed
2009-01-28 00:01:14.590000+00:00,-0.262,98.28,20.0,5.7,mw,earthquake,reviewed
2009-01-28 00:03:28.980000+00:00,-0.204,98.416,10.0,5.1,mw,earthquake,reviewed
2009-01-28 02:39:10.900000+00:00,-0.464,98.155,26.3,5.0,mw,earthquake,reviewed
2009-01-28 19:27:10.980000+00:00,-0.374,98.214,10.0,4.8,mw,earthquake,reviewed
2009-01-30 13:53:16.270000+00:00,2.861,95.552,35.0,5.0,mw,earthquake,reviewed
2009-01-31 04:50:50.490000+00:00,3.773,96.338,35.0,4.5,mw,earthquake,reviewed
2009-02-02 09:04:34.190000+00:00,-4.546,102.759,50.7,5.1,mw,earthquake,reviewed
2009-02-04 09:03:45.410000+00:00,2.359,96.218,25.0,5.0,mw,earthquake,reviewed
2009-02-06 03:02:26.560000+00:00,-4.597,102.706,64.4,4.7,mw,earthquake,reviewed
2009-02-07 12:51:09.170000+00:00,2.777,95.581,35.0,4.7,mw,earthquake,reviewed
2009-02-11 21:11:36.790000+00:00,2.452,99.745,223.2,4.1,mw,earthquake,reviewed
2009-02-13 13:45:38.360000+00:00,1.961,96.665,35.0,5.0,mw,earthquake,reviewed
2009-02-14 21:58:54.740000+00:00,1.766,97.096,40.2,4.8,mw,earthquake,reviewed
2009-02-15 03:56:35.770000+00:00,1.717,97.061,38.6,5.0,mw,earthquake,reviewed
2009-02-19 11:38:13.470000+00:00,0.116,97.096,35.0,4.2,mw,earthquake,reviewed
2009-02-23 05:56:31.680000+00:00,0.479,98.548,35.0,5.4,mw,earthquake,reviewed
2009-02-24 10:02:33.720000+00:00,-4.966,102.953,35.0,4.6,mw,earthquake,reviewed
2009-02-24 12:13:13.560000+00:00,1.425,97.165,23.0,5.6,mw,earthquake,reviewed
2009-02-26 00:03:34.010000+00:00,1.058,97.16,35.0,5.0,mw,earthquake,reviewed
2009-02-26 12:42:55.630000+00:00,2.277,96.599,35.0,4.4,mw,earthquake,reviewed
2009-02-26 15:21:23.130000+00:00,-3.414,100.352,3.4,5.0,mw,earthquake,reviewed
2009-02-27 05:25:48.490000+00:00,1.518,97.089,35.0,5.2,mw,earthquake,reviewed
2009-02-27 20:49:02.840000+00:00,-3.155,100.526,35.0,4.6,mw,earthquake,reviewed
2009-02-28 16:51:40.620000+00:00,-1.153,99.977,70.9,4.5,mw,earthquake,reviewed
2009-02-28 21:26:57.490000+00:00,3.021,95.919,63.4,4.6,mw,earthquake,reviewed
2009-03-02 18:35:19.480000+00:00,4.945,96.011,138.9,4.7,mw,earthquake,reviewed
2009-03-03 11:24:05.640000+00:00,-4.36,102.119,35.0,4.4,mw,earthquake,reviewed
2009-03-04 14:19:36.160000+00:00,2.83,95.576,48.3,4.6,mw,earthquake,reviewed
2009-03-07 01:36:04.730000+00:00,-3.623,100.544,28.7,4.4,mw,earthquake,reviewed
2009-03-07 06:37:13.570000+00:00,4.665,96.626,35.0,5.0,mw,earthquake,reviewed
2009-03-10 04:40:39.210000+00:00,1.02,97.392,23.1,4.7,mw,earthquake,reviewed
2009-03-11 05:04:21.500000+00:00,2.668,95.943,35.0,4.8,mw,earthquake,reviewed
2009-03-19 02:32:42.140000+00:00,1.629,96.926,35.0,4.6,mw,earthquake,reviewed
2009-03-20 13:42:47.470000+00:00,1.302,97.004,35.0,4.5,mw,earthquake,reviewed
2009-03-22 19:23:44.200000+00:00,2.773,95.722,49.8,5.0,mw,earthquake,reviewed
2009-03-23 09:57:52.560000+00:00,1.257,97.146,40.9,4.4,mw,earthquake,reviewed
2009-03-25 08:29:33.150000+00:00,1.772,99.343,163.4,4.7,mw,earthquake,reviewed
2009-03-25 18:27:35.060000+00:00,0.728,98.554,89.6,5.1,mw,earthquake,reviewed
2009-03-26 15:50:57.500000+00:00,-3.513,100.684,35.0,4.4,mw,earthquake,reviewed
2009-03-27 12:32:28.010000+00:00,0.175,97.771,35.0,4.2,mw,earthquake,reviewed
2009-04-01 06:29:40.390000+00:00,-5.963,101.907,35.0,5.6,mw,earthquake,reviewed
2009-04-01 14:27:46.680000+00:00,-3.513,100.628,26.2,5.3,mw,earthquake,reviewed
2009-04-11 01:59:48.520000+00:00,1.185,97.285,42.6,4.9,mw,earthquake,reviewed
2009-04-12 23:38:13.810000+00:00,-4.56,102.075,35.0,4.2,mw,earthquake,reviewed
2009-04-13 23:14:18.780000+00:00,-3.828,99.669,35.0,4.3,mw,earthquake,reviewed
2009-04-15 17:47:27.770000+00:00,-3.079,100.424,19.0,5.7,mw,earthquake,reviewed
2009-04-15 20:01:34.680000+00:00,-3.115,100.471,22.0,6.3,mw,earthquake,reviewed
2009-04-16 13:33:13.650000+00:00,3.476,97.195,88.1,4.7,mw,earthquake,reviewed
2009-04-16 19:55:24.910000+00:00,-3.327,100.317,7.7,5.5,mw,earthquake,reviewed
2009-04-16 20:42:30.580000+00:00,-3.242,100.408,22.6,5.0,mw,earthquake,reviewed
2009-04-16 20:51:46.350000+00:00,-3.221,100.461,41.1,5.1,mw,earthquake,reviewed
2009-04-18 04:31:01.070000+00:00,1.302,97.04,23.2,4.3,mw,earthquake,reviewed
2009-04-18 08:49:00.570000+00:00,-3.307,100.363,35.0,4.2,mw,earthquake,reviewed
2009-04-19 11:10:00.260000+00:00,2.8,99.086,174.8,5.1,mw,earthquake,reviewed
2009-04-20 19:20:55.050000+00:00,-3.967,100.714,35.0,4.8,mw,earthquake,reviewed
2009-04-24 20:12:19.710000+00:00,2.687,96.01,41.0,4.7,mw,earthquake,reviewed
2009-04-27 09:33:39.510000+00:00,-5.128,103.451,35.0,5.0,mw,earthquake,reviewed
2009-04-29 01:17:12.830000+00:00,1.253,97.047,15.3,4.4,mw,earthquake,reviewed
2009-05-08 13:19:01.180000+00:00,3.36,97.654,24.5,5.2,mw,earthquake,reviewed
2009-05-10 08:58:24.340000+00:00,-5.443,101.136,31.1,5.2,mw,earthquake,reviewed
2009-05-14 09:31:02.420000+00:00,4.357,97.493,176.1,4.4,mw,earthquake,reviewed
2009-05-18 10:09:47.300000+00:00,-4.26,101.241,35.0,5.1,mw,earthquake,reviewed
2009-05-18 11:50:16.140000+00:00,2.654,95.879,35.0,4.1,mw,earthquake,reviewed
2009-05-19 15:34:07.280000+00:00,-2.149,99.519,35.0,4.7,mw,earthquake,reviewed
2009-05-21 06:14:07.310000+00:00,1.531,97.039,26.2,4.6,mw,earthquake,reviewed
2009-05-23 10:54:23.110000+00:00,0.042,100.437,51.7,4.3,mw,earthquake,reviewed
2009-05-25 01:57:38.590000+00:00,-1.176,100.438,96.5,4.5,mw,earthquake,reviewed
2009-06-02 01:32:33.790000+00:00,-3.238,100.047,35.0,5.0,mw,earthquake,reviewed
2009-06-02 10:32:41.090000+00:00,-2.34,100.699,35.0,4.5,mw,earthquake,reviewed
2009-06-04 01:42:46.620000+00:00,-3.231,100.326,25.3,4.6,mw,earthquake,reviewed
2009-06-06 18:07:42.630000+00:00,-4.444,102.782,35.0,4.4,mw,earthquake,reviewed
2009-06-07 10:49:46.830000+00:00,1.155,97.237,35.0,4.2,mw,earthquake,reviewed
2009-06-09 04:21:08.120000+00:00,1.888,97.133,51.6,4.5,mw,earthquake,reviewed
2009-06-11 00:15:56.370000+00:00,-4.885,102.898,22.2,5.3,mw,earthquake,reviewed
2009-06-11 00:18:14.240000+00:00,-4.942,102.844,35.0,4.8,mw,earthquake,reviewed
2009-06-11 14:49:03.800000+00:00,1.757,97.189,40.5,5.0,mw,earthquake,reviewed
2009-06-15 09:38:30.380000+00:00,1.682,96.93,35.0,4.4,mw,earthquake,reviewed
2009-06-20 04:00:26.790000+00:00,-5.422,105.593,183.9,4.7,mw,earthquake,reviewed
2009-06-20 09:21:23.870000+00:00,-4.99,103.049,46.2,5.4,mw,earthquake,reviewed
2009-06-20 09:51:51.010000+00:00,4.65,96.4,35.0,4.8,mw,earthquake,reviewed
2009-06-22 21:25:30.390000+00:00,-4.261,102.204,51.6,4.7,mw,earthquake,reviewed
2009-06-25 09:15:46.470000+00:00,-1.201,98.792,44.1,5.1,mw,earthquake,reviewed
2009-06-26 05:49:35.040000+00:00,1.11,97.155,35.0,4.3,mw,earthquake,reviewed
2009-07-01 02:14:16.550000+00:00,0.274,98.658,54.3,4.5,mw,earthquake,reviewed
2009-07-01 18:58:01.460000+00:00,0.303,96.714,35.0,5.0,mw,earthquake,reviewed
2009-07-02 08:51:57.460000+00:00,-1.053,100.326,35.0,5.1,mw,earthquake,reviewed
2009-07-03 10:26:36.060000+00:00,-2.58,102.3,163.5,5.0,mw,earthquake,reviewed
2009-07-04 14:44:10.980000+00:00,-3.764,101.834,35.0,4.6,mw,earthquake,reviewed
2009-07-05 12:25:36.990000+00:00,1.306,99.704,181.9,4.6,mw,earthquake,reviewed
2009-07-07 00:44:00.570000+00:00,1.294,97.101,35.0,4.2,mw,earthquake,reviewed
2009-07-10 16:50:11.170000+00:00,-0.322,98.248,46.5,5.1,mw,earthquake,reviewed
2009-07-11 19:35:46.590000+00:00,-3.563,98.705,10.0,4.4,mw,earthquake,reviewed
2009-07-12 15:25:07.330000+00:00,-3.793,101.053,28.5,4.8,mw,earthquake,reviewed
2009-07-12 21:14:16.180000+00:00,-1.126,97.536,35.0,4.5,mw,earthquake,reviewed
2009-07-13 03:52:38.750000+00:00,2.041,97.994,71.7,4.7,mw,earthquake,reviewed
2009-07-18 10:23:02.400000+00:00,-3.471,100.588,35.0,4.5,mw,earthquake,reviewed
2009-07-21 06:51:55.500000+00:00,4.446,96.658,46.2,4.5,mw,earthquake,reviewed
2009-07-22 09:11:49.650000+00:00,-2.306,99.877,35.0,4.4,mw,earthquake,reviewed
2009-07-22 13:06:24.700000+00:00,-3.661,101.137,47.5,4.8,mw,earthquake,reviewed
2009-07-23 03:17:50.660000+00:00,0.192,97.095,35.0,4.4,mw,earthquake,reviewed
2009-07-25 18:41:58.040000+00:00,1.869,97.02,39.2,5.3,mw,earthquake,reviewed
2009-07-26 23:10:23.510000+00:00,-4.811,102.895,40.0,5.7,mw,earthquake,reviewed
2009-07-28 02:18:09.860000+00:00,2.293,97.077,35.0,4.4,mw,earthquake,reviewed
2009-07-28 08:43:45.450000+00:00,-5.497,101.705,16.0,5.6,mw,earthquake,reviewed
2009-07-29 09:31:07.120000+00:00,-5.517,101.581,3.9,5.2,mw,earthquake,reviewed
2009-08-04 22:32:49.410000+00:00,2.43,96.312,49.1,4.7,mw,earthquake,reviewed
2009-08-05 21:08:13.300000+00:00,2.091,96.108,35.0,4.3,mw,earthquake,reviewed
2009-08-10 04:52:31.270000+00:00,-4.893,101.751,58.4,4.7,mw,earthquake,reviewed
2009-08-15 04:04:32.150000+00:00,4.603,96.625,54.3,5.0,mw,earthquake,reviewed
2009-08-16 07:38:21.700000+00:00,-1.479,99.49,20.0,6.7,mw,earthquake,reviewed
2009-08-16 07:45:58.570000+00:00,-1.507,99.584,10.0,5.0,mw,earthquake,reviewed
2009-08-16 08:13:22.100000+00:00,-1.574,99.515,10.0,4.8,mw,earthquake,reviewed
2009-08-16 08:23:51.400000+00:00,-1.532,99.434,10.0,4.8,mw,earthquake,reviewed
2009-08-16 09:40:34.700000+00:00,-1.502,99.582,10.0,4.3,mw,earthquake,reviewed
2009-08-16 10:13:11.620000+00:00,-1.978,99.096,10.0,4.6,mw,earthquake,reviewed
2009-08-16 10:17:35.400000+00:00,-1.542,99.521,26.3,4.5,mw,earthquake,reviewed
2009-08-16 10:21:46.010000+00:00,-1.473,99.475,33.2,5.0,mw,earthquake,reviewed
2009-08-16 10:30:40.370000+00:00,-1.503,99.382,10.0,4.3,mw,earthquake,reviewed
2009-08-16 10:43:53.920000+00:00,-1.571,99.343,10.0,4.8,mw,earthquake,reviewed
2009-08-16 10:45:26.290000+00:00,-1.548,99.415,10.0,5.5,mw,earthquake,reviewed
2009-08-16 11:27:05.740000+00:00,-1.531,99.542,31.4,5.0,mw,earthquake,reviewed
2009-08-16 12:15:36.980000+00:00,-1.649,99.262,10.0,4.6,mw,earthquake,reviewed
2009-08-16 12:28:25.100000+00:00,-1.33,99.527,34.0,4.7,mw,earthquake,reviewed
2009-08-16 12:31:31.980000+00:00,-1.645,99.407,10.0,4.4,mw,earthquake,reviewed
2009-08-16 12:37:32.680000+00:00,-1.488,99.508,10.0,4.7,mw,earthquake,reviewed
2009-08-16 12:49:00.090000+00:00,-1.448,99.433,21.0,5.8,mw,earthquake,reviewed
2009-08-16 12:57:56.040000+00:00,-1.565,99.427,10.0,5.1,mw,earthquake,reviewed
2009-08-16 13:04:32.140000+00:00,-1.527,99.323,10.0,4.7,mw,earthquake,reviewed
2009-08-16 13:37:19.690000+00:00,-1.623,99.27,10.0,4.1,mw,earthquake,reviewed
2009-08-16 16:26:27.170000+00:00,-1.605,99.46,10.0,4.5,mw,earthquake,reviewed
2009-08-16 18:42:23.800000+00:00,-1.534,99.266,23.4,4.9,mw,earthquake,reviewed
2009-08-16 18:50:11.060000+00:00,-1.462,99.404,10.0,5.3,mw,earthquake,reviewed
2009-08-16 19:17:23.020000+00:00,-1.55,99.379,10.0,4.8,mw,earthquake,reviewed
2009-08-16 19:53:24.350000+00:00,-1.472,99.363,10.0,5.0,mw,earthquake,reviewed
2009-08-16 19:55:19.960000+00:00,-1.54,99.361,10.0,4.6,mw,earthquake,reviewed
2009-08-16 20:00:37.180000+00:00,-1.389,99.477,10.0,4.9,mw,earthquake,reviewed
2009-08-16 20:15:53.720000+00:00,-1.702,99.391,10.0,5.0,mw,earthquake,reviewed
2009-08-16 20:23:44.630000+00:00,-1.379,99.546,30.4,5.0,mw,earthquake,reviewed
2009-08-16 20:44:17.570000+00:00,-1.618,99.506,10.0,4.6,mw,earthquake,reviewed
2009-08-16 21:10:18.890000+00:00,-1.543,99.408,19.2,4.6,mw,earthquake,reviewed
2009-08-16 21:27:02.850000+00:00,-1.525,99.326,10.0,4.2,mw,earthquake,reviewed
2009-08-16 21:53:12.030000+00:00,-1.513,99.393,10.0,5.0,mw,earthquake,reviewed
2009-08-16 21:58:05.140000+00:00,-1.709,99.207,10.0,4.1,mw,earthquake,reviewed
2009-08-16 22:48:39.170000+00:00,-1.46,99.381,10.0,4.8,mw,earthquake,reviewed
2009-08-17 00:07:14.710000+00:00,-4.317,101.81,38.7,5.4,mw,earthquake,reviewed
2009-08-17 00:33:46.960000+00:00,-1.572,99.553,10.0,5.0,mw,earthquake,reviewed
2009-08-17 05:06:33.290000+00:00,-1.197,100.006,35.0,4.5,mw,earthquake,reviewed
2009-08-17 07:23:28.360000+00:00,-1.558,99.398,10.0,4.1,mw,earthquake,reviewed
2009-08-17 08:07:06.280000+00:00,-1.6,99.349,10.0,4.3,mw,earthquake,reviewed
2009-08-17 09:07:00.430000+00:00,-1.594,99.466,10.0,4.7,mw,earthquake,reviewed
2009-08-17 09:24:19.630000+00:00,-1.588,99.432,10.0,5.0,mw,earthquake,reviewed
2009-08-17 10:34:39.180000+00:00,-1.536,99.396,10.0,4.4,mw,earthquake,reviewed
2009-08-17 13:55:37.470000+00:00,-1.436,99.45,10.0,5.1,mw,earthquake,reviewed
2009-08-17 14:14:06.720000+00:00,-1.437,99.429,10.0,4.9,mw,earthquake,reviewed
2009-08-17 21:17:03.670000+00:00,-1.599,99.626,10.0,4.3,mw,earthquake,reviewed
2009-08-18 00:41:46.130000+00:00,-1.503,99.515,10.0,4.2,mw,earthquake,reviewed
2009-08-18 03:28:08.230000+00:00,2.283,96.404,54.5,4.7,mw,earthquake,reviewed
2009-08-18 05:13:06.160000+00:00,-1.568,99.408,10.0,4.6,mw,earthquake,reviewed
2009-08-18 07:39:29.520000+00:00,-1.688,99.459,10.0,4.7,mw,earthquake,reviewed
2009-08-18 09:28:56.920000+00:00,-1.448,99.42,26.0,4.9,mw,earthquake,reviewed
2009-08-18 09:57:38.790000+00:00,-1.504,99.427,10.0,4.2,mw,earthquake,reviewed
2009-08-18 16:19:51.040000+00:00,-0.926,97.971,34.2,4.6,mw,earthquake,reviewed
2009-08-18 16:26:48.890000+00:00,-0.965,97.964,19.8,5.2,mw,earthquake,reviewed
2009-08-18 17:50:34.010000+00:00,-0.911,97.95,10.0,5.9,mw,earthquake,reviewed
2009-08-18 17:58:54.360000+00:00,-0.989,98.012,31.0,5.0,mw,earthquake,reviewed
2009-08-18 23:08:19.050000+00:00,-1.576,99.533,10.0,4.6,mw,earthquake,reviewed
2009-08-19 01:15:15.200000+00:00,-1.44,99.431,10.0,5.0,mw,earthquake,reviewed
2009-08-19 02:55:08.150000+00:00,-1.366,99.371,10.0,5.5,mw,earthquake,reviewed
2009-08-19 08:44:32.300000+00:00,-1.387,99.427,10.0,4.8,mw,earthquake,reviewed
2009-08-19 11:35:20.930000+00:00,-1.419,99.484,10.0,5.0,mw,earthquake,reviewed
2009-08-19 12:09:18.340000+00:00,-1.453,99.561,10.0,4.6,mw,earthquake,reviewed
2009-08-19 17:32:43.310000+00:00,-1.414,99.484,10.0,4.7,mw,earthquake,reviewed
2009-08-20 01:47:10.460000+00:00,-1.618,99.292,10.0,4.1,mw,earthquake,reviewed
2009-08-20 05:55:54.300000+00:00,-1.352,99.527,29.1,4.9,mw,earthquake,reviewed
2009-08-20 07:22:56.940000+00:00,-1.491,99.544,10.0,4.4,mw,earthquake,reviewed
2009-08-20 08:49:00.490000+00:00,-0.32,99.356,77.5,4.5,mw,earthquake,reviewed
2009-08-20 09:06:52.420000+00:00,-1.44,99.423,10.0,4.8,mw,earthquake,reviewed
2009-08-20 12:33:55.150000+00:00,-1.507,99.417,10.0,4.9,mw,earthquake,reviewed
2009-08-20 12:51:42.660000+00:00,-1.501,99.368,10.0,4.9,mw,earthquake,reviewed
2009-08-20 19:42:34.260000+00:00,-1.409,99.465,10.0,4.7,mw,earthquake,reviewed
2009-08-20 21:06:43.400000+00:00,-1.537,99.487,10.0,4.4,mw,earthquake,reviewed
2009-08-21 09:27:29.640000+00:00,0.844,97.409,35.0,4.5,mw,earthquake,reviewed
2009-08-21 18:09:15.980000+00:00,0.963,97.432,30.0,4.7,mw,earthquake,reviewed
2009-08-21 18:48:42.870000+00:00,-1.532,99.508,9.7,4.9,mw,earthquake,reviewed
2009-08-22 07:31:00.390000+00:00,-1.543,99.394,29.4,4.7,mw,earthquake,reviewed
2009-08-22 10:30:03.880000+00:00,-2.921,101.077,60.2,4.8,mw,earthquake,reviewed
2009-08-23 07:20:17+00:00,0.27,96.971,35.0,5.4,mw,earthquake,reviewed
2009-08-23 10:07:58.280000+00:00,-1.758,99.12,10.0,4.3,mw,earthquake,reviewed
2009-08-23 17:38:23.860000+00:00,-1.649,99.572,18.2,5.4,mw,earthquake,reviewed
2009-08-24 04:32:09.460000+00:00,-1.566,99.39,10.0,4.1,mw,earthquake,reviewed
2009-08-24 11:28:52+00:00,-1.4,99.51,10.0,4.4,mw,earthquake,reviewed
2009-08-25 20:07:30.300000+00:00,-1.517,99.419,10.0,4.8,mw,earthquake,reviewed
2009-08-26 01:52:22.200000+00:00,-1.631,99.19,10.0,4.6,mw,earthquake,reviewed
2009-08-27 10:47:52.530000+00:00,0.254,98.615,35.0,4.7,mw,earthquake,reviewed
2009-08-27 13:28:06.120000+00:00,-1.488,99.32,10.0,4.2,mw,earthquake,reviewed
2009-08-27 22:51:27.480000+00:00,-1.431,99.527,10.0,4.5,mw,earthquake,reviewed
2009-08-28 09:28:02.730000+00:00,-3.382,100.078,10.0,5.0,mw,earthquake,reviewed
2009-08-29 04:13:44.190000+00:00,-0.939,97.974,35.8,5.1,mw,earthquake,reviewed
2009-08-30 03:23:51.530000+00:00,-1.693,99.238,10.0,4.4,mw,earthquake,reviewed
2009-08-30 20:45:28.770000+00:00,-1.476,99.532,10.0,4.8,mw,earthquake,reviewed
2009-09-01 23:47:43.620000+00:00,-1.357,99.468,10.0,4.9,mw,earthquake,reviewed
2009-09-01 23:50:42.580000+00:00,-1.426,99.501,32.9,4.8,mw,earthquake,reviewed
2009-09-02 01:20:58.930000+00:00,-1.594,99.281,10.0,4.6,mw,earthquake,reviewed
2009-09-02 02:08:14.130000+00:00,-1.509,99.346,10.0,4.9,mw,earthquake,reviewed
2009-09-04 05:24:46.290000+00:00,-1.03,100.443,45.7,4.8,mw,earthquake,reviewed
2009-09-04 08:47:27.710000+00:00,-1.471,99.38,10.0,4.7,mw,earthquake,reviewed
2009-09-05 08:19:36.080000+00:00,1.129,97.191,35.0,4.9,mw,earthquake,reviewed
2009-09-05 10:12:35.200000+00:00,-1.539,99.298,10.0,4.8,mw,earthquake,reviewed
2009-09-05 17:07:51.710000+00:00,-1.558,99.305,10.0,4.4,mw,earthquake,reviewed
2009-09-06 09:14:32.600000+00:00,-1.554,99.395,10.0,4.2,mw,earthquake,reviewed
2009-09-06 22:20:01.300000+00:00,-1.767,99.416,10.0,4.2,mw,earthquake,reviewed
2009-09-08 07:08:14.410000+00:00,-1.592,99.397,10.0,4.2,mw,earthquake,reviewed
2009-09-08 10:15:26.800000+00:00,-1.717,99.448,10.0,4.3,mw,earthquake,reviewed
2009-09-08 12:33:48.130000+00:00,2.508,96.13,62.1,4.4,mw,earthquake,reviewed
2009-09-08 15:20:23.760000+00:00,-2.98,101.03,47.2,5.0,mw,earthquake,reviewed
2009-09-08 18:16:06.210000+00:00,-1.85,100.871,56.4,4.5,mw,earthquake,reviewed
2009-09-09 04:02:14.240000+00:00,-5.435,103.626,71.9,5.1,mw,earthquake,reviewed
2009-09-10 06:20:57.420000+00:00,-1.508,99.301,10.0,4.7,mw,earthquake,reviewed
2009-09-16 17:33:33.220000+00:00,-1.539,99.402,10.0,4.6,mw,earthquake,reviewed
2009-09-16 23:47:01.170000+00:00,-4.499,102.667,69.6,5.0,mw,earthquake,reviewed
2009-09-18 01:04:59.020000+00:00,-1.541,99.344,10.0,5.0,mw,earthquake,reviewed
2009-09-18 05:18:03.400000+00:00,-1.865,99.348,10.0,4.1,mw,earthquake,reviewed
2009-09-18 07:52:22.790000+00:00,0.876,97.493,35.0,4.5,mw,earthquake,reviewed
2009-09-19 02:05:53.030000+00:00,0.54,100.287,37.6,4.5,mw,earthquake,reviewed
2009-09-19 10:50:44.940000+00:00,0.53,99.966,38.4,5.1,mw,earthquake,reviewed
2009-09-19 14:28:15.990000+00:00,1.424,97.005,36.5,4.3,mw,earthquake,reviewed
2009-09-19 18:35:29.150000+00:00,0.732,99.386,116.4,4.6,mw,earthquake,reviewed
2009-09-22 15:57:24.190000+00:00,-3.951,100.333,36.4,4.9,mw,earthquake,reviewed
2009-09-22 23:58:50.940000+00:00,-1.623,99.281,10.0,4.7,mw,earthquake,reviewed
2009-09-24 11:22:09.570000+00:00,-2.881,101.15,35.0,4.6,mw,earthquake,reviewed
2009-09-25 05:06:12.140000+00:00,2.404,96.159,35.0,4.1,mw,earthquake,reviewed
2009-09-25 07:14:36.600000+00:00,-1.649,99.543,10.0,4.6,mw,earthquake,reviewed
2009-09-27 07:26:03.610000+00:00,1.967,97.075,43.0,4.8,mw,earthquake,reviewed
2009-09-27 11:31:17.790000+00:00,-0.558,98.842,35.0,4.7,mw,earthquake,reviewed
2009-09-29 02:04:08.280000+00:00,-5.177,100.968,30.4,4.7,mw,earthquake,reviewed
2009-09-30 10:16:09.250000+00:00,-0.72,99.867,81.0,7.6,mw,earthquake,reviewed
2009-09-30 10:38:51.810000+00:00,-0.729,100.132,83.3,5.5,mw,earthquake,reviewed
2009-09-30 21:19:29.620000+00:00,-1.475,99.428,10.0,4.6,mw,earthquake,reviewed
2009-09-30 21:26:23.880000+00:00,-0.837,100.013,92.0,4.3,mw,earthquake,reviewed
2009-09-30 21:28:01.500000+00:00,-0.845,99.722,89.2,4.5,mw,earthquake,reviewed
2009-10-01 00:25:55.150000+00:00,-1.322,99.549,10.0,4.6,mw,earthquake,reviewed
2009-10-01 01:52:27.320000+00:00,-2.482,101.524,9.0,6.6,mw,earthquake,reviewed
2009-10-01 02:20:30.950000+00:00,-2.415,101.424,10.0,5.4,mw,earthquake,reviewed
2009-10-01 03:17:03.050000+00:00,-2.597,101.46,10.0,4.5,mw,earthquake,reviewed
2009-10-01 03:40:22.040000+00:00,-2.355,101.657,10.0,4.9,mw,earthquake,reviewed
2009-10-01 14:39:09.350000+00:00,-0.665,100.225,103.4,4.5,mw,earthquake,reviewed
2009-10-02 10:24:16.600000+00:00,-2.572,101.573,10.0,4.6,mw,earthquake,reviewed
2009-10-02 14:54:06.210000+00:00,-2.5,101.696,10.0,4.6,mw,earthquake,reviewed
2009-10-02 15:08:46.080000+00:00,-0.939,100.454,74.3,4.6,mw,earthquake,reviewed
2009-10-03 01:34:06.300000+00:00,-2.48,101.512,10.0,4.5,mw,earthquake,reviewed
2009-10-03 11:52:32.680000+00:00,4.807,96.066,35.0,4.5,mw,earthquake,reviewed
2009-10-05 10:27:59.220000+00:00,-5.083,102.406,35.0,4.6,mw,earthquake,reviewed
2009-10-05 12:51:03.130000+00:00,-0.794,99.867,93.7,4.9,mw,earthquake,reviewed
2009-10-05 21:12:44.800000+00:00,-4.555,102.635,35.0,4.5,mw,earthquake,reviewed
2009-10-07 03:19:01.720000+00:00,-0.75,100.124,90.2,4.7,mw,earthquake,reviewed
2009-10-09 20:55:25.590000+00:00,-4.829,102.887,87.1,4.3,mw,earthquake,reviewed
2009-10-10 06:33:30.980000+00:00,3.308,96.176,35.0,4.6,mw,earthquake,reviewed
2009-10-11 00:59:48.490000+00:00,0.221,97.351,30.0,4.5,mw,earthquake,reviewed
2009-10-18 10:47:29.660000+00:00,-3.54,101.507,59.1,4.7,mw,earthquake,reviewed
2009-10-18 23:29:11.810000+00:00,-0.935,97.877,28.2,4.8,mw,earthquake,reviewed
2009-10-19 16:35:10.150000+00:00,-1.74,100.541,73.8,5.1,mw,earthquake,reviewed
2009-10-21 07:10:14.670000+00:00,-1.567,99.386,10.0,4.5,mw,earthquake,reviewed
2009-10-24 02:27:31.340000+00:00,1.019,97.244,35.0,4.4,mw,earthquake,reviewed
2009-10-25 01:50:01.310000+00:00,-1.573,99.354,10.0,4.8,mw,earthquake,reviewed
2009-10-25 03:46:59.130000+00:00,-1.525,100.406,43.3,4.5,mw,earthquake,reviewed
2009-10-26 23:22:20.110000+00:00,-0.836,99.818,88.9,4.5,mw,earthquake,reviewed
2009-10-27 01:33:04+00:00,-1.713,99.206,10.0,4.1,mw,earthquake,reviewed
2009-10-29 12:39:26.820000+00:00,-1.497,99.41,10.0,4.6,mw,earthquake,reviewed
2009-10-31 04:44:27.180000+00:00,-3.635,101.984,81.0,4.8,mw,earthquake,reviewed
2009-10-31 22:50:03.660000+00:00,-5.003,102.979,67.5,5.0,mw,earthquake,reviewed
2009-11-01 14:33:52.420000+00:00,-1.487,99.168,10.0,4.3,mw,earthquake,reviewed
2009-11-02 22:19:03+00:00,-4.423,101.79,52.6,4.6,mw,earthquake,reviewed
2009-11-05 04:21:30.890000+00:00,2.876,98.919,161.0,4.7,mw,earthquake,reviewed
2009-11-09 07:44:18.290000+00:00,-0.856,99.833,84.1,4.1,mw,earthquake,reviewed
2009-11-10 03:33:30.510000+00:00,-1.489,99.273,11.7,5.0,mw,earthquake,reviewed
2009-11-10 09:47:45.740000+00:00,-0.798,100.133,56.9,4.5,mw,earthquake,reviewed
2009-11-11 03:14:48.820000+00:00,-1.561,99.439,10.0,4.8,mw,earthquake,reviewed
2009-11-12 04:06:55.640000+00:00,0.347,98.418,52.1,5.1,mw,earthquake,reviewed
2009-11-12 09:14:09.010000+00:00,-1.947,99.476,10.0,4.4,mw,earthquake,reviewed
2009-11-12 12:53:06.130000+00:00,-5.869,104.276,50.3,5.1,mw,earthquake,reviewed
2009-11-12 19:39:16.340000+00:00,-4.731,103.121,69.2,5.4,mw,earthquake,reviewed
2009-11-14 04:10:14.600000+00:00,-1.368,99.523,10.0,4.5,mw,earthquake,reviewed
2009-11-14 04:23:47.250000+00:00,0.824,96.843,11.2,4.6,mw,earthquake,reviewed
2009-11-17 07:40:16.230000+00:00,1.261,97.067,35.0,4.5,mw,earthquake,reviewed
2009-11-18 21:55:40.370000+00:00,-3.936,100.856,35.0,4.8,mw,earthquake,reviewed
2009-11-22 19:45:53.790000+00:00,2.71,95.533,35.0,4.9,mw,earthquake,reviewed
2009-11-25 21:50:42.720000+00:00,0.967,98.669,70.9,4.3,mw,earthquake,reviewed
2009-11-26 05:27:41.780000+00:00,4.694,96.202,33.1,4.8,mw,earthquake,reviewed
2009-11-26 19:00:37.800000+00:00,1.327,99.286,8.6,4.2,mw,earthquake,reviewed
2009-11-28 14:10:43.750000+00:00,-2.251,100.866,35.0,4.6,mw,earthquake,reviewed
2009-11-29 02:55:21.080000+00:00,-0.775,99.984,90.7,4.4,mw,earthquake,reviewed
2009-11-30 23:15:53.450000+00:00,-4.559,101.994,39.4,4.5,mw,earthquake,reviewed
2009-12-06 02:47:29.430000+00:00,0.084,97.112,33.6,4.8,mw,earthquake,reviewed
2009-12-06 02:49:41.790000+00:00,0.03,97.087,32.3,4.7,mw,earthquake,reviewed
2009-12-06 02:58:00.480000+00:00,0.116,97.178,30.5,4.3,mw,earthquake,reviewed
2009-12-07 22:06:16+00:00,0.122,97.109,27.9,4.9,mw,earthquake,reviewed
2009-12-07 22:40:28.450000+00:00,0.138,97.117,31.3,4.7,mw,earthquake,reviewed
2009-12-08 00:11:36.170000+00:00,-4.803,103.105,73.3,5.1,mw,earthquake,reviewed
2009-12-08 22:07:35.420000+00:00,-1.48,99.485,38.6,4.3,mw,earthquake,reviewed
2009-12-09 03:37:19.790000+00:00,1.339,99.975,206.8,5.0,mw,earthquake,reviewed
2009-12-09 10:17:00.900000+00:00,2.419,99.212,166.2,4.5,mw,earthquake,reviewed
2009-12-09 21:29:02.890000+00:00,2.759,95.91,21.0,6.0,mw,earthquake,reviewed
2009-12-10 03:02:37.060000+00:00,-1.977,100.872,88.0,4.7,mw,earthquake,reviewed
2009-12-11 05:18:11.480000+00:00,-1.071,97.528,35.0,4.5,mw,earthquake,reviewed
2009-12-12 06:18:14.910000+00:00,2.576,95.9,35.0,4.6,mw,earthquake,reviewed
2009-12-12 18:34:02.580000+00:00,1.955,99.371,163.3,4.6,mw,earthquake,reviewed
2009-12-16 21:49:22.200000+00:00,0.93,97.403,35.0,4.3,mw,earthquake,reviewed
2009-12-19 13:43:57.260000+00:00,2.675,96.062,43.9,5.6,mw,earthquake,reviewed
2009-12-19 14:30:04.100000+00:00,2.618,96.204,68.1,4.6,mw,earthquake,reviewed
2009-12-23 01:11:58.200000+00:00,-1.434,99.393,19.0,6.0,mw,earthquake,reviewed
2009-12-23 01:47:13.070000+00:00,-1.453,99.403,10.0,4.9,mw,earthquake,reviewed
2009-12-23 02:12:42.010000+00:00,-1.374,99.631,25.2,4.6,mw,earthquake,reviewed
2009-12-23 23:55:57.610000+00:00,-1.707,99.064,10.0,4.1,mw,earthquake,reviewed
2009-12-24 05:40:17.470000+00:00,-1.51,99.456,10.0,4.7,mw,earthquake,reviewed
2009-12-25 01:45:57.520000+00:00,-1.51,99.365,27.1,4.7,mw,earthquake,reviewed
2009-12-25 07:28:41.470000+00:00,2.103,96.744,35.0,4.4,mw,earthquake,reviewed
2009-12-31 07:52:56.050000+00:00,-5.988,105.099,35.0,4.8,mw,earthquake,reviewed
2010-01-01 18:29:45.200000+00:00,-1.9,101.136,27.4,4.4,mw,earthquake,reviewed
2010-01-04 20:59:10.310000+00:00,0.391,97.041,35.0,4.5,mw,earthquake,reviewed
2010-01-07 06:19:06.500000+00:00,-1.93,99.558,10.0,4.2,mw,earthquake,reviewed
2010-01-09 20:19:47.120000+00:00,-1.467,99.442,37.9,4.4,mw,earthquake,reviewed
2010-01-12 22:33:53.820000+00:00,-1.464,99.455,26.1,4.4,mw,earthquake,reviewed
2010-01-16 18:33:27.890000+00:00,-1.501,99.426,10.0,4.1,mw,earthquake,reviewed
2010-01-17 11:18:26.610000+00:00,-2.478,101.923,150.6,4.5,mw,earthquake,reviewed
2010-01-19 04:23:59.020000+00:00,1.019,97.298,35.0,4.5,mw,earthquake,reviewed
2010-01-25 15:55:43.340000+00:00,-4.259,102.69,61.5,4.9,mw,earthquake,reviewed
2010-01-26 06:53:25.950000+00:00,-0.324,99.093,63.9,5.0,mw,earthquake,reviewed
2010-01-27 01:58:26.680000+00:00,1.698,97.719,50.3,4.6,mw,earthquake,reviewed
2010-01-27 07:29:19.700000+00:00,0.168,98.069,45.4,4.6,mw,earthquake,reviewed
2010-01-28 16:12:51.730000+00:00,4.64,96.832,8.4,4.9,mw,earthquake,reviewed
2010-01-31 07:02:46.270000+00:00,-2.878,100.906,50.7,5.0,mw,earthquake,reviewed
2010-02-02 14:41:32.950000+00:00,-3.451,99.939,10.0,4.9,mw,earthquake,reviewed
2010-02-05 04:38:54.940000+00:00,-0.897,99.845,79.5,4.9,mw,earthquake,reviewed
2010-02-05 06:32:12.270000+00:00,-1.554,99.3,27.7,4.6,mw,earthquake,reviewed
2010-02-07 04:47:05.540000+00:00,-3.419,102.915,132.8,4.4,mw,earthquake,reviewed
2010-02-09 18:58:29.230000+00:00,1.199,96.932,12.7,4.6,mw,earthquake,reviewed
2010-02-10 00:48:44.500000+00:00,1.522,97.063,30.9,5.1,mw,earthquake,reviewed
2010-02-11 05:28:08.420000+00:00,-3.284,100.213,10.0,4.8,mw,earthquake,reviewed
2010-02-12 17:31:18.590000+00:00,-2.135,100.935,35.0,4.6,mw,earthquake,reviewed
2010-02-13 03:19:03.020000+00:00,3.338,96.543,92.5,4.4,mw,earthquake,reviewed
2010-02-14 04:02:53.870000+00:00,-1.444,99.438,38.8,4.7,mw,earthquake,reviewed
2010-02-17 13:32:15.650000+00:00,1.329,98.341,61.5,4.4,mw,earthquake,reviewed
2010-02-22 23:47:44.330000+00:00,-3.531,101.522,55.2,5.0,mw,earthquake,reviewed
2010-02-23 13:24:13.040000+00:00,2.338,96.312,49.6,4.6,mw,earthquake,reviewed
2010-02-26 17:49:16.670000+00:00,-4.723,100.699,10.0,4.4,mw,earthquake,reviewed
2010-02-28 04:57:18.940000+00:00,-3.747,100.579,42.7,4.8,mw,earthquake,reviewed
2010-02-28 12:13:27.860000+00:00,2.112,99.015,58.1,5.2,mw,earthquake,reviewed
2010-02-28 15:55:31.420000+00:00,2.067,98.872,25.6,4.1,mw,earthquake,reviewed
2010-02-28 19:39:30.570000+00:00,1.975,98.998,10.0,4.1,mw,earthquake,reviewed
2010-03-05 03:53:16.070000+00:00,3.192,97.035,73.3,4.1,mw,earthquake,reviewed
2010-03-05 16:07:00.680000+00:00,-3.762,100.991,26.0,6.8,mw,earthquake,reviewed
2010-03-05 16:09:29.920000+00:00,-3.758,100.943,35.0,5.5,mw,earthquake,reviewed
2010-03-05 18:05:52.650000+00:00,-3.881,100.858,33.8,4.6,mw,earthquake,reviewed
2010-03-06 02:24:54.550000+00:00,-2.695,101.031,79.4,4.5,mw,earthquake,reviewed
2010-03-06 09:18:33.150000+00:00,-5.948,103.656,35.0,4.6,mw,earthquake,reviewed
2010-03-08 22:35:59.810000+00:00,4.575,95.695,97.2,4.4,mw,earthquake,reviewed
2010-03-12 17:27:41.060000+00:00,-0.847,99.943,77.5,4.9,mw,earthquake,reviewed
2010-03-12 17:58:34.040000+00:00,1.356,97.085,35.0,4.7,mw,earthquake,reviewed
2010-03-13 14:59:00.970000+00:00,1.323,97.171,19.0,5.8,mw,earthquake,reviewed
2010-03-13 19:17:18.560000+00:00,1.244,97.094,37.0,4.2,mw,earthquake,reviewed
2010-03-14 08:21:50.670000+00:00,0.929,99.467,26.4,4.9,mw,earthquake,reviewed
2010-03-15 18:21:18.370000+00:00,4.444,96.556,38.4,4.6,mw,earthquake,reviewed
2010-03-15 18:54:23.290000+00:00,1.187,97.135,36.7,4.9,mw,earthquake,reviewed
2010-03-15 19:31:02.710000+00:00,-1.419,101.034,40.0,4.7,mw,earthquake,reviewed
2010-03-17 04:46:15.060000+00:00,-4.643,102.828,70.0,5.0,mw,earthquake,reviewed
2010-03-17 09:44:55.890000+00:00,4.505,95.62,84.4,4.6,mw,earthquake,reviewed
2010-03-18 00:04:43.320000+00:00,2.212,96.353,50.7,4.3,mw,earthquake,reviewed
2010-03-21 09:56:26.850000+00:00,-4.54,101.802,37.9,4.5,mw,earthquake,reviewed
2010-03-21 10:23:05.070000+00:00,2.108,98.93,35.0,4.3,mw,earthquake,reviewed
2010-03-21 22:40:44.960000+00:00,-3.492,102.279,96.4,5.0,mw,earthquake,reviewed
2010-03-22 18:40:49.030000+00:00,-4.57,101.77,35.0,4.3,mw,earthquake,reviewed
2010-03-27 14:16:07.620000+00:00,-1.514,99.378,35.0,4.3,mw,earthquake,reviewed
2010-03-29 05:00:57.620000+00:00,0.802,97.417,21.2,4.4,mw,earthquake,reviewed
2010-03-29 19:03:03.070000+00:00,0.119,97.641,35.0,4.2,mw,earthquake,reviewed
2010-03-31 03:52:53.390000+00:00,-2.322,99.946,35.0,4.8,mw,earthquake,reviewed
2010-04-01 13:02:00.970000+00:00,-3.675,101.092,54.2,4.8,mw,earthquake,reviewed
2010-04-02 02:21:22.300000+00:00,-1.85,100.567,82.3,4.7,mw,earthquake,reviewed
2010-04-03 14:50:01.250000+00:00,1.767,99.011,121.4,4.9,mw,earthquake,reviewed
2010-04-03 22:33:43.760000+00:00,-2.15,100.139,47.6,4.9,mw,earthquake,reviewed
2010-04-04 12:43:15.560000+00:00,2.536,95.867,35.0,4.7,mw,earthquake,reviewed
2010-04-05 18:41:19.470000+00:00,-0.568,100.375,12.3,4.4,mw,earthquake,reviewed
2010-04-06 09:59:01.080000+00:00,-0.824,100.44,35.0,4.5,mw,earthquake,reviewed
2010-04-06 14:33:34.650000+00:00,-2.479,99.625,27.7,4.3,mw,earthquake,reviewed
2010-04-06 22:15:01.580000+00:00,2.383,97.048,31.0,7.8,mw,earthquake,reviewed
2010-04-06 22:26:09.570000+00:00,2.4,97.069,35.0,4.2,mw,earthquake,reviewed
2010-04-06 22:34:29.320000+00:00,1.501,97.124,35.0,4.1,mw,earthquake,reviewed
2010-04-06 22:54:06+00:00,2.346,97.17,35.0,5.4,mw,earthquake,reviewed
2010-04-06 23:35:38.230000+00:00,1.911,96.721,28.1,5.2,mw,earthquake,reviewed
2010-04-07 03:32:42.080000+00:00,2.319,96.98,35.0,4.5,mw,earthquake,reviewed
2010-04-07 04:03:48.650000+00:00,1.839,96.597,35.0,4.1,mw,earthquake,reviewed
2010-04-07 04:22:15.930000+00:00,2.63,96.928,35.0,5.2,mw,earthquake,reviewed
2010-04-07 05:05:12.280000+00:00,2.076,96.7,35.0,4.1,mw,earthquake,reviewed
2010-04-07 07:34:41.480000+00:00,2.032,96.66,40.6,4.1,mw,earthquake,reviewed
2010-04-07 07:54:23.750000+00:00,2.282,96.505,35.0,4.7,mw,earthquake,reviewed
2010-04-07 08:17:01.840000+00:00,2.251,96.493,35.0,4.9,mw,earthquake,reviewed
2010-04-07 14:41:24.240000+00:00,2.341,96.998,54.0,4.6,mw,earthquake,reviewed
2010-04-07 17:41:07.320000+00:00,0.984,96.863,35.0,4.5,mw,earthquake,reviewed
2010-04-07 19:45:06.150000+00:00,0.948,96.881,35.0,4.3,mw,earthquake,reviewed
2010-04-07 20:21:11.530000+00:00,2.106,96.892,46.3,4.1,mw,earthquake,reviewed
2010-04-08 02:59:55.590000+00:00,2.279,97.047,35.0,4.2,mw,earthquake,reviewed
2010-04-08 04:49:24.130000+00:00,2.427,97.045,35.0,4.5,mw,earthquake,reviewed
2010-04-08 08:44:16.210000+00:00,2.122,96.662,35.0,4.1,mw,earthquake,reviewed
2010-04-08 08:58:20.170000+00:00,-5.02,105.064,198.7,4.8,mw,earthquake,reviewed
2010-04-08 10:47:57.320000+00:00,1.655,97.077,31.4,4.7,mw,earthquake,reviewed
2010-04-08 20:28:12.570000+00:00,1.655,96.946,35.0,4.3,mw,earthquake,reviewed
2010-04-09 06:29:37.710000+00:00,1.855,99.174,34.6,4.9,mw,earthquake,reviewed
2010-04-09 12:07:39.490000+00:00,1.655,99.174,35.0,4.3,mw,earthquake,reviewed
2010-04-10 10:32:00.260000+00:00,-1.323,97.641,35.0,4.4,mw,earthquake,reviewed
2010-04-11 05:59:29.550000+00:00,-5.556,101.728,13.7,5.2,mw,earthquake,reviewed
2010-04-12 09:58:04.740000+00:00,2.02,96.732,42.8,4.1,mw,earthquake,reviewed
2010-04-12 12:01:47.180000+00:00,1.985,96.804,46.4,4.2,mw,earthquake,reviewed
2010-04-12 20:33:29.640000+00:00,2.383,97.205,57.0,5.1,mw,earthquake,reviewed
2010-04-14 01:58:33.420000+00:00,1.98,97.072,41.3,4.5,mw,earthquake,reviewed
2010-04-15 21:37:09.250000+00:00,2.044,96.682,26.9,4.3,mw,earthquake,reviewed
2010-04-17 06:50:56.050000+00:00,1.786,96.919,35.0,4.2,mw,earthquake,reviewed
2010-04-19 09:42:31.250000+00:00,2.113,96.782,45.0,4.3,mw,earthquake,reviewed
2010-04-19 09:47:14.490000+00:00,2.09,96.706,36.6,4.4,mw,earthquake,reviewed
2010-04-21 06:39:46.640000+00:00,2.089,96.656,35.0,4.4,mw,earthquake,reviewed
2010-04-21 18:03:35.960000+00:00,-0.537,100.992,174.8,5.0,mw,earthquake,reviewed
2010-04-24 11:08:30.100000+00:00,2.617,96.989,35.0,4.4,mw,earthquake,reviewed
2010-04-26 12:02:35.520000+00:00,2.47,95.819,35.0,4.3,mw,earthquake,reviewed
2010-04-28 01:49:12.910000+00:00,1.946,96.556,12.1,4.2,mw,earthquake,reviewed
2010-05-05 16:29:03.210000+00:00,-4.054,101.096,27.0,6.5,mw,earthquake,reviewed
2010-05-05 16:39:41.690000+00:00,-3.933,101.099,44.4,4.8,mw,earthquake,reviewed
2010-05-05 16:57:05.080000+00:00,-4.132,101.159,30.3,4.1,mw,earthquake,reviewed
2010-05-06 05:40:32.030000+00:00,2.072,96.715,10.0,4.7,mw,earthquake,reviewed
2010-05-06 06:14:50.080000+00:00,-4.305,100.955,22.5,4.7,mw,earthquake,reviewed
2010-05-06 06:51:17.500000+00:00,-4.322,100.992,25.8,4.8,mw,earthquake,reviewed
2010-05-06 09:13:08.860000+00:00,-3.879,101.0,27.8,5.2,mw,earthquake,reviewed
2010-05-06 16:49:39.200000+00:00,2.08,96.694,40.1,4.2,mw,earthquake,reviewed
2010-05-09 05:59:41.620000+00:00,3.748,96.018,38.0,7.2,mw,earthquake,reviewed
2010-05-10 00:25:29.740000+00:00,-2.881,101.101,56.7,4.7,mw,earthquake,reviewed
2010-05-10 14:47:38.840000+00:00,-4.616,103.197,67.2,4.2,mw,earthquake,reviewed
2010-05-10 19:36:57.370000+00:00,3.213,95.983,55.2,4.4,mw,earthquake,reviewed
2010-05-10 22:27:33.170000+00:00,-4.461,101.957,47.8,4.8,mw,earthquake,reviewed
2010-05-11 11:01:33.860000+00:00,2.029,96.708,39.4,4.4,mw,earthquake,reviewed
2010-05-11 12:17:47.060000+00:00,3.498,95.845,40.5,5.4,mw,earthquake,reviewed
2010-05-12 01:37:58.610000+00:00,1.974,96.732,38.8,4.6,mw,earthquake,reviewed
2010-05-12 16:32:47.990000+00:00,-3.585,100.705,35.0,4.8,mw,earthquake,reviewed
2010-05-13 22:11:54.440000+00:00,-3.283,102.925,193.2,4.8,mw,earthquake,reviewed
2010-05-14 00:29:46.330000+00:00,-2.652,101.857,62.3,4.7,mw,earthquake,reviewed
2010-05-16 15:12:58.950000+00:00,-0.572,99.527,68.3,4.3,mw,earthquake,reviewed
2010-05-17 15:59:08.990000+00:00,1.857,96.972,34.0,4.2,mw,earthquake,reviewed
2010-05-26 06:09:09.330000+00:00,-1.687,99.724,10.0,4.5,mw,earthquake,reviewed
2010-05-28 18:32:41.750000+00:00,-3.864,100.966,24.1,5.3,mw,earthquake,reviewed
2010-05-30 02:46:36.370000+00:00,-3.908,101.078,38.4,4.2,mw,earthquake,reviewed
2010-06-03 09:24:15.570000+00:00,4.778,95.785,74.0,5.4,mw,earthquake,reviewed
2010-06-04 14:28:58.380000+00:00,-4.289,102.346,59.0,5.0,mw,earthquake,reviewed
2010-06-05 10:16:37.780000+00:00,-4.833,102.437,35.0,4.6,mw,earthquake,reviewed
2010-06-06 01:37:35.580000+00:00,1.329,97.141,36.0,4.4,mw,earthquake,reviewed
2010-06-06 20:44:07.180000+00:00,2.478,95.859,35.0,4.6,mw,earthquake,reviewed
2010-06-08 01:42:36.170000+00:00,-2.748,101.583,151.4,4.5,mw,earthquake,reviewed
2010-06-10 04:22:36.100000+00:00,0.849,97.164,44.6,4.5,mw,earthquake,reviewed
2010-06-12 04:56:20.400000+00:00,0.056,97.21,35.0,4.4,mw,earthquake,reviewed
2010-06-12 13:36:42.680000+00:00,-5.409,102.821,45.6,5.0,mw,earthquake,reviewed
2010-06-13 03:47:30.430000+00:00,2.231,96.26,35.0,4.4,mw,earthquake,reviewed
2010-06-14 11:48:49.520000+00:00,2.064,97.691,35.0,4.1,mw,earthquake,reviewed
2010-06-14 13:04:32.710000+00:00,1.401,96.872,12.7,4.7,mw,earthquake,reviewed
2010-06-14 16:52:44.500000+00:00,0.341,98.352,7.3,4.6,mw,earthquake,reviewed
2010-06-15 09:42:49.350000+00:00,1.92,96.653,35.0,4.5,mw,earthquake,reviewed
2010-06-15 11:54:43.410000+00:00,-1.883,99.664,30.1,4.7,mw,earthquake,reviewed
2010-06-18 20:48:01.230000+00:00,2.206,96.238,28.6,4.4,mw,earthquake,reviewed
2010-06-19 18:40:08.920000+00:00,-2.341,100.359,53.2,4.8,mw,earthquake,reviewed
2010-06-21 09:35:38.810000+00:00,2.655,95.628,44.2,4.7,mw,earthquake,reviewed
2010-06-24 08:10:30.490000+00:00,1.647,97.078,35.0,4.4,mw,earthquake,reviewed
2010-06-24 15:02:08.340000+00:00,-3.138,100.345,35.3,4.9,mw,earthquake,reviewed
2010-06-24 21:32:21.460000+00:00,-2.313,100.338,54.9,4.8,mw,earthquake,reviewed
2010-06-25 23:09:16.010000+00:00,2.065,96.762,40.0,4.9,mw,earthquake,reviewed
2010-06-26 01:18:06.650000+00:00,0.389,98.632,58.6,4.9,mw,earthquake,reviewed
2010-06-27 07:42:00.810000+00:00,-1.723,99.361,11.3,4.5,mw,earthquake,reviewed
2010-06-27 08:47:42.070000+00:00,-4.489,101.342,27.6,5.4,mw,earthquake,reviewed
2010-06-29 12:54:45.900000+00:00,1.244,97.111,40.9,4.5,mw,earthquake,reviewed
2010-06-29 22:57:38.910000+00:00,2.067,96.755,42.1,4.6,mw,earthquake,reviewed
2010-06-30 00:49:16.810000+00:00,-4.503,101.398,32.4,4.9,mw,earthquake,reviewed
2010-06-30 10:54:52.480000+00:00,-0.739,99.786,88.6,5.0,mw,earthquake,reviewed
2010-06-30 14:57:03.120000+00:00,-0.581,100.057,109.0,4.8,mw,earthquake,reviewed
2010-07-01 15:21:49.570000+00:00,1.243,97.187,37.6,5.1,mw,earthquake,reviewed
2010-07-01 15:22:53.550000+00:00,1.171,97.082,35.0,4.5,mw,earthquake,reviewed
2010-07-01 17:33:35.750000+00:00,3.957,97.105,2.9,4.6,mw,earthquake,reviewed
2010-07-02 04:01:49.660000+00:00,3.849,95.954,60.0,4.6,mw,earthquake,reviewed
2010-07-02 19:10:39.770000+00:00,4.687,96.775,28.1,4.5,mw,earthquake,reviewed
2010-07-03 01:57:55.630000+00:00,1.654,96.931,37.1,4.6,mw,earthquake,reviewed
2010-07-06 11:53:02.800000+00:00,2.311,99.103,151.3,4.4,mw,earthquake,reviewed
2010-07-08 11:34:45.650000+00:00,-2.964,102.139,63.6,4.5,mw,earthquake,reviewed
2010-07-11 05:18:59.020000+00:00,-3.159,100.438,35.0,4.5,mw,earthquake,reviewed
2010-07-12 21:02:07.310000+00:00,2.121,96.696,38.3,4.8,mw,earthquake,reviewed
2010-07-12 22:41:06.280000+00:00,3.022,96.142,35.0,4.5,mw,earthquake,reviewed
2010-07-12 23:09:34.420000+00:00,0.336,98.854,75.9,4.6,mw,earthquake,reviewed
2010-07-13 04:24:43.210000+00:00,1.315,97.152,40.1,5.0,mw,earthquake,reviewed
2010-07-13 04:26:25.260000+00:00,1.394,97.144,32.6,5.1,mw,earthquake,reviewed
2010-07-13 16:52:21.860000+00:00,-2.427,101.496,7.1,4.5,mw,earthquake,reviewed
2010-07-13 22:21:05.270000+00:00,1.369,97.182,42.9,5.1,mw,earthquake,reviewed
2010-07-14 06:19:19.230000+00:00,-1.874,100.107,35.0,4.5,mw,earthquake,reviewed
2010-07-15 07:36:32.160000+00:00,-5.112,104.387,71.0,4.3,mw,earthquake,reviewed
2010-07-20 00:46:48.900000+00:00,-0.374,98.061,35.4,4.5,mw,earthquake,reviewed
2010-07-21 16:05:35.900000+00:00,1.945,96.67,29.0,4.5,mw,earthquake,reviewed
2010-07-21 22:25:32.490000+00:00,-5.001,101.131,25.7,5.3,mw,earthquake,reviewed
2010-07-22 00:17:57.270000+00:00,-5.15,100.993,35.0,4.7,mw,earthquake,reviewed
2010-07-22 10:21:08.080000+00:00,-2.003,99.99,35.0,4.7,mw,earthquake,reviewed
2010-07-22 18:57:38.490000+00:00,0.454,97.381,35.0,4.1,mw,earthquake,reviewed
2010-07-23 08:58:15.440000+00:00,1.966,96.701,37.2,4.3,mw,earthquake,reviewed
2010-07-23 14:34:13.250000+00:00,-4.533,102.451,35.0,5.2,mw,earthquake,reviewed
2010-07-24 02:11:25.650000+00:00,0.997,99.541,42.0,5.4,mw,earthquake,reviewed
2010-07-24 14:59:21.850000+00:00,0.938,99.581,35.0,4.8,mw,earthquake,reviewed
2010-07-24 15:17:50.590000+00:00,-1.348,99.533,35.0,5.1,mw,earthquake,reviewed
2010-07-24 16:13:07.580000+00:00,-1.537,99.268,35.0,4.2,mw,earthquake,reviewed
2010-07-25 16:46:22.300000+00:00,1.686,96.781,17.6,4.3,mw,earthquake,reviewed
2010-07-27 08:26:20.390000+00:00,-3.594,101.918,86.8,4.9,mw,earthquake,reviewed
2010-07-28 10:09:24.160000+00:00,-3.166,100.834,35.0,4.9,mw,earthquake,reviewed
2010-08-02 18:50:55.140000+00:00,1.95,96.677,35.0,4.1,mw,earthquake,reviewed
2010-08-03 01:56:14.450000+00:00,5.461,95.767,40.0,4.8,mw,earthquake,reviewed
2010-08-03 23:59:02.560000+00:00,1.248,97.17,35.0,4.4,mw,earthquake,reviewed
2010-08-04 02:29:35.630000+00:00,-3.661,100.638,26.4,4.7,mw,earthquake,reviewed
2010-08-04 20:38:20.220000+00:00,-5.834,102.97,48.8,4.5,mw,earthquake,reviewed
2010-08-05 01:35:35.720000+00:00,-2.978,101.078,51.5,4.3,mw,earthquake,reviewed
2010-08-10 11:48:22.510000+00:00,0.893,96.421,35.0,4.5,mw,earthquake,reviewed
2010-08-12 23:46:56.550000+00:00,1.262,97.005,30.8,4.5,mw,earthquake,reviewed
2010-08-13 03:42:33.440000+00:00,2.371,97.195,55.3,4.3,mw,earthquake,reviewed
2010-08-14 13:37:53.050000+00:00,-3.953,100.574,35.0,5.1,mw,earthquake,reviewed
2010-08-15 17:33:10.340000+00:00,-3.534,99.692,35.0,4.8,mw,earthquake,reviewed
2010-08-17 15:02:00.010000+00:00,-4.867,103.015,66.5,4.6,mw,earthquake,reviewed
2010-08-19 11:14:08.220000+00:00,-3.286,102.707,91.2,4.4,mw,earthquake,reviewed
2010-08-21 05:42:52.880000+00:00,2.221,96.717,24.0,5.9,mw,earthquake,reviewed
2010-08-21 09:17:27.230000+00:00,2.188,96.68,42.3,4.6,mw,earthquake,reviewed
2010-08-22 08:15:59.450000+00:00,2.098,96.748,45.4,4.8,mw,earthquake,reviewed
2010-08-23 11:37:36.710000+00:00,2.053,96.635,35.0,4.5,mw,earthquake,reviewed
2010-08-24 09:00:13.430000+00:00,-2.925,102.025,112.5,4.7,mw,earthquake,reviewed
2010-08-27 00:56:15.750000+00:00,-5.27,102.947,61.8,5.0,mw,earthquake,reviewed
2010-08-27 15:49:18.770000+00:00,-5.568,101.612,35.0,4.7,mw,earthquake,reviewed
2010-08-28 01:18:07.640000+00:00,1.311,97.045,31.1,4.5,mw,earthquake,reviewed
2010-09-01 16:42:32.560000+00:00,-4.311,102.195,61.4,4.5,mw,earthquake,reviewed
2010-09-02 00:57:23.280000+00:00,2.526,96.046,36.6,4.9,mw,earthquake,reviewed
2010-09-02 08:01:07.660000+00:00,0.091,97.122,37.7,4.7,mw,earthquake,reviewed
2010-09-03 17:06:50.860000+00:00,-3.65,101.961,73.2,5.7,mw,earthquake,reviewed
2010-09-04 16:25:07.240000+00:00,-5.747,103.219,35.0,4.6,mw,earthquake,reviewed
2010-09-05 09:08:05.320000+00:00,-4.296,100.889,24.6,4.6,mw,earthquake,reviewed
2010-09-06 17:15:36.850000+00:00,-4.118,103.585,138.5,5.2,mw,earthquake,reviewed
2010-09-10 08:13:59.780000+00:00,-4.486,102.07,35.0,4.5,mw,earthquake,reviewed
2010-09-12 08:16:15.450000+00:00,-2.551,99.679,28.1,4.2,mw,earthquake,reviewed
2010-09-13 07:25:16.810000+00:00,-0.579,99.164,51.1,4.9,mw,earthquake,reviewed
2010-09-13 22:07:05.320000+00:00,0.625,100.877,29.7,4.4,mw,earthquake,reviewed
2010-09-14 09:47:22.160000+00:00,1.945,96.716,35.0,4.2,mw,earthquake,reviewed
2010-09-15 11:42:03.410000+00:00,1.085,96.961,23.8,4.4,mw,earthquake,reviewed
2010-09-15 19:24:29.600000+00:00,0.767,97.026,27.5,4.1,mw,earthquake,reviewed
2010-09-17 18:49:32.620000+00:00,1.067,97.188,35.9,4.6,mw,earthquake,reviewed
2010-09-18 01:31:08.880000+00:00,-2.435,100.477,50.2,4.4,mw,earthquake,reviewed
2010-09-19 09:17:33.790000+00:00,0.151,100.254,165.8,4.5,mw,earthquake,reviewed
2010-09-19 20:44:50.700000+00:00,2.147,96.724,35.0,4.4,mw,earthquake,reviewed
2010-09-21 03:56:41.470000+00:00,-0.618,99.039,51.1,4.3,mw,earthquake,reviewed
2010-09-25 11:24:30.830000+00:00,-3.535,100.57,35.0,4.3,mw,earthquake,reviewed
2010-09-28 23:44:37.710000+00:00,1.941,96.934,25.6,5.3,mw,earthquake,reviewed
2010-09-30 21:47:21.290000+00:00,1.189,97.223,38.5,4.4,mw,earthquake,reviewed
2010-10-02 00:30:03.760000+00:00,-4.517,102.511,55.0,4.2,mw,earthquake,reviewed
2010-10-02 07:39:37.450000+00:00,1.81,96.994,38.8,4.5,mw,earthquake,reviewed
2010-10-04 04:52:40.130000+00:00,-2.223,100.859,74.1,4.8,mw,earthquake,reviewed
2010-10-05 10:12:15.490000+00:00,-4.06,101.173,50.3,4.7,mw,earthquake,reviewed
2010-10-05 12:27:43.810000+00:00,-4.588,102.068,51.6,4.8,mw,earthquake,reviewed
2010-10-07 10:33:42.810000+00:00,-4.206,101.927,55.7,4.6,mw,earthquake,reviewed
2010-10-07 14:25:27.920000+00:00,-0.36,99.987,35.0,4.2,mw,earthquake,reviewed
2010-10-07 17:55:48.030000+00:00,2.194,96.697,26.4,4.6,mw,earthquake,reviewed
2010-10-09 00:24:09.620000+00:00,-4.781,101.848,43.1,4.3,mw,earthquake,reviewed
2010-10-09 11:17:36.150000+00:00,1.944,96.669,18.4,4.3,mw,earthquake,reviewed
2010-10-10 14:56:31.890000+00:00,2.538,95.812,38.1,4.1,mw,earthquake,reviewed
2010-10-11 09:07:12.770000+00:00,1.954,99.07,139.1,4.2,mw,earthquake,reviewed
2010-10-11 17:15:33.670000+00:00,2.066,96.718,41.9,4.4,mw,earthquake,reviewed
2010-10-13 19:49:13.760000+00:00,-5.531,101.823,11.3,4.4,mw,earthquake,reviewed
2010-10-13 21:08:09.890000+00:00,2.005,96.514,20.8,4.5,mw,earthquake,reviewed
2010-10-14 07:17:36.420000+00:00,1.043,97.258,35.0,4.2,mw,earthquake,reviewed
2010-10-14 09:14:28.890000+00:00,1.345,99.924,199.0,4.8,mw,earthquake,reviewed
2010-10-16 13:08:37.240000+00:00,-5.602,103.788,35.0,4.9,mw,earthquake,reviewed
2010-10-17 06:20:17.450000+00:00,1.186,97.236,32.1,4.4,mw,earthquake,reviewed
2010-10-18 23:13:16.260000+00:00,-3.351,101.635,69.6,5.0,mw,earthquake,reviewed
2010-10-19 15:19:08.090000+00:00,4.653,96.311,43.9,4.5,mw,earthquake,reviewed
2010-10-19 23:04:08.950000+00:00,-4.706,102.597,54.1,4.8,mw,earthquake,reviewed
2010-10-22 21:56:29.770000+00:00,-4.664,102.542,57.5,4.4,mw,earthquake,reviewed
2010-10-25 14:42:22.460000+00:00,-3.487,100.082,20.1,7.8,mw,earthquake,reviewed
2010-10-25 14:54:25.520000+00:00,-3.618,99.92,10.0,4.8,mw,earthquake,reviewed
2010-10-25 14:55:53.110000+00:00,-2.941,100.144,10.0,4.1,mw,earthquake,reviewed
2010-10-25 15:10:02.920000+00:00,-3.335,100.123,26.2,4.9,mw,earthquake,reviewed
2010-10-25 15:13:15.030000+00:00,-3.081,99.962,10.0,4.1,mw,earthquake,reviewed
2010-10-25 15:21:12.020000+00:00,-3.414,99.938,25.6,5.1,mw,earthquake,reviewed
2010-10-25 15:23:18.500000+00:00,-3.78,99.923,11.2,4.8,mw,earthquake,reviewed
2010-10-25 15:31:11.520000+00:00,-3.216,100.221,26.1,4.6,mw,earthquake,reviewed
2010-10-25 15:35:39.220000+00:00,-3.761,99.502,10.0,4.2,mw,earthquake,reviewed
2010-10-25 15:40:29.950000+00:00,-3.041,100.215,19.6,4.5,mw,earthquake,reviewed
2010-10-25 15:40:37.460000+00:00,-3.603,99.683,10.0,4.4,mw,earthquake,reviewed
2010-10-25 15:55:59.740000+00:00,-3.46,99.875,31.3,4.8,mw,earthquake,reviewed
2010-10-25 16:57:54.660000+00:00,-4.093,99.665,10.0,4.1,mw,earthquake,reviewed
2010-10-25 17:02:13.850000+00:00,-3.455,99.966,26.4,4.9,mw,earthquake,reviewed
2010-10-25 17:36:38.600000+00:00,-2.85,99.463,3.0,4.5,mw,earthquake,reviewed
2010-10-25 18:40:26.910000+00:00,-2.858,99.78,26.0,5.0,mw,earthquake,reviewed
2010-10-25 19:33:26+00:00,-3.51,99.754,10.0,4.8,mw,earthquake,reviewed
2010-10-25 19:37:31.150000+00:00,-2.958,100.372,26.0,6.3,mw,earthquake,reviewed
2010-10-25 19:39:27.300000+00:00,-2.963,100.504,31.8,5.8,mw,earthquake,reviewed
2010-10-25 19:57:54+00:00,-3.154,100.27,10.0,4.9,mw,earthquake,reviewed
2010-10-25 20:04:04.560000+00:00,-3.592,99.888,10.0,4.5,mw,earthquake,reviewed
2010-10-25 20:22:12.460000+00:00,-3.459,99.921,10.0,5.0,mw,earthquake,reviewed
2010-10-25 20:44:41.070000+00:00,-3.523,99.661,10.0,4.1,mw,earthquake,reviewed
2010-10-25 20:52:21.600000+00:00,-3.176,99.329,10.0,4.7,mw,earthquake,reviewed
2010-10-25 22:10:03.030000+00:00,-2.809,100.093,18.9,5.1,mw,earthquake,reviewed
2010-10-25 22:16:51.270000+00:00,-4.453,102.619,63.0,5.0,mw,earthquake,reviewed
2010-10-25 22:49:04.530000+00:00,-3.663,99.812,10.0,4.7,mw,earthquake,reviewed
2010-10-25 22:59:53.370000+00:00,-3.301,100.463,19.0,5.9,mw,earthquake,reviewed
2010-10-25 23:12:58.040000+00:00,-3.411,99.476,10.0,5.1,mw,earthquake,reviewed
2010-10-26 02:04:13.940000+00:00,-3.563,99.745,10.0,4.6,mw,earthquake,reviewed
2010-10-26 03:28:28.760000+00:00,-3.262,100.261,10.0,5.1,mw,earthquake,reviewed
2010-10-26 03:50:14.460000+00:00,-3.095,100.144,20.2,4.9,mw,earthquake,reviewed
2010-10-26 05:13:56.580000+00:00,-3.447,99.571,10.0,4.4,mw,earthquake,reviewed
2010-10-26 08:53:14.570000+00:00,-3.593,99.808,16.4,5.0,mw,earthquake,reviewed
2010-10-26 09:14:25.710000+00:00,-3.23,100.281,10.0,4.3,mw,earthquake,reviewed
2010-10-26 09:55:49.060000+00:00,-3.358,99.655,10.0,4.2,mw,earthquake,reviewed
2010-10-26 10:00:09.800000+00:00,-2.785,99.783,10.0,4.7,mw,earthquake,reviewed
2010-10-26 10:51:23.090000+00:00,-3.698,99.749,10.0,5.2,mw,earthquake,reviewed
2010-10-26 11:05:45.290000+00:00,-3.244,100.11,10.0,4.8,mw,earthquake,reviewed
2010-10-26 11:25:17.860000+00:00,-2.717,99.823,22.1,4.8,mw,earthquake,reviewed
2010-10-26 11:33:21.990000+00:00,-2.494,99.918,31.6,5.3,mw,earthquake,reviewed
2010-10-26 13:56:47.400000+00:00,-3.522,99.514,10.0,4.5,mw,earthquake,reviewed
2010-10-26 14:35:35.100000+00:00,-3.205,100.223,19.2,4.6,mw,earthquake,reviewed
2010-10-26 14:57:49.470000+00:00,-2.284,99.551,26.3,4.8,mw,earthquake,reviewed
2010-10-26 16:51:21.500000+00:00,-3.54,99.38,10.0,4.2,mw,earthquake,reviewed
2010-10-26 17:02:32.660000+00:00,-5.015,101.909,24.0,4.6,mw,earthquake,reviewed
2010-10-26 18:18:49.190000+00:00,-2.388,99.46,10.0,4.1,mw,earthquake,reviewed
2010-10-26 18:50:40.660000+00:00,-3.585,99.808,10.0,4.2,mw,earthquake,reviewed
2010-10-26 19:28:20.770000+00:00,1.194,97.118,35.0,4.3,mw,earthquake,reviewed
2010-10-26 19:40:37.600000+00:00,-3.597,99.789,4.9,5.2,mw,earthquake,reviewed
2010-10-26 20:34:40.240000+00:00,-3.871,99.203,10.0,4.2,mw,earthquake,reviewed
2010-10-26 20:41:04.030000+00:00,-2.255,99.575,17.2,4.9,mw,earthquake,reviewed
2010-10-26 20:46:42.780000+00:00,-3.387,99.455,10.0,4.5,mw,earthquake,reviewed
2010-10-26 21:48:19.140000+00:00,-3.686,99.724,10.0,4.8,mw,earthquake,reviewed
2010-10-26 23:09:44.520000+00:00,-3.783,99.623,11.9,5.1,mw,earthquake,reviewed
2010-10-26 23:45:38.500000+00:00,-2.36,99.853,25.3,5.4,mw,earthquake,reviewed
2010-10-27 00:04:03.130000+00:00,-3.496,99.663,32.1,5.1,mw,earthquake,reviewed
2010-10-27 00:17:30.720000+00:00,-3.458,99.566,31.1,4.9,mw,earthquake,reviewed
2010-10-27 01:35:35.730000+00:00,-3.787,99.522,10.0,4.4,mw,earthquake,reviewed
2010-10-27 03:31:02.580000+00:00,-3.915,99.528,10.0,4.7,mw,earthquake,reviewed
2010-10-27 04:33:20.120000+00:00,-3.538,99.855,10.0,5.0,mw,earthquake,reviewed
2010-10-27 05:16:56.150000+00:00,-2.738,99.593,10.0,4.6,mw,earthquake,reviewed
2010-10-27 11:15:26.900000+00:00,-3.552,99.504,10.0,4.6,mw,earthquake,reviewed
2010-10-27 15:09:38.310000+00:00,-3.567,99.562,2.1,4.9,mw,earthquake,reviewed
2010-10-27 16:14:16.840000+00:00,-3.804,99.889,10.0,4.2,mw,earthquake,reviewed
2010-10-27 16:39:11.450000+00:00,-2.506,99.571,10.0,4.3,mw,earthquake,reviewed
2010-10-27 21:34:57.420000+00:00,-2.913,99.843,13.2,5.0,mw,earthquake,reviewed
2010-10-28 09:37:51.690000+00:00,-3.767,99.714,10.0,4.4,mw,earthquake,reviewed
2010-10-28 09:52:11.630000+00:00,-3.176,100.196,10.0,4.6,mw,earthquake,reviewed
2010-10-28 17:10:07.270000+00:00,-3.479,99.454,10.0,4.5,mw,earthquake,reviewed
2010-10-29 04:06:05.070000+00:00,-3.662,100.098,10.0,4.5,mw,earthquake,reviewed
2010-10-29 04:45:39.590000+00:00,-3.248,100.019,10.0,4.3,mw,earthquake,reviewed
2010-10-29 08:04:00.930000+00:00,2.088,96.682,35.0,4.2,mw,earthquake,reviewed
2010-10-29 13:13:34.570000+00:00,-3.624,99.62,10.0,4.6,mw,earthquake,reviewed
2010-10-29 15:11:11.980000+00:00,-3.842,99.751,10.0,4.5,mw,earthquake,reviewed
2010-10-29 17:15:20.510000+00:00,-3.684,99.672,10.0,4.3,mw,earthquake,reviewed
2010-10-29 18:05:23.690000+00:00,-3.423,99.648,5.1,5.1,mw,earthquake,reviewed
2010-10-29 18:10:30.170000+00:00,-4.857,101.715,35.0,4.3,mw,earthquake,reviewed
2010-10-29 21:27:33.890000+00:00,-3.779,99.739,31.0,4.6,mw,earthquake,reviewed
2010-10-29 23:47:34.090000+00:00,-3.54,99.444,10.0,4.1,mw,earthquake,reviewed
2010-10-30 00:55:36.790000+00:00,-3.622,99.503,31.2,4.7,mw,earthquake,reviewed
2010-10-30 08:18:55.920000+00:00,-3.75,99.762,28.6,4.5,mw,earthquake,reviewed
2010-10-30 22:48:44.130000+00:00,-3.473,99.725,10.0,4.4,mw,earthquake,reviewed
2010-10-31 00:01:50.180000+00:00,-3.661,99.736,10.1,4.9,mw,earthquake,reviewed
2010-10-31 00:04:37.850000+00:00,-3.637,99.753,10.0,4.4,mw,earthquake,reviewed
2010-10-31 00:07:35.050000+00:00,-3.756,99.55,10.0,4.2,mw,earthquake,reviewed
2010-10-31 01:32:46.250000+00:00,-3.755,99.592,10.0,4.2,mw,earthquake,reviewed
2010-10-31 01:43:56.750000+00:00,-3.559,99.816,10.0,4.1,mw,earthquake,reviewed
2010-10-31 04:30:42.930000+00:00,-3.26,99.748,10.0,4.6,mw,earthquake,reviewed
2010-10-31 12:23:39.810000+00:00,-3.456,100.043,9.4,5.2,mw,earthquake,reviewed
2010-10-31 18:28:28.910000+00:00,-3.734,100.216,10.0,4.4,mw,earthquake,reviewed
2010-11-01 05:01:12.500000+00:00,-3.676,99.675,10.0,4.4,mw,earthquake,reviewed
2010-11-01 13:28:21.520000+00:00,-3.527,99.695,29.7,4.6,mw,earthquake,reviewed
2010-11-01 13:30:28.850000+00:00,-3.572,99.598,10.0,4.4,mw,earthquake,reviewed
2010-11-01 15:01:22.710000+00:00,-2.749,99.378,26.4,4.6,mw,earthquake,reviewed
2010-11-02 05:16:16.200000+00:00,-3.62,99.595,10.0,4.6,mw,earthquake,reviewed
2010-11-02 14:45:42.890000+00:00,-3.825,99.989,10.0,4.6,mw,earthquake,reviewed
2010-11-03 10:20:59.050000+00:00,-3.621,99.824,10.0,4.7,mw,earthquake,reviewed
2010-11-04 05:39:41.360000+00:00,-3.492,100.382,14.6,4.8,mw,earthquake,reviewed
2010-11-04 17:06:21.220000+00:00,-3.677,99.717,10.0,4.7,mw,earthquake,reviewed
2010-11-04 18:25:32.120000+00:00,-3.006,100.17,26.1,4.5,mw,earthquake,reviewed
2010-11-05 02:01:07.740000+00:00,3.811,95.604,47.9,4.2,mw,earthquake,reviewed
2010-11-05 15:21:20.720000+00:00,-2.177,99.419,35.0,5.0,mw,earthquake,reviewed
2010-11-06 18:49:40.410000+00:00,-3.754,100.772,24.9,4.6,mw,earthquake,reviewed
2010-11-06 20:18:12.970000+00:00,-3.553,99.749,10.0,4.6,mw,earthquake,reviewed
2010-11-07 11:52:32.420000+00:00,-3.717,99.7,10.0,4.2,mw,earthquake,reviewed
2010-11-07 14:15:53.200000+00:00,-3.711,99.386,10.0,4.2,mw,earthquake,reviewed
2010-11-07 14:19:47.080000+00:00,-3.672,99.654,2.7,4.9,mw,earthquake,reviewed
2010-11-07 14:22:43.370000+00:00,-3.793,99.596,10.0,4.4,mw,earthquake,reviewed
2010-11-07 14:34:06.610000+00:00,-3.774,99.466,10.0,4.3,mw,earthquake,reviewed
2010-11-07 15:26:45+00:00,-3.787,99.538,10.0,4.1,mw,earthquake,reviewed
2010-11-07 16:08:39.380000+00:00,-3.688,99.564,10.0,4.3,mw,earthquake,reviewed
2010-11-07 16:15:53.180000+00:00,-3.669,99.638,10.0,4.3,mw,earthquake,reviewed
2010-11-07 17:22:24.330000+00:00,-3.488,99.643,10.0,4.5,mw,earthquake,reviewed
2010-11-08 14:16:24.570000+00:00,-3.626,99.776,33.7,4.7,mw,earthquake,reviewed
2010-11-08 23:03:30.590000+00:00,-3.72,99.678,10.0,4.4,mw,earthquake,reviewed
2010-11-09 11:16:50.450000+00:00,-1.735,99.417,27.8,5.4,mw,earthquake,reviewed
2010-11-09 17:27:57.840000+00:00,-3.765,99.651,10.0,4.5,mw,earthquake,reviewed
2010-11-09 17:30:59.510000+00:00,-3.787,99.527,10.0,4.4,mw,earthquake,reviewed
2010-11-11 18:23:00.290000+00:00,0.301,98.244,35.0,4.1,mw,earthquake,reviewed
2010-11-12 10:40:28.360000+00:00,-3.073,99.889,10.0,4.7,mw,earthquake,reviewed
2010-11-12 16:18:07.050000+00:00,2.001,96.644,19.5,4.5,mw,earthquake,reviewed
2010-11-14 00:43:48.170000+00:00,-3.617,99.192,10.0,4.3,mw,earthquake,reviewed
2010-11-14 14:49:12.190000+00:00,-3.792,100.049,28.9,5.0,mw,earthquake,reviewed
2010-11-14 21:59:56.370000+00:00,-3.529,99.608,35.0,4.6,mw,earthquake,reviewed
2010-11-15 09:43:25.730000+00:00,1.307,97.127,39.3,5.0,mw,earthquake,reviewed
2010-11-15 19:31:06.170000+00:00,-3.257,100.406,35.0,4.2,mw,earthquake,reviewed
2010-11-15 20:55:00.280000+00:00,-3.112,101.266,58.9,5.1,mw,earthquake,reviewed
2010-11-16 06:44:34.340000+00:00,2.137,96.245,37.8,4.4,mw,earthquake,reviewed
2010-11-16 13:48:31.740000+00:00,3.575,96.993,96.7,4.8,mw,earthquake,reviewed
2010-11-17 14:46:18.260000+00:00,-3.262,100.351,35.0,4.3,mw,earthquake,reviewed
2010-11-17 15:19:17.620000+00:00,-3.183,100.246,35.0,4.6,mw,earthquake,reviewed
2010-11-19 10:20:14.870000+00:00,-3.799,99.825,10.0,4.6,mw,earthquake,reviewed
2010-11-19 11:27:40.690000+00:00,-3.354,99.457,10.0,4.6,mw,earthquake,reviewed
2010-11-19 21:55:15.610000+00:00,1.181,100.119,213.3,5.7,mw,earthquake,reviewed
2010-11-20 02:13:35.400000+00:00,-3.262,100.256,14.8,4.9,mw,earthquake,reviewed
2010-11-20 21:24:42.750000+00:00,-4.866,102.96,66.3,5.0,mw,earthquake,reviewed
2010-11-21 01:02:48.270000+00:00,-3.667,99.782,10.0,4.3,mw,earthquake,reviewed
2010-11-21 06:50:39.170000+00:00,-4.954,102.888,63.2,4.3,mw,earthquake,reviewed
2010-11-22 09:01:40.880000+00:00,-3.675,99.575,10.0,4.7,mw,earthquake,reviewed
2010-11-22 14:43:53.670000+00:00,-3.329,99.669,10.0,4.5,mw,earthquake,reviewed
2010-11-22 17:49:51.060000+00:00,-3.659,99.608,10.0,4.8,mw,earthquake,reviewed
2010-11-23 10:05:29.470000+00:00,-3.78,100.046,39.0,5.0,mw,earthquake,reviewed
2010-11-23 14:20:34.560000+00:00,-3.738,99.633,10.0,4.2,mw,earthquake,reviewed
2010-11-24 17:26:06.380000+00:00,-4.729,102.772,56.3,4.6,mw,earthquake,reviewed
2010-11-25 07:00:51.890000+00:00,1.017,99.444,41.7,4.6,mw,earthquake,reviewed
2010-11-26 12:47:21+00:00,-4.394,102.021,40.8,4.3,mw,earthquake,reviewed
2010-11-27 15:26:13.430000+00:00,-3.559,99.942,10.0,5.0,mw,earthquake,reviewed
2010-11-27 19:22:04.910000+00:00,-3.939,99.533,10.0,4.4,mw,earthquake,reviewed
2010-11-28 14:51:01.230000+00:00,-3.624,99.633,10.0,5.0,mw,earthquake,reviewed
2010-11-29 01:45:25.560000+00:00,-3.599,99.971,14.7,4.9,mw,earthquake,reviewed
2010-11-30 03:01:54.830000+00:00,-3.672,99.842,13.3,4.8,mw,earthquake,reviewed
2010-11-30 03:07:02.890000+00:00,-3.842,99.673,10.0,4.4,mw,earthquake,reviewed
2010-11-30 06:02:47.070000+00:00,-2.924,100.16,35.0,5.0,mw,earthquake,reviewed
2010-11-30 13:16:18.940000+00:00,-3.675,99.462,10.0,4.5,mw,earthquake,reviewed
2010-12-01 00:50:21.730000+00:00,2.689,99.041,160.1,5.6,mw,earthquake,reviewed
2010-12-01 11:03:36.490000+00:00,-2.927,100.158,35.0,4.9,mw,earthquake,reviewed
2010-12-03 03:11:45.330000+00:00,-1.197,100.202,29.6,4.5,mw,earthquake,reviewed
2010-12-03 17:08:39.970000+00:00,-3.877,99.672,10.0,4.2,mw,earthquake,reviewed
2010-12-04 21:08:03.850000+00:00,-2.386,100.031,35.0,4.4,mw,earthquake,reviewed
2010-12-04 21:37:17.440000+00:00,-1.407,100.137,3.8,4.2,mw,earthquake,reviewed
2010-12-05 13:50:45.210000+00:00,-3.383,99.402,10.0,4.1,mw,earthquake,reviewed
2010-12-06 06:02:23.070000+00:00,-3.853,100.013,31.1,4.7,mw,earthquake,reviewed
2010-12-06 07:56:14.760000+00:00,-3.781,100.16,35.0,5.1,mw,earthquake,reviewed
2010-12-08 13:40:20.940000+00:00,-1.887,99.593,41.6,4.3,mw,earthquake,reviewed
2010-12-09 03:56:54.890000+00:00,-4.248,102.168,53.4,4.7,mw,earthquake,reviewed
2010-12-10 20:50:31.090000+00:00,-3.377,100.091,0.4,5.0,mw,earthquake,reviewed
2010-12-11 19:36:48.660000+00:00,-3.855,100.2,27.7,4.8,mw,earthquake,reviewed
2010-12-13 20:49:38.300000+00:00,-3.391,100.145,0.3,4.6,mw,earthquake,reviewed
2010-12-14 20:01:00.410000+00:00,3.877,96.009,58.9,4.9,mw,earthquake,reviewed
2010-12-17 12:42:32.560000+00:00,2.751,98.942,162.5,4.5,mw,earthquake,reviewed
2010-12-18 00:24:43.650000+00:00,-0.781,100.138,97.4,4.3,mw,earthquake,reviewed
2010-12-19 14:12:01.110000+00:00,-0.952,97.918,22.1,4.8,mw,earthquake,reviewed
2010-12-21 14:07:48.290000+00:00,2.715,95.893,21.0,5.8,mw,earthquake,reviewed
2010-12-21 20:16:17.260000+00:00,2.453,95.737,35.0,4.2,mw,earthquake,reviewed
2010-12-22 03:43:02.020000+00:00,1.301,96.985,27.1,4.7,mw,earthquake,reviewed
2010-12-22 15:53:50.290000+00:00,2.567,95.725,33.4,4.2,mw,earthquake,reviewed
2010-12-23 00:01:37.690000+00:00,3.931,95.916,41.8,5.4,mw,earthquake,reviewed
2010-12-24 21:53:18.150000+00:00,-1.87,100.554,89.0,4.1,mw,earthquake,reviewed
2010-12-25 00:39:10.610000+00:00,1.153,97.088,35.0,4.3,mw,earthquake,reviewed
2010-12-25 21:10:30.140000+00:00,1.663,96.876,28.0,4.3,mw,earthquake,reviewed
2010-12-26 21:42:03.980000+00:00,2.491,96.436,47.7,4.5,mw,earthquake,reviewed
2010-12-29 10:27:22.730000+00:00,-1.067,100.454,102.0,4.5,mw,earthquake,reviewed
2010-12-29 17:13:22.370000+00:00,-3.23,99.588,35.0,4.6,mw,earthquake,reviewed
2010-12-30 19:34:33.400000+00:00,-5.247,103.637,33.8,4.7,mw,earthquake,reviewed
2010-12-31 17:57:56.110000+00:00,0.88,97.399,38.8,4.1,mw,earthquake,reviewed
2011-01-02 15:19:31.040000+00:00,-4.458,101.428,21.6,5.7,mw,earthquake,reviewed
2011-01-02 17:03:41.160000+00:00,-2.935,101.122,35.1,4.8,mw,earthquake,reviewed
2011-01-05 10:15:35.900000+00:00,-2.654,99.996,12.7,5.3,mw,earthquake,reviewed
2011-01-07 01:14:48.900000+00:00,-3.385,100.763,62.1,4.6,mw,earthquake,reviewed
2011-01-08 14:41:16.280000+00:00,-1.973,100.48,35.0,4.2,mw,earthquake,reviewed
2011-01-09 09:30:00.740000+00:00,-2.311,100.778,74.4,4.8,mw,earthquake,reviewed
2011-01-09 15:07:51.150000+00:00,-3.242,100.242,35.0,4.4,mw,earthquake,reviewed
2011-01-10 20:13:18.530000+00:00,1.937,96.658,35.0,4.4,mw,earthquake,reviewed
2011-01-13 04:35:23.780000+00:00,-3.477,99.737,10.0,4.7,mw,earthquake,reviewed
2011-01-14 03:55:30.750000+00:00,5.229,96.195,49.9,4.2,mw,earthquake,reviewed
2011-01-14 19:49:50.430000+00:00,-4.81,103.038,30.2,4.6,mw,earthquake,reviewed
2011-01-15 11:23:52.870000+00:00,2.491,96.28,17.0,5.7,mw,earthquake,reviewed
2011-01-15 11:36:04.460000+00:00,2.37,96.26,10.0,5.0,mw,earthquake,reviewed
2011-01-15 11:45:17.630000+00:00,2.369,96.269,10.0,5.1,mw,earthquake,reviewed
2011-01-15 16:26:05.590000+00:00,2.399,96.285,10.0,5.4,mw,earthquake,reviewed
2011-01-15 17:20:46.650000+00:00,2.321,96.148,10.0,4.8,mw,earthquake,reviewed
2011-01-16 00:24:06.770000+00:00,2.208,96.061,10.0,4.1,mw,earthquake,reviewed
2011-01-17 11:19:26.640000+00:00,-3.611,100.539,26.8,5.0,mw,earthquake,reviewed
2011-01-17 12:23:11.750000+00:00,1.993,96.741,41.7,4.5,mw,earthquake,reviewed
2011-01-17 14:06:50.080000+00:00,-3.531,100.621,35.0,4.6,mw,earthquake,reviewed
2011-01-17 14:30:28.240000+00:00,-1.946,100.411,70.3,4.5,mw,earthquake,reviewed
2011-01-17 19:20:57.210000+00:00,-5.03,102.647,36.0,6.0,mw,earthquake,reviewed
2011-01-18 11:33:45.070000+00:00,2.632,96.404,21.0,5.9,mw,earthquake,reviewed
2011-01-18 12:37:54.450000+00:00,2.375,96.097,10.0,4.7,mw,earthquake,reviewed
2011-01-20 08:37:14.160000+00:00,2.05,96.255,25.8,4.4,mw,earthquake,reviewed
2011-01-22 07:34:17.490000+00:00,2.887,95.521,28.3,5.2,mw,earthquake,reviewed
2011-01-22 07:38:56.510000+00:00,2.903,95.516,24.0,5.6,mw,earthquake,reviewed
2011-01-23 09:05:35.930000+00:00,-4.247,102.141,56.0,5.3,mw,earthquake,reviewed
2011-01-25 03:09:00.860000+00:00,0.454,98.555,53.1,4.8,mw,earthquake,reviewed
2011-01-26 15:42:29.590000+00:00,2.205,96.829,23.0,6.1,mw,earthquake,reviewed
2011-01-28 15:45:40.550000+00:00,1.976,96.73,10.0,4.9,mw,earthquake,reviewed
2011-01-29 14:58:07.900000+00:00,-5.649,103.452,35.0,4.5,mw,earthquake,reviewed
2011-01-30 09:46:04.320000+00:00,-2.883,100.04,35.0,4.7,mw,earthquake,reviewed
2011-01-30 15:49:46.690000+00:00,4.798,96.226,44.4,4.5,mw,earthquake,reviewed
2011-01-30 17:05:42.800000+00:00,-2.746,100.302,35.0,4.9,mw,earthquake,reviewed
2011-01-31 18:29:21+00:00,-3.453,101.63,62.8,4.9,mw,earthquake,reviewed
2011-02-03 05:39:36.590000+00:00,3.445,95.741,35.0,4.8,mw,earthquake,reviewed
2011-02-07 08:08:36.420000+00:00,0.809,98.817,75.2,5.1,mw,earthquake,reviewed
2011-02-11 05:42:49.630000+00:00,1.193,96.979,22.4,4.6,mw,earthquake,reviewed
2011-02-12 17:14:55.270000+00:00,-3.729,100.214,10.0,4.6,mw,earthquake,reviewed
2011-02-18 04:46:02.960000+00:00,2.417,96.329,42.8,4.4,mw,earthquake,reviewed
2011-02-18 23:12:05.570000+00:00,1.898,97.886,53.0,5.2,mw,earthquake,reviewed
2011-02-19 19:11:56.210000+00:00,-3.746,99.491,10.0,4.3,mw,earthquake,reviewed
2011-02-20 14:32:24.870000+00:00,1.36,97.198,40.4,5.4,mw,earthquake,reviewed
2011-02-24 02:00:36.980000+00:00,-5.314,102.824,35.0,4.4,mw,earthquake,reviewed
2011-02-24 22:54:20.670000+00:00,2.312,100.315,71.0,4.2,mw,earthquake,reviewed
2011-02-25 16:44:10.690000+00:00,-1.143,99.877,35.0,4.1,mw,earthquake,reviewed
2011-02-25 22:08:37.720000+00:00,-3.047,100.996,50.1,5.2,mw,earthquake,reviewed
2011-02-28 23:10:26.600000+00:00,3.973,95.958,63.2,5.1,mw,earthquake,reviewed
2011-03-03 04:30:15.770000+00:00,-4.424,101.123,19.5,5.2,mw,earthquake,reviewed
2011-03-04 08:07:34.430000+00:00,1.6,99.737,169.5,4.6,mw,earthquake,reviewed
2011-03-05 00:10:14.970000+00:00,-5.948,101.545,35.0,4.7,mw,earthquake,reviewed
2011-03-06 05:21:07.430000+00:00,-5.124,102.367,37.8,4.6,mw,earthquake,reviewed
2011-03-07 12:32:04.360000+00:00,-5.672,102.543,35.0,4.8,mw,earthquake,reviewed
2011-03-12 06:27:52.390000+00:00,-5.328,102.974,60.2,4.8,mw,earthquake,reviewed
2011-03-14 23:53:21.620000+00:00,2.631,95.932,39.0,4.3,mw,earthquake,reviewed
2011-03-18 17:54:22.180000+00:00,2.788,96.246,42.0,4.5,mw,earthquake,reviewed
2011-03-19 02:33:47.600000+00:00,0.83,97.449,35.6,5.1,mw,earthquake,reviewed
2011-03-21 19:34:01.960000+00:00,2.267,96.378,43.7,4.8,mw,earthquake,reviewed
2011-03-21 19:39:16.200000+00:00,2.303,96.34,46.0,4.8,mw,earthquake,reviewed
2011-03-22 08:38:38.140000+00:00,-3.611,102.143,97.2,4.9,mw,earthquake,reviewed
2011-03-25 09:14:30.520000+00:00,1.14,99.084,110.4,5.2,mw,earthquake,reviewed
2011-03-25 18:20:24.230000+00:00,-3.487,99.928,10.0,4.1,mw,earthquake,reviewed
2011-03-26 03:19:05.610000+00:00,0.882,97.264,35.3,4.4,mw,earthquake,reviewed
2011-03-26 03:20:42.360000+00:00,0.979,97.2,28.8,4.5,mw,earthquake,reviewed
2011-03-27 15:31:36.940000+00:00,0.536,97.333,55.1,4.6,mw,earthquake,reviewed
2011-03-29 06:22:46.640000+00:00,-5.191,102.475,43.1,5.0,mw,earthquake,reviewed
2011-03-29 06:59:38.130000+00:00,1.135,97.206,46.0,4.7,mw,earthquake,reviewed
2011-03-29 18:24:13.760000+00:00,0.515,98.412,59.1,4.5,mw,earthquake,reviewed
2011-03-29 20:44:51.960000+00:00,3.933,95.976,73.9,4.5,mw,earthquake,reviewed
2011-03-30 03:23:58.890000+00:00,-0.157,96.586,15.8,4.5,mw,earthquake,reviewed
2011-04-04 03:45:56.180000+00:00,-4.467,101.23,18.1,4.9,mw,earthquake,reviewed
2011-04-05 13:57:27.350000+00:00,-4.428,101.287,18.3,5.0,mw,earthquake,reviewed
2011-04-06 14:01:42.560000+00:00,1.612,97.086,20.0,6.0,mw,earthquake,reviewed
2011-04-08 22:07:30.840000+00:00,1.828,96.566,28.0,4.4,mw,earthquake,reviewed
2011-04-14 19:16:08.580000+00:00,-0.483,98.032,24.8,4.3,mw,earthquake,reviewed
2011-04-14 22:47:19.180000+00:00,0.961,97.279,35.0,4.1,mw,earthquake,reviewed
2011-04-14 23:45:21.860000+00:00,-1.829,100.484,58.7,5.0,mw,earthquake,reviewed
2011-04-15 19:43:38.470000+00:00,-3.164,100.179,10.0,4.6,mw,earthquake,reviewed
2011-04-18 22:40:37.040000+00:00,0.482,98.89,75.6,4.7,mw,earthquake,reviewed
2011-04-20 16:09:04.730000+00:00,-5.077,102.009,35.0,4.2,mw,earthquake,reviewed
2011-04-21 19:50:00.410000+00:00,2.12,96.313,43.7,4.4,mw,earthquake,reviewed
2011-04-22 09:47:10.080000+00:00,5.025,97.102,59.2,4.3,mw,earthquake,reviewed
2011-04-23 08:54:01.220000+00:00,-2.801,102.647,211.8,4.6,mw,earthquake,reviewed
2011-04-24 06:45:54.310000+00:00,1.115,96.882,35.0,4.1,mw,earthquake,reviewed
2011-04-27 04:55:31.090000+00:00,2.148,96.705,43.4,4.9,mw,earthquake,reviewed
2011-04-29 08:56:47.700000+00:00,4.032,95.756,44.0,5.4,mw,earthquake,reviewed
2011-04-29 20:24:34.410000+00:00,-3.528,100.631,24.9,5.3,mw,earthquake,reviewed
2011-04-30 17:09:02.930000+00:00,1.157,98.945,109.4,4.3,mw,earthquake,reviewed
2011-05-01 05:21:50.260000+00:00,2.694,97.683,76.7,4.6,mw,earthquake,reviewed
2011-05-02 23:25:38.010000+00:00,-5.527,102.683,38.2,4.8,mw,earthquake,reviewed
2011-05-04 17:38:37.620000+00:00,-4.893,101.848,26.0,5.6,mw,earthquake,reviewed
2011-05-05 10:42:18.670000+00:00,2.594,95.774,30.6,4.2,mw,earthquake,reviewed
2011-05-05 15:20:57.970000+00:00,-4.248,102.155,35.0,4.4,mw,earthquake,reviewed
2011-05-05 18:18:19.890000+00:00,-3.006,100.342,27.5,4.4,mw,earthquake,reviewed
2011-05-06 18:56:44.130000+00:00,0.762,99.945,138.1,5.2,mw,earthquake,reviewed
2011-05-09 08:09:18.070000+00:00,-3.48,99.47,10.0,4.6,mw,earthquake,reviewed
2011-05-12 21:07:20.620000+00:00,-1.886,99.671,44.7,4.5,mw,earthquake,reviewed
2011-05-13 16:24:32.680000+00:00,2.02,96.621,26.0,4.6,mw,earthquake,reviewed
2011-05-14 19:47:25.690000+00:00,2.527,96.952,58.4,4.4,mw,earthquake,reviewed
2011-05-16 01:25:21.310000+00:00,-2.709,99.932,10.0,4.6,mw,earthquake,reviewed
2011-05-18 03:21:16.600000+00:00,4.229,97.506,173.0,4.7,mw,earthquake,reviewed
2011-05-20 20:13:41.970000+00:00,0.374,98.506,51.5,4.6,mw,earthquake,reviewed
2011-05-20 23:20:20.370000+00:00,0.383,98.466,54.8,4.7,mw,earthquake,reviewed
2011-05-21 02:25:08.340000+00:00,1.886,96.621,35.1,4.3,mw,earthquake,reviewed
2011-05-24 08:11:10.960000+00:00,-5.272,102.424,39.9,5.1,mw,earthquake,reviewed
2011-05-24 23:29:35.240000+00:00,-4.178,102.265,53.6,5.1,mw,earthquake,reviewed
2011-05-26 15:38:10.120000+00:00,1.962,97.927,63.2,4.7,mw,earthquake,reviewed
2011-05-27 02:54:24.550000+00:00,0.295,97.121,15.4,4.3,mw,earthquake,reviewed
2011-05-27 05:45:42.060000+00:00,4.611,96.757,179.0,4.9,mw,earthquake,reviewed
2011-05-27 07:11:53.070000+00:00,0.282,97.687,35.1,4.7,mw,earthquake,reviewed
2011-05-27 08:13:06.150000+00:00,0.3,97.678,26.6,4.8,mw,earthquake,reviewed
2011-05-27 09:43:51.520000+00:00,0.289,97.707,35.0,4.3,mw,earthquake,reviewed
2011-05-28 00:18:05.150000+00:00,0.676,97.465,33.0,4.5,mw,earthquake,reviewed
2011-05-28 17:07:41.080000+00:00,-5.704,103.493,32.0,5.7,mw,earthquake,reviewed
2011-05-30 21:46:50.130000+00:00,2.556,95.931,35.9,4.6,mw,earthquake,reviewed
2011-05-30 23:33:35.440000+00:00,-1.651,101.191,35.0,4.8,mw,earthquake,reviewed
2011-05-31 20:13:40.820000+00:00,0.191,98.488,43.8,4.7,mw,earthquake,reviewed
2011-06-01 06:13:58.210000+00:00,-4.89,102.81,68.7,4.7,mw,earthquake,reviewed
2011-06-04 05:47:54.990000+00:00,-3.572,101.516,59.0,4.8,mw,earthquake,reviewed
2011-06-05 09:41:01.480000+00:00,-2.724,101.786,113.3,4.8,mw,earthquake,reviewed
2011-06-05 20:04:14.830000+00:00,4.986,95.862,109.7,4.6,mw,earthquake,reviewed
2011-06-07 02:54:23.240000+00:00,1.142,96.748,33.6,4.9,mw,earthquake,reviewed
2011-06-07 03:27:37.230000+00:00,1.076,96.745,23.9,4.6,mw,earthquake,reviewed
2011-06-07 10:53:49.280000+00:00,1.122,96.895,35.0,4.7,mw,earthquake,reviewed
2011-06-08 08:48:49.380000+00:00,-5.213,102.409,38.1,4.8,mw,earthquake,reviewed
2011-06-08 15:57:28.380000+00:00,3.897,95.889,70.2,4.4,mw,earthquake,reviewed
2011-06-08 16:32:18.480000+00:00,1.171,96.78,20.9,5.3,mw,earthquake,reviewed
2011-06-08 16:34:27.680000+00:00,1.105,96.72,35.0,4.8,mw,earthquake,reviewed
2011-06-08 16:41:07.310000+00:00,1.081,96.717,35.0,4.2,mw,earthquake,reviewed
2011-06-08 17:29:30.690000+00:00,1.085,96.946,35.0,4.1,mw,earthquake,reviewed
2011-06-10 09:25:30.700000+00:00,-5.884,101.757,35.0,4.3,mw,earthquake,reviewed
2011-06-11 14:21:08.250000+00:00,-2.759,100.141,35.0,4.6,mw,earthquake,reviewed
2011-06-11 21:55:34.880000+00:00,-0.222,98.54,53.0,4.2,mw,earthquake,reviewed
2011-06-11 23:17:45.980000+00:00,-3.494,101.35,35.0,4.4,mw,earthquake,reviewed
2011-06-12 22:23:18.910000+00:00,-3.579,101.509,28.0,4.5,mw,earthquake,reviewed
2011-06-13 18:48:05.030000+00:00,1.828,97.173,49.0,4.5,mw,earthquake,reviewed
2011-06-14 00:08:32.490000+00:00,1.831,99.225,17.0,5.5,mw,earthquake,reviewed
2011-06-14 03:01:29.790000+00:00,1.844,99.109,22.0,5.6,mw,earthquake,reviewed
2011-06-15 03:06:43.550000+00:00,-2.057,102.17,192.9,4.4,mw,earthquake,reviewed
2011-06-18 11:58:01.010000+00:00,1.847,99.108,24.8,5.0,mw,earthquake,reviewed
2011-06-18 22:50:48.850000+00:00,-2.529,101.725,130.5,4.7,mw,earthquake,reviewed
2011-06-18 23:25:38.420000+00:00,4.44,96.535,38.2,4.8,mw,earthquake,reviewed
2011-06-19 00:19:11.760000+00:00,1.322,99.004,53.3,4.2,mw,earthquake,reviewed
2011-06-19 04:15:58.980000+00:00,-3.247,101.361,57.1,5.4,mw,earthquake,reviewed
2011-06-19 13:44:33.870000+00:00,-3.339,99.515,9.3,5.0,mw,earthquake,reviewed
2011-06-21 16:25:09.030000+00:00,-1.843,100.145,41.5,5.2,mw,earthquake,reviewed
2011-06-24 01:54:41.420000+00:00,3.88,95.829,50.0,4.1,mw,earthquake,reviewed
2011-06-24 22:17:13.970000+00:00,-3.28,100.596,35.0,4.3,mw,earthquake,reviewed
2011-06-26 10:18:28.120000+00:00,-2.899,100.185,23.8,4.9,mw,earthquake,reviewed
2011-06-28 19:53:00.760000+00:00,-5.568,104.145,91.7,4.6,mw,earthquake,reviewed
2011-06-29 04:19:42.240000+00:00,-5.044,101.889,31.6,5.2,mw,earthquake,reviewed
2011-07-04 19:00:57.550000+00:00,1.423,97.166,38.9,5.2,mw,earthquake,reviewed
2011-07-05 17:40:53.900000+00:00,-2.073,100.307,62.0,4.6,mw,earthquake,reviewed
2011-07-05 19:09:12.510000+00:00,1.402,97.062,27.2,5.1,mw,earthquake,reviewed
2011-07-06 13:48:36.690000+00:00,1.416,97.143,38.3,4.6,mw,earthquake,reviewed
2011-07-08 01:04:19.030000+00:00,-4.977,101.639,32.6,4.7,mw,earthquake,reviewed
2011-07-09 18:18:17.380000+00:00,-5.508,102.575,31.8,4.4,mw,earthquake,reviewed
2011-07-13 21:23:11.110000+00:00,-4.745,102.964,66.0,4.4,mw,earthquake,reviewed
2011-07-15 03:23:16.440000+00:00,-2.544,99.691,35.0,4.3,mw,earthquake,reviewed
2011-07-17 01:32:29.800000+00:00,5.151,96.054,170.0,4.8,mw,earthquake,reviewed
2011-07-18 16:07:28.300000+00:00,-5.134,102.379,46.3,4.5,mw,earthquake,reviewed
2011-07-20 05:52:35.200000+00:00,-3.421,99.396,10.0,4.5,mw,earthquake,reviewed
2011-07-20 20:19:58.590000+00:00,-3.283,100.548,35.0,4.6,mw,earthquake,reviewed
2011-07-21 06:48:03.990000+00:00,0.25,96.994,25.5,4.8,mw,earthquake,reviewed
2011-07-21 21:50:07.750000+00:00,-5.08,103.039,39.0,4.4,mw,earthquake,reviewed
2011-07-24 15:03:53.680000+00:00,-2.419,99.758,35.0,4.3,mw,earthquake,reviewed
2011-07-29 11:38:12.610000+00:00,1.348,98.911,105.1,4.7,mw,earthquake,reviewed
2011-07-31 23:17:55.650000+00:00,2.572,99.195,172.2,4.6,mw,earthquake,reviewed
2011-07-31 23:56:36.430000+00:00,0.028,99.215,79.4,5.2,mw,earthquake,reviewed
2011-08-02 06:45:40.400000+00:00,2.09,96.804,45.8,4.4,mw,earthquake,reviewed
2011-08-03 14:35:01.210000+00:00,-3.413,100.191,14.4,5.2,mw,earthquake,reviewed
2011-08-03 20:02:18.440000+00:00,0.97,98.787,78.6,5.2,mw,earthquake,reviewed
2011-08-04 00:16:07.470000+00:00,-2.837,101.09,35.0,5.8,mw,earthquake,reviewed
2011-08-04 16:34:00.550000+00:00,-3.249,100.383,10.0,4.9,mw,earthquake,reviewed
2011-08-06 02:45:55.580000+00:00,-2.909,101.092,44.8,5.3,mw,earthquake,reviewed
2011-08-09 04:43:41.700000+00:00,-4.247,102.4,64.7,4.8,mw,earthquake,reviewed
2011-08-11 05:44:00.840000+00:00,1.994,97.836,62.1,4.5,mw,earthquake,reviewed
2011-08-13 16:12:01.530000+00:00,-4.005,101.143,35.0,4.7,mw,earthquake,reviewed
2011-08-13 20:22:11.920000+00:00,-4.835,102.794,63.8,5.1,mw,earthquake,reviewed
2011-08-13 22:59:24.730000+00:00,2.848,98.961,35.0,4.4,mw,earthquake,reviewed
2011-08-15 22:24:20.790000+00:00,-4.757,102.087,60.1,4.6,mw,earthquake,reviewed
2011-08-16 06:10:16.780000+00:00,-2.147,99.83,10.0,4.6,mw,earthquake,reviewed
2011-08-16 22:15:48.600000+00:00,-4.696,102.946,69.7,4.9,mw,earthquake,reviewed
2011-08-19 21:42:59.640000+00:00,-4.463,102.776,35.0,4.4,mw,earthquake,reviewed
2011-08-20 19:28:19.590000+00:00,-5.992,100.449,10.0,4.4,mw,earthquake,reviewed
2011-08-24 20:50:27.890000+00:00,-4.393,102.9,66.6,4.7,mw,earthquake,reviewed
2011-08-27 14:07:38.820000+00:00,-3.578,100.693,35.0,4.5,mw,earthquake,reviewed
2011-08-29 17:25:17.640000+00:00,1.041,98.997,117.1,4.2,mw,earthquake,reviewed
2011-08-29 21:39:31.200000+00:00,-2.722,100.177,35.0,4.7,mw,earthquake,reviewed
2011-08-31 03:08:29.190000+00:00,2.476,96.346,37.6,4.9,mw,earthquake,reviewed
2011-09-02 07:09:35.250000+00:00,3.725,95.859,60.4,4.7,mw,earthquake,reviewed
2011-09-04 22:08:07.860000+00:00,1.416,97.073,35.0,4.6,mw,earthquake,reviewed
2011-09-05 17:55:11.220000+00:00,2.965,97.893,91.0,6.7,mw,earthquake,reviewed
2011-09-10 09:33:28.480000+00:00,-0.734,100.068,99.2,4.7,mw,earthquake,reviewed
2011-09-10 16:49:27.210000+00:00,-2.673,100.508,35.0,4.2,mw,earthquake,reviewed
2011-09-13 23:41:00.790000+00:00,-1.596,99.447,38.2,4.4,mw,earthquake,reviewed
2011-09-14 10:37:02.920000+00:00,0.745,100.115,192.6,4.8,mw,earthquake,reviewed
2011-09-18 06:45:37.030000+00:00,-0.969,97.758,10.0,4.6,mw,earthquake,reviewed
2011-09-22 10:20:32.390000+00:00,-4.071,103.048,108.8,5.1,mw,earthquake,reviewed
2011-09-23 00:07:34.780000+00:00,2.753,96.432,35.0,4.4,mw,earthquake,reviewed
2011-09-26 15:50:01.450000+00:00,-4.496,103.863,155.0,4.3,mw,earthquake,reviewed
2011-09-27 19:55:33.600000+00:00,4.927,95.882,41.3,4.1,mw,earthquake,reviewed
2011-09-30 03:28:40.370000+00:00,1.375,96.994,35.0,4.1,mw,earthquake,reviewed
2011-10-02 06:02:03.870000+00:00,-0.983,99.86,75.5,4.3,mw,earthquake,reviewed
2011-10-06 01:33:35.730000+00:00,0.643,100.326,202.7,4.6,mw,earthquake,reviewed
2011-10-07 06:19:49.780000+00:00,-2.942,101.062,64.4,4.8,mw,earthquake,reviewed
2011-10-07 20:28:18.030000+00:00,1.667,96.983,10.0,4.9,mw,earthquake,reviewed
2011-10-12 00:13:17.170000+00:00,-5.495,105.438,95.7,4.1,mw,earthquake,reviewed
2011-10-12 08:59:53.850000+00:00,-3.796,100.616,10.0,5.1,mw,earthquake,reviewed
2011-10-14 06:22:56.980000+00:00,1.942,96.549,35.9,5.0,mw,earthquake,reviewed
2011-10-15 18:55:21+00:00,-4.632,101.767,16.6,4.8,mw,earthquake,reviewed
2011-10-16 17:16:20.180000+00:00,2.448,96.18,35.0,5.4,mw,earthquake,reviewed
2011-10-18 18:19:25.310000+00:00,-2.867,101.165,64.6,4.9,mw,earthquake,reviewed
2011-10-19 19:37:56.880000+00:00,2.828,95.789,58.2,4.6,mw,earthquake,reviewed
2011-10-19 19:51:55.420000+00:00,2.759,95.712,51.0,4.7,mw,earthquake,reviewed
2011-10-22 08:34:21.610000+00:00,-4.578,100.736,32.7,5.0,mw,earthquake,reviewed
2011-10-23 01:31:46.480000+00:00,-4.611,100.685,24.6,4.6,mw,earthquake,reviewed
2011-10-23 01:33:42.880000+00:00,-4.848,100.41,10.5,4.3,mw,earthquake,reviewed
2011-10-23 12:13:25.400000+00:00,-1.746,99.677,36.5,4.6,mw,earthquake,reviewed
2011-10-26 03:38:51.240000+00:00,-2.456,99.94,21.4,5.2,mw,earthquake,reviewed
2011-10-26 18:45:44.700000+00:00,-3.486,100.472,35.0,4.7,mw,earthquake,reviewed
2011-10-27 02:53:27.850000+00:00,-2.813,101.306,88.4,4.6,mw,earthquake,reviewed
2011-10-29 14:13:59.940000+00:00,-2.855,100.066,35.0,4.9,mw,earthquake,reviewed
2011-10-30 02:02:16.920000+00:00,4.909,96.13,45.7,4.8,mw,earthquake,reviewed
2011-10-30 11:52:27.420000+00:00,-3.249,101.345,36.0,5.6,mw,earthquake,reviewed
2011-11-01 22:02:15.670000+00:00,2.564,97.275,67.6,4.8,mw,earthquake,reviewed
2011-11-02 09:10:33.550000+00:00,4.627,96.48,35.0,4.7,mw,earthquake,reviewed
2011-11-03 17:26:33.040000+00:00,-3.681,100.746,12.0,4.7,mw,earthquake,reviewed
2011-11-06 14:17:49.270000+00:00,-2.666,102.168,147.3,4.6,mw,earthquake,reviewed
2011-11-09 09:16:22.690000+00:00,0.037,98.292,35.0,5.0,mw,earthquake,reviewed
2011-11-16 17:03:38.980000+00:00,-4.289,100.912,4.0,4.3,mw,earthquake,reviewed
2011-11-17 22:31:12.670000+00:00,2.33,96.435,56.2,4.3,mw,earthquake,reviewed
2011-11-18 03:46:03.840000+00:00,1.26,97.217,52.8,4.8,mw,earthquake,reviewed
2011-11-18 05:40:38.730000+00:00,0.29,101.513,66.5,4.6,mw,earthquake,reviewed
2011-11-18 06:57:53.900000+00:00,1.238,97.13,41.6,4.8,mw,earthquake,reviewed
2011-11-20 17:40:17.300000+00:00,-5.813,103.317,139.6,4.2,mw,earthquake,reviewed
2011-11-21 08:50:22.770000+00:00,-2.25,99.405,35.0,4.8,mw,earthquake,reviewed
2011-11-21 23:32:12.640000+00:00,1.718,97.062,34.6,5.0,mw,earthquake,reviewed
2011-11-22 05:06:16.310000+00:00,-1.907,99.704,67.9,4.6,mw,earthquake,reviewed
2011-11-22 06:29:54.480000+00:00,-2.253,99.401,10.0,5.0,mw,earthquake,reviewed
2011-11-22 16:45:18.960000+00:00,-2.219,99.446,21.7,5.2,mw,earthquake,reviewed
2011-11-22 16:54:05.980000+00:00,-2.266,99.448,25.0,5.2,mw,earthquake,reviewed
2011-11-22 19:10:50.690000+00:00,-2.288,99.514,35.0,5.3,mw,earthquake,reviewed
2011-11-25 17:14:22.510000+00:00,-0.336,97.019,35.0,4.5,mw,earthquake,reviewed
2011-11-26 04:43:14.350000+00:00,0.293,97.745,38.3,4.2,mw,earthquake,reviewed
2011-11-26 13:48:51.660000+00:00,0.895,97.297,35.0,4.4,mw,earthquake,reviewed
2011-11-27 04:17:52.430000+00:00,2.689,95.724,48.4,4.4,mw,earthquake,reviewed
2011-11-27 11:01:05.730000+00:00,0.175,97.874,18.0,5.4,mw,earthquake,reviewed
2011-11-27 12:15:17.940000+00:00,4.268,95.703,50.9,4.6,mw,earthquake,reviewed
2011-11-29 05:15:05.350000+00:00,1.621,96.849,35.4,4.2,mw,earthquake,reviewed
2011-11-29 17:43:28.800000+00:00,-4.323,102.176,48.4,5.3,mw,earthquake,reviewed
2011-12-02 08:07:42.650000+00:00,2.53,95.873,48.2,4.4,mw,earthquake,reviewed
2011-12-05 14:28:06.590000+00:00,1.489,97.171,39.7,4.6,mw,earthquake,reviewed
2011-12-15 02:25:12.530000+00:00,-4.941,102.975,65.3,4.9,mw,earthquake,reviewed
2011-12-15 22:17:10.480000+00:00,-4.915,103.322,59.3,4.5,mw,earthquake,reviewed
2011-12-16 23:02:35.290000+00:00,2.265,99.0,144.9,4.5,mw,earthquake,reviewed
2011-12-22 19:21:20.600000+00:00,0.032,97.225,26.4,5.1,mw,earthquake,reviewed
2011-12-25 11:48:46.440000+00:00,3.114,96.427,63.3,4.6,mw,earthquake,reviewed
2011-12-26 19:44:40.450000+00:00,1.845,96.947,24.6,4.7,mw,earthquake,reviewed
2011-12-27 08:23:07.490000+00:00,-3.369,101.271,54.2,4.7,mw,earthquake,reviewed
2011-12-28 08:50:17.700000+00:00,1.635,96.851,31.9,4.4,mw,earthquake,reviewed
2011-12-29 03:05:09.730000+00:00,4.049,96.467,80.5,4.9,mw,earthquake,reviewed
2011-12-30 08:51:59.080000+00:00,-5.841,104.341,59.0,5.3,mw,earthquake,reviewed
2012-01-01 18:09:06.460000+00:00,4.547,96.419,35.0,5.3,mw,earthquake,reviewed
2012-01-04 19:03:55.120000+00:00,2.123,96.74,45.6,4.8,mw,earthquake,reviewed
2012-01-05 23:14:49.120000+00:00,-0.935,99.069,41.7,5.2,mw,earthquake,reviewed
2012-01-07 09:14:37.440000+00:00,4.555,96.407,40.0,4.7,mw,earthquake,reviewed
2012-01-07 18:39:16.370000+00:00,-4.698,102.972,58.8,4.8,mw,earthquake,reviewed
2012-01-08 17:05:49.320000+00:00,-2.676,99.833,35.0,4.8,mw,earthquake,reviewed
2012-01-09 07:51:10.070000+00:00,1.097,97.157,35.0,4.1,mw,earthquake,reviewed
2012-01-10 23:10:50.440000+00:00,1.287,97.25,38.5,4.2,mw,earthquake,reviewed
2012-01-11 11:36:20.330000+00:00,-1.666,99.883,38.0,4.6,mw,earthquake,reviewed
2012-01-13 05:23:01.420000+00:00,1.463,97.084,30.5,4.7,mw,earthquake,reviewed
2012-01-13 20:03:46.820000+00:00,2.405,96.273,39.6,5.2,mw,earthquake,reviewed
2012-01-21 07:27:25.690000+00:00,-1.047,101.64,188.1,4.6,mw,earthquake,reviewed
2012-01-22 00:55:36.920000+00:00,2.083,96.041,24.6,4.9,mw,earthquake,reviewed
2012-01-23 12:40:28.640000+00:00,4.853,96.19,58.3,4.6,mw,earthquake,reviewed
2012-01-23 23:41:10.310000+00:00,-1.833,100.327,60.0,4.8,mw,earthquake,reviewed
2012-01-24 20:40:03.890000+00:00,-2.705,100.197,35.0,4.7,mw,earthquake,reviewed
2012-01-26 17:45:14.550000+00:00,2.478,95.912,40.4,5.0,mw,earthquake,reviewed
2012-01-28 03:42:44.620000+00:00,-5.733,103.429,45.9,4.4,mw,earthquake,reviewed
2012-01-28 14:47:19.360000+00:00,2.07,96.678,35.0,5.2,mw,earthquake,reviewed
2012-01-28 15:07:54.880000+00:00,2.125,96.673,35.0,4.6,mw,earthquake,reviewed
2012-01-29 12:47:49.740000+00:00,0.303,97.718,35.0,4.6,mw,earthquake,reviewed
2012-01-30 13:20:35.830000+00:00,2.072,96.647,40.3,5.3,mw,earthquake,reviewed
2012-02-01 07:14:29.100000+00:00,-3.676,102.203,80.3,5.4,mw,earthquake,reviewed
2012-02-01 12:22:53.300000+00:00,2.056,96.604,35.0,4.3,mw,earthquake,reviewed
2012-02-03 17:40:02.820000+00:00,-0.397,99.161,66.6,5.0,mw,earthquake,reviewed
2012-02-05 15:05:54.720000+00:00,-4.801,100.69,7.3,4.9,mw,earthquake,reviewed
2012-02-10 03:54:16.020000+00:00,0.008,97.345,35.0,4.1,mw,earthquake,reviewed
2012-02-13 05:59:16.720000+00:00,2.461,95.778,30.1,4.9,mw,earthquake,reviewed
2012-02-15 15:21:41.580000+00:00,-5.354,102.561,28.5,4.1,mw,earthquake,reviewed
2012-02-20 00:33:50.600000+00:00,-3.044,100.982,54.8,4.7,mw,earthquake,reviewed
2012-02-20 02:28:17.770000+00:00,1.846,99.562,192.6,5.3,mw,earthquake,reviewed
2012-02-20 08:05:02.810000+00:00,4.455,96.313,35.0,4.6,mw,earthquake,reviewed
2012-02-20 17:49:27.680000+00:00,1.026,97.213,33.5,4.5,mw,earthquake,reviewed
2012-02-22 02:23:48.020000+00:00,-2.536,99.478,35.0,4.7,mw,earthquake,reviewed
2012-02-22 05:38:41.440000+00:00,-0.828,101.243,194.9,4.4,mw,earthquake,reviewed
2012-02-24 14:13:02.420000+00:00,-4.695,103.103,35.0,5.1,mw,earthquake,reviewed
2012-02-24 18:50:23.830000+00:00,-1.967,100.289,52.1,4.6,mw,earthquake,reviewed
2012-02-28 10:51:43.530000+00:00,-4.694,102.303,35.0,4.2,mw,earthquake,reviewed
2012-02-28 18:35:05.510000+00:00,-4.796,101.674,19.2,4.8,mw,earthquake,reviewed
2012-02-28 19:13:56.120000+00:00,-2.051,100.762,71.1,4.6,mw,earthquake,reviewed
2012-02-29 17:33:19.860000+00:00,-5.433,103.235,50.8,4.6,mw,earthquake,reviewed
2012-03-01 11:19:47.990000+00:00,1.24,97.08,33.9,4.9,mw,earthquake,reviewed
2012-03-04 23:17:07.170000+00:00,-4.323,102.706,72.9,5.1,mw,earthquake,reviewed
2012-03-05 06:55:30.780000+00:00,4.197,97.062,46.1,5.2,mw,earthquake,reviewed
2012-03-06 09:33:52.480000+00:00,2.02,97.771,60.0,4.8,mw,earthquake,reviewed
2012-03-06 11:36:23.170000+00:00,-0.836,100.16,101.8,5.3,mw,earthquake,reviewed
2012-03-09 01:38:33.990000+00:00,-3.414,100.387,21.6,4.8,mw,earthquake,reviewed
2012-03-10 19:16:01.010000+00:00,-4.125,102.21,39.9,4.8,mw,earthquake,reviewed
2012-03-12 21:43:35.750000+00:00,2.732,99.154,171.4,4.5,mw,earthquake,reviewed
2012-03-13 08:29:16.390000+00:00,-3.433,101.738,62.9,4.6,mw,earthquake,reviewed
2012-03-13 19:16:06.640000+00:00,-4.606,102.145,54.6,4.8,mw,earthquake,reviewed
2012-03-18 02:01:54.490000+00:00,2.205,96.341,30.7,4.7,mw,earthquake,reviewed
2012-03-24 18:03:29.130000+00:00,1.303,98.793,101.1,4.5,mw,earthquake,reviewed
2012-03-26 21:25:34.060000+00:00,-2.635,102.542,211.8,4.2,mw,earthquake,reviewed
2012-03-28 08:54:16.230000+00:00,-4.403,101.235,15.7,5.3,mw,earthquake,reviewed
2012-03-28 21:37:07.460000+00:00,-1.087,100.524,100.3,4.9,mw,earthquake,reviewed
2012-03-29 10:30:32.100000+00:00,0.993,101.554,18.9,4.5,mw,earthquake,reviewed
2012-03-30 05:15:56.460000+00:00,-4.713,102.383,41.4,4.7,mw,earthquake,reviewed
2012-03-30 14:36:20.490000+00:00,0.331,97.223,35.0,4.1,mw,earthquake,reviewed
2012-03-31 03:30:25.470000+00:00,-3.903,103.492,74.9,4.4,mw,earthquake,reviewed
2012-03-31 03:58:17.600000+00:00,0.969,101.483,5.0,4.7,mw,earthquake,reviewed
2012-03-31 12:46:20.770000+00:00,4.173,95.842,35.0,4.5,mw,earthquake,reviewed
2012-04-03 18:07:04.260000+00:00,4.878,96.13,46.3,4.5,mw,earthquake,reviewed
2012-04-04 06:52:40.900000+00:00,-5.645,103.784,65.7,4.9,mw,earthquake,reviewed
2012-04-05 14:19:30.290000+00:00,1.493,97.037,35.0,4.2,mw,earthquake,reviewed
2012-04-06 06:28:40.710000+00:00,2.005,97.879,59.1,5.0,mw,earthquake,reviewed
2012-04-06 19:24:13.940000+00:00,-3.345,100.426,13.6,5.5,mw,earthquake,reviewed
2012-04-06 19:26:15.430000+00:00,-3.346,100.452,10.0,5.2,mw,earthquake,reviewed
2012-04-08 12:57:36.720000+00:00,0.81,96.835,11.2,4.5,mw,earthquake,reviewed
2012-04-10 01:50:22.600000+00:00,3.342,96.818,75.3,4.8,mw,earthquake,reviewed
2012-04-10 11:54:09.940000+00:00,1.455,97.077,33.7,4.6,mw,earthquake,reviewed
2012-04-12 11:02:01.730000+00:00,-5.899,103.429,41.1,5.0,mw,earthquake,reviewed
2012-04-13 02:49:03.010000+00:00,0.902,95.549,10.0,4.1,mw,earthquake,reviewed
2012-04-13 19:35:09.400000+00:00,-4.539,102.773,65.6,4.8,mw,earthquake,reviewed
2012-04-13 22:46:15.730000+00:00,0.317,98.449,42.6,4.3,mw,earthquake,reviewed
2012-04-14 00:46:24.210000+00:00,1.634,99.077,39.4,4.5,mw,earthquake,reviewed
2012-04-14 01:29:15.440000+00:00,1.686,99.193,8.7,4.2,mw,earthquake,reviewed
2012-04-17 03:16:24.090000+00:00,-2.79,100.205,30.9,4.6,mw,earthquake,reviewed
2012-04-21 02:22:06.270000+00:00,0.478,96.695,35.0,4.3,mw,earthquake,reviewed
2012-04-21 03:55:40.750000+00:00,1.068,95.584,4.4,4.6,mw,earthquake,reviewed
2012-04-22 13:04:15.140000+00:00,-5.911,105.504,28.9,4.9,mw,earthquake,reviewed
2012-04-23 18:50:26.240000+00:00,1.133,95.542,10.0,4.2,mw,earthquake,reviewed
2012-04-24 04:06:13.470000+00:00,1.024,95.535,10.0,4.7,mw,earthquake,reviewed
2012-04-25 12:00:24.100000+00:00,-4.281,102.798,63.3,4.6,mw,earthquake,reviewed
2012-04-25 16:17:42.260000+00:00,1.15,95.64,10.0,4.2,mw,earthquake,reviewed
2012-04-25 21:04:24.160000+00:00,1.118,95.571,10.0,4.2,mw,earthquake,reviewed
2012-04-28 01:42:55.830000+00:00,4.484,96.496,32.9,4.2,mw,earthquake,reviewed
2012-04-28 10:45:53.630000+00:00,1.178,95.523,10.0,4.3,mw,earthquake,reviewed
2012-04-28 18:00:32.880000+00:00,-3.338,100.439,7.4,5.4,mw,earthquake,reviewed
2012-05-02 08:35:07.890000+00:00,1.099,97.132,32.8,4.3,mw,earthquake,reviewed
2012-05-02 23:54:27.100000+00:00,1.083,97.164,35.0,4.7,mw,earthquake,reviewed
2012-05-03 22:53:25.710000+00:00,0.549,96.664,35.0,4.4,mw,earthquake,reviewed
2012-05-06 05:03:43.830000+00:00,2.167,96.524,40.9,4.5,mw,earthquake,reviewed
2012-05-06 16:58:35.280000+00:00,-0.55,98.639,55.1,4.4,mw,earthquake,reviewed
2012-05-08 06:14:30.490000+00:00,-5.866,104.28,66.3,4.6,mw,earthquake,reviewed
2012-05-08 22:23:50.480000+00:00,1.929,98.998,133.0,4.7,mw,earthquake,reviewed
2012-05-13 09:10:22.160000+00:00,-1.191,100.274,81.7,4.7,mw,earthquake,reviewed
2012-05-16 19:18:25.300000+00:00,0.809,95.992,10.0,4.7,mw,earthquake,reviewed
2012-05-20 16:11:36.770000+00:00,2.549,95.907,36.2,4.9,mw,earthquake,reviewed
2012-05-25 14:57:56.360000+00:00,1.81,97.888,62.2,4.2,mw,earthquake,reviewed
2012-05-26 17:18:01.870000+00:00,-4.9,103.03,60.2,5.1,mw,earthquake,reviewed
2012-05-27 03:50:21.760000+00:00,-2.82,100.155,37.7,5.3,mw,earthquake,reviewed
2012-05-27 09:21:57.820000+00:00,-2.854,100.268,46.4,4.7,mw,earthquake,reviewed
2012-05-27 10:58:00.600000+00:00,-2.963,100.071,15.6,4.9,mw,earthquake,reviewed
2012-05-30 20:12:47.690000+00:00,2.303,96.311,40.7,4.7,mw,earthquake,reviewed
2012-06-06 08:44:11.770000+00:00,-2.829,100.151,43.7,4.4,mw,earthquake,reviewed
2012-06-06 18:27:57.950000+00:00,0.254,97.01,38.5,4.9,mw,earthquake,reviewed
2012-06-09 23:57:50.950000+00:00,-4.602,102.62,35.0,4.3,mw,earthquake,reviewed
2012-06-10 15:12:08.060000+00:00,4.745,96.112,19.5,4.8,mw,earthquake,reviewed
2012-06-12 05:59:38.690000+00:00,-5.677,105.494,163.9,5.6,mw,earthquake,reviewed
2012-06-15 05:12:16.860000+00:00,-5.26,102.631,47.7,4.6,mw,earthquake,reviewed
2012-06-15 22:59:31.510000+00:00,2.308,96.26,47.6,4.4,mw,earthquake,reviewed
2012-06-19 04:27:57.350000+00:00,-2.921,100.99,55.7,5.2,mw,earthquake,reviewed
2012-06-19 13:00:35.900000+00:00,1.229,97.17,35.0,4.4,mw,earthquake,reviewed
2012-06-19 21:13:38.900000+00:00,-2.899,99.819,35.0,4.8,mw,earthquake,reviewed
2012-06-20 09:59:04.590000+00:00,-4.928,103.194,69.5,5.2,mw,earthquake,reviewed
2012-06-20 11:12:22.960000+00:00,1.289,97.031,32.2,4.6,mw,earthquake,reviewed
2012-06-20 21:29:19.680000+00:00,-3.732,101.84,35.0,4.4,mw,earthquake,reviewed
2012-06-21 10:00:00.250000+00:00,-3.143,103.001,201.8,4.3,mw,earthquake,reviewed
2012-06-23 04:34:53.180000+00:00,3.009,97.896,95.0,6.1,mw,earthquake,reviewed
2012-06-24 04:47:24.200000+00:00,1.306,98.93,106.5,4.7,mw,earthquake,reviewed
2012-06-26 17:08:47.610000+00:00,1.209,97.165,38.7,4.5,mw,earthquake,reviewed
2012-06-29 09:20:52.290000+00:00,1.132,97.263,36.6,5.0,mw,earthquake,reviewed
2012-07-01 12:51:13.790000+00:00,1.231,97.065,35.0,4.7,mw,earthquake,reviewed
2012-07-03 09:54:25.700000+00:00,2.503,95.95,52.8,4.3,mw,earthquake,reviewed
2012-07-04 00:22:07.400000+00:00,-4.321,102.108,35.0,4.3,mw,earthquake,reviewed
2012-07-04 05:38:52.520000+00:00,-2.298,100.774,63.4,4.8,mw,earthquake,reviewed
2012-07-07 14:26:03.850000+00:00,-3.638,100.591,45.0,5.1,mw,earthquake,reviewed
2012-07-10 18:06:10.440000+00:00,-4.973,103.479,107.0,4.6,mw,earthquake,reviewed
2012-07-13 15:20:25.540000+00:00,-3.303,100.413,35.0,4.1,mw,earthquake,reviewed
2012-07-15 09:18:14.850000+00:00,-1.171,99.884,35.0,4.6,mw,earthquake,reviewed
2012-07-16 07:16:55.460000+00:00,-3.932,101.667,62.5,4.6,mw,earthquake,reviewed
2012-07-18 04:33:59.330000+00:00,-4.381,102.794,63.9,5.4,mw,earthquake,reviewed
2012-07-18 05:00:20.400000+00:00,2.641,95.529,36.1,4.5,mw,earthquake,reviewed
2012-07-20 19:19:00.330000+00:00,-4.038,102.704,52.4,5.0,mw,earthquake,reviewed
2012-07-22 09:39:12.810000+00:00,2.618,95.846,21.5,5.0,mw,earthquake,reviewed
2012-07-23 16:21:39.830000+00:00,2.045,97.826,65.3,4.2,mw,earthquake,reviewed
2012-07-25 00:27:45.260000+00:00,2.707,96.045,22.0,6.4,mw,earthquake,reviewed
2012-07-25 00:40:15.350000+00:00,2.574,96.078,15.3,4.6,mw,earthquake,reviewed
2012-07-25 00:48:34.360000+00:00,2.453,96.019,18.1,4.5,mw,earthquake,reviewed
2012-07-27 13:25:28.970000+00:00,0.341,100.138,165.2,4.4,mw,earthquake,reviewed
2012-07-29 14:11:08.930000+00:00,-3.971,101.412,54.9,4.7,mw,earthquake,reviewed
2012-07-29 14:21:18.430000+00:00,-5.997,104.418,66.4,5.3,mw,earthquake,reviewed
2012-07-31 06:50:15.610000+00:00,-4.769,103.086,70.5,5.3,mw,earthquake,reviewed
2012-08-04 02:00:30.070000+00:00,-1.758,100.471,72.2,5.2,mw,earthquake,reviewed
2012-08-04 11:24:15.010000+00:00,4.857,96.296,36.5,5.4,mw,earthquake,reviewed
2012-08-05 11:27:59.270000+00:00,4.993,96.347,165.9,4.7,mw,earthquake,reviewed
2012-08-06 09:47:54.450000+00:00,0.668,96.992,35.0,4.6,mw,earthquake,reviewed
2012-08-07 02:26:27.360000+00:00,2.527,95.744,19.1,4.5,mw,earthquake,reviewed
2012-08-09 01:55:12.530000+00:00,-4.812,103.077,58.3,4.6,mw,earthquake,reviewed
2012-08-10 04:41:40.250000+00:00,1.901,96.965,8.0,5.1,mw,earthquake,reviewed
2012-08-13 20:13:02.450000+00:00,1.166,97.14,35.0,4.2,mw,earthquake,reviewed
2012-08-18 17:16:05.140000+00:00,2.158,96.38,49.8,4.7,mw,earthquake,reviewed
2012-08-21 03:09:39.420000+00:00,-4.749,102.995,66.3,5.2,mw,earthquake,reviewed
2012-08-24 23:03:13.100000+00:00,-3.47,101.655,65.5,4.8,mw,earthquake,reviewed
2012-08-27 09:01:23.130000+00:00,2.376,99.031,149.5,5.3,mw,earthquake,reviewed
2012-08-28 10:57:22.180000+00:00,-1.72,99.625,52.6,4.3,mw,earthquake,reviewed
2012-09-04 18:39:10.150000+00:00,4.768,96.184,52.5,4.8,mw,earthquake,reviewed
2012-09-06 14:50:38.130000+00:00,-5.173,103.445,80.4,4.5,mw,earthquake,reviewed
2012-09-07 00:55:45.950000+00:00,0.095,98.6,47.3,4.6,mw,earthquake,reviewed
2012-09-10 23:14:31.170000+00:00,0.527,98.496,54.0,4.9,mw,earthquake,reviewed
2012-09-14 04:51:47.070000+00:00,-3.319,100.594,19.0,6.2,mw,earthquake,reviewed
2012-09-16 16:17:23.260000+00:00,0.488,96.9,16.3,4.9,mw,earthquake,reviewed
2012-09-16 20:28:57.420000+00:00,0.509,96.895,35.0,4.4,mw,earthquake,reviewed
2012-09-18 09:35:03.100000+00:00,0.5,96.855,35.0,4.8,mw,earthquake,reviewed
2012-09-20 06:54:31.410000+00:00,2.673,95.511,35.0,4.1,mw,earthquake,reviewed
2012-09-20 20:47:46.610000+00:00,-0.065,98.817,72.1,5.4,mw,earthquake,reviewed
2012-09-24 10:14:39.120000+00:00,1.328,99.008,111.4,4.9,mw,earthquake,reviewed
2012-09-29 20:19:09.180000+00:00,2.472,98.429,104.2,4.9,mw,earthquake,reviewed
2012-10-01 13:25:59.580000+00:00,-0.54,97.52,10.0,4.7,mw,earthquake,reviewed
2012-10-02 14:55:31.310000+00:00,-3.561,101.531,57.0,4.6,mw,earthquake,reviewed
2012-10-02 17:37:22.010000+00:00,-2.917,101.919,105.1,5.4,mw,earthquake,reviewed
2012-10-02 18:23:34.440000+00:00,1.279,97.0,23.3,4.8,mw,earthquake,reviewed
2012-10-03 03:06:08.900000+00:00,1.316,97.118,37.2,4.7,mw,earthquake,reviewed
2012-10-03 13:32:34.940000+00:00,-0.429,97.672,9.0,5.7,mw,earthquake,reviewed
2012-10-03 14:00:38.080000+00:00,-0.474,97.602,10.0,4.2,mw,earthquake,reviewed
2012-10-03 17:59:16.130000+00:00,-0.462,97.62,10.0,4.7,mw,earthquake,reviewed
2012-10-04 21:01:23.920000+00:00,2.269,96.577,50.2,4.2,mw,earthquake,reviewed
2012-10-04 21:23:36.350000+00:00,1.985,96.391,38.9,4.6,mw,earthquake,reviewed
2012-10-09 04:41:57.540000+00:00,4.781,96.425,43.7,4.8,mw,earthquake,reviewed
2012-10-12 07:58:54.850000+00:00,0.752,97.088,35.0,4.5,mw,earthquake,reviewed
2012-10-12 08:36:45.800000+00:00,-4.889,102.712,58.1,4.3,mw,earthquake,reviewed
2012-10-12 12:30:02.880000+00:00,1.664,96.923,35.0,4.5,mw,earthquake,reviewed
2012-10-13 00:38:44.270000+00:00,1.837,97.035,35.0,4.2,mw,earthquake,reviewed
2012-10-14 01:02:40.190000+00:00,-2.776,100.111,28.7,5.0,mw,earthquake,reviewed
2012-10-15 11:33:37.170000+00:00,1.772,97.693,35.0,4.6,mw,earthquake,reviewed
2012-10-17 19:38:55.810000+00:00,1.265,97.229,32.6,5.1,mw,earthquake,reviewed
2012-10-18 11:05:23.840000+00:00,-4.058,101.893,50.3,4.4,mw,earthquake,reviewed
2012-10-20 16:29:49.840000+00:00,-3.455,100.62,25.9,4.9,mw,earthquake,reviewed
2012-10-27 15:00:48.800000+00:00,-2.071,100.944,76.1,4.8,mw,earthquake,reviewed
2012-10-27 19:18:55.060000+00:00,-0.48,98.04,18.7,4.7,mw,earthquake,reviewed
2012-10-27 19:27:40.790000+00:00,-0.531,97.997,18.0,4.3,mw,earthquake,reviewed
2012-10-28 17:43:38.480000+00:00,-4.342,102.024,58.0,4.3,mw,earthquake,reviewed
2012-10-29 02:22:44.500000+00:00,0.88,98.381,58.9,5.5,mw,earthquake,reviewed
2012-10-30 11:43:57.960000+00:00,-5.105,103.024,56.1,4.8,mw,earthquake,reviewed
2012-10-31 06:53:57.750000+00:00,-2.136,99.578,35.0,4.8,mw,earthquake,reviewed
2012-10-31 09:56:29.340000+00:00,2.52,95.817,39.0,4.6,mw,earthquake,reviewed
2012-11-03 02:10:09.490000+00:00,-3.7,100.751,37.7,4.7,mw,earthquake,reviewed
2012-11-04 23:26:40.690000+00:00,-3.507,99.878,10.0,4.6,mw,earthquake,reviewed
2012-11-06 08:32:56.280000+00:00,-5.253,101.883,10.6,4.9,mw,earthquake,reviewed
2012-11-06 08:36:45.980000+00:00,-5.277,101.804,10.0,4.3,mw,earthquake,reviewed
2012-11-09 19:59:45.990000+00:00,0.886,97.464,22.1,5.3,mw,earthquake,reviewed
2012-11-09 20:17:17.270000+00:00,0.751,97.425,24.0,4.9,mw,earthquake,reviewed
2012-11-13 12:12:10.080000+00:00,-4.775,103.118,72.0,4.6,mw,earthquake,reviewed
2012-11-20 21:46:49.910000+00:00,-4.941,102.97,48.4,4.4,mw,earthquake,reviewed
2012-11-22 18:01:10.390000+00:00,-4.535,102.826,35.3,5.3,mw,earthquake,reviewed
2012-11-23 16:20:15.500000+00:00,2.039,96.671,28.5,4.4,mw,earthquake,reviewed
2012-11-24 10:51:33.560000+00:00,0.974,97.188,27.1,4.6,mw,earthquake,reviewed
2012-11-26 11:09:06.150000+00:00,0.265,97.642,13.5,4.4,mw,earthquake,reviewed
2012-12-01 15:00:26.740000+00:00,3.631,96.648,95.9,4.2,mw,earthquake,reviewed
2012-12-08 20:47:25.860000+00:00,-5.156,102.283,41.0,4.9,mw,earthquake,reviewed
2012-12-09 01:35:34.450000+00:00,3.978,95.511,10.0,4.3,mw,earthquake,reviewed
2012-12-09 21:49:30.210000+00:00,1.874,97.924,58.7,4.9,mw,earthquake,reviewed
2012-12-10 08:09:23.900000+00:00,-0.38,96.645,35.0,4.5,mw,earthquake,reviewed
2012-12-15 19:16:50.160000+00:00,-3.54,100.542,10.0,5.0,mw,earthquake,reviewed
2012-12-16 12:40:17.460000+00:00,-3.432,100.787,35.0,4.6,mw,earthquake,reviewed
2012-12-21 07:30:40.760000+00:00,0.771,98.407,35.0,4.5,mw,earthquake,reviewed
2012-12-26 19:08:04.080000+00:00,0.852,98.756,85.9,5.0,mw,earthquake,reviewed
2012-12-29 19:43:58.480000+00:00,-4.108,101.776,43.5,4.3,mw,earthquake,reviewed
2012-12-30 19:25:54.450000+00:00,-1.994,100.797,65.5,4.7,mw,earthquake,reviewed
2013-01-01 09:21:17.940000+00:00,-0.23,98.499,35.0,4.5,mw,earthquake,reviewed
2013-01-01 16:59:29.760000+00:00,-5.302,104.149,80.7,4.6,mw,earthquake,reviewed
2013-01-01 20:05:03.070000+00:00,2.333,96.207,41.0,4.8,mw,earthquake,reviewed
2013-01-02 02:00:21.640000+00:00,-2.899,101.165,48.6,5.0,mw,earthquake,reviewed
2013-01-04 09:44:37.460000+00:00,0.868,96.931,35.0,4.3,mw,earthquake,reviewed
2013-01-14 07:05:55.750000+00:00,1.905,96.999,35.0,5.0,mw,earthquake,reviewed
2013-01-18 12:25:46.340000+00:00,0.215,97.68,35.0,4.7,mw,earthquake,reviewed
2013-01-18 12:34:04.770000+00:00,0.271,97.707,35.0,4.7,mw,earthquake,reviewed
2013-01-19 22:22:32.060000+00:00,2.491,96.018,62.0,4.2,mw,earthquake,reviewed
2013-01-20 09:55:46.030000+00:00,0.0,97.319,35.0,4.1,mw,earthquake,reviewed
2013-01-21 22:22:52.760000+00:00,4.927,95.907,12.0,6.1,mw,earthquake,reviewed
2013-01-21 22:48:06.740000+00:00,5.019,96.015,10.0,4.8,mw,earthquake,reviewed
2013-01-21 23:08:53.380000+00:00,5.007,96.078,10.0,4.3,mw,earthquake,reviewed
2013-01-22 10:58:58.130000+00:00,4.998,96.016,10.0,4.3,mw,earthquake,reviewed
2013-01-24 12:58:36.120000+00:00,4.852,95.914,10.0,4.2,mw,earthquake,reviewed
2013-01-25 05:00:15.450000+00:00,4.919,95.89,10.0,4.6,mw,earthquake,reviewed
2013-01-27 04:05:43.360000+00:00,-5.063,103.024,63.6,5.2,mw,earthquake,reviewed
2013-01-27 14:24:08.020000+00:00,4.881,95.686,10.0,4.7,mw,earthquake,reviewed
2013-01-29 19:12:42.030000+00:00,0.739,97.0,16.3,4.7,mw,earthquake,reviewed
2013-01-30 07:31:37.840000+00:00,-0.685,99.497,83.3,4.6,mw,earthquake,reviewed
2013-01-31 04:10:48.150000+00:00,-4.447,102.665,59.9,5.0,mw,earthquake,reviewed
2013-02-03 23:47:02.360000+00:00,-3.904,102.508,85.5,4.3,mw,earthquake,reviewed
2013-02-06 22:12:17.610000+00:00,-1.537,100.279,10.0,5.3,mw,earthquake,reviewed
2013-02-07 00:41:32.640000+00:00,1.361,98.945,96.3,5.1,mw,earthquake,reviewed
2013-02-07 08:03:31.470000+00:00,0.245,98.576,52.5,4.8,mw,earthquake,reviewed
2013-02-07 15:22:39.720000+00:00,-5.578,103.319,61.5,4.8,mw,earthquake,reviewed
2013-02-07 17:30:44.550000+00:00,1.699,97.407,46.3,4.4,mw,earthquake,reviewed
2013-02-09 02:50:38.620000+00:00,2.295,99.183,163.2,4.7,mw,earthquake,reviewed
2013-02-11 01:02:09.850000+00:00,5.081,96.157,70.1,4.3,mw,earthquake,reviewed
2013-02-12 12:03:00.240000+00:00,-2.204,102.038,182.5,4.4,mw,earthquake,reviewed
2013-02-13 11:00:24.850000+00:00,-2.99,101.297,55.3,5.3,mw,earthquake,reviewed
2013-02-14 09:19:47.060000+00:00,-3.446,101.59,53.5,4.3,mw,earthquake,reviewed
2013-02-14 11:15:24.660000+00:00,-0.408,98.571,35.4,4.9,mw,earthquake,reviewed
2013-02-14 11:24:37.900000+00:00,-0.482,98.613,37.4,4.7,mw,earthquake,reviewed
2013-02-14 12:32:08.410000+00:00,-2.519,103.044,35.4,4.2,mw,earthquake,reviewed
2013-02-14 19:16:52.150000+00:00,-3.784,102.332,29.7,4.7,mw,earthquake,reviewed
2013-02-14 21:46:12.550000+00:00,-0.466,98.586,28.7,4.6,mw,earthquake,reviewed
2013-02-14 23:58:01.700000+00:00,-0.465,98.495,24.8,4.7,mw,earthquake,reviewed
2013-02-15 05:38:18.430000+00:00,-0.48,98.58,38.5,4.3,mw,earthquake,reviewed
2013-02-15 05:48:25.100000+00:00,-0.503,98.431,42.3,4.4,mw,earthquake,reviewed
2013-02-16 05:55:27.370000+00:00,-2.548,102.971,35.0,4.2,mw,earthquake,reviewed
2013-02-17 15:15:01.930000+00:00,4.92,95.793,6.9,4.5,mw,earthquake,reviewed
2013-02-18 12:01:48.020000+00:00,1.813,99.05,129.7,4.9,mw,earthquake,reviewed
2013-02-18 15:22:09.160000+00:00,5.056,95.897,10.0,4.6,mw,earthquake,reviewed
2013-02-20 09:13:42.890000+00:00,-3.746,99.058,10.0,4.7,mw,earthquake,reviewed
2013-02-23 11:39:47.460000+00:00,1.396,97.127,35.0,4.6,mw,earthquake,reviewed
2013-02-26 01:47:22.140000+00:00,2.583,96.073,48.5,4.7,mw,earthquake,reviewed
2013-03-01 01:27:28.750000+00:00,-1.485,99.302,35.0,4.3,mw,earthquake,reviewed
2013-03-03 22:24:15.660000+00:00,2.715,95.829,33.8,5.0,mw,earthquake,reviewed
2013-03-04 04:30:25.430000+00:00,-5.421,104.839,50.0,4.1,mw,earthquake,reviewed
2013-03-04 16:10:03.200000+00:00,2.188,98.822,132.1,4.7,mw,earthquake,reviewed
2013-03-04 17:00:35.810000+00:00,-5.505,104.69,57.2,4.9,mw,earthquake,reviewed
2013-03-05 02:09:01.830000+00:00,-5.396,104.749,35.0,4.9,mw,earthquake,reviewed
2013-03-05 16:42:37.040000+00:00,-3.523,100.671,19.5,4.4,mw,earthquake,reviewed
2013-03-09 16:51:37.920000+00:00,-4.01,101.032,10.0,4.1,mw,earthquake,reviewed
2013-03-14 18:18:41.520000+00:00,4.451,96.392,41.2,4.5,mw,earthquake,reviewed
2013-03-15 17:53:32.610000+00:00,2.055,97.88,66.4,4.3,mw,earthquake,reviewed
2013-03-18 12:24:07.170000+00:00,-2.261,100.806,65.7,4.9,mw,earthquake,reviewed
2013-03-20 07:07:19.320000+00:00,1.141,96.674,10.0,4.5,mw,earthquake,reviewed
2013-03-27 16:39:10.850000+00:00,1.423,99.167,34.6,4.4,mw,earthquake,reviewed
2013-03-29 22:34:28.290000+00:00,-0.088,98.709,52.7,4.7,mw,earthquake,reviewed
2013-04-01 16:40:49.930000+00:00,1.161,97.176,34.6,4.8,mw,earthquake,reviewed
2013-04-04 05:29:09.750000+00:00,-4.146,102.534,70.5,5.2,mw,earthquake,reviewed
2013-04-04 10:39:20.260000+00:00,3.924,97.187,129.8,4.5,mw,earthquake,reviewed
2013-04-04 19:34:31.010000+00:00,1.297,100.069,201.7,4.6,mw,earthquake,reviewed
2013-04-05 17:35:28.850000+00:00,0.219,98.645,31.8,5.0,mw,earthquake,reviewed
2013-04-11 07:48:39.600000+00:00,1.173,97.189,34.7,4.2,mw,earthquake,reviewed
2013-04-12 02:19:30.520000+00:00,1.011,97.232,28.6,4.7,mw,earthquake,reviewed
2013-04-16 15:43:02.320000+00:00,-4.137,102.127,80.7,4.4,mw,earthquake,reviewed
2013-04-16 18:22:29.480000+00:00,-2.249,99.691,25.1,5.1,mw,earthquake,reviewed
2013-04-19 03:08:15.470000+00:00,4.891,96.094,39.7,4.4,mw,earthquake,reviewed
2013-04-19 15:58:58.450000+00:00,-2.986,100.132,35.0,4.4,mw,earthquake,reviewed
2013-04-19 22:04:00.570000+00:00,-0.997,101.613,270.1,4.1,mw,earthquake,reviewed
2013-04-20 06:35:53.920000+00:00,-5.232,103.635,70.5,4.6,mw,earthquake,reviewed
2013-04-20 07:47:00.840000+00:00,-3.428,100.777,47.3,4.6,mw,earthquake,reviewed
2013-04-20 15:19:05.840000+00:00,0.095,96.26,35.0,4.4,mw,earthquake,reviewed
2013-04-21 04:42:32.140000+00:00,1.313,97.161,30.8,4.3,mw,earthquake,reviewed
2013-04-21 23:05:02.560000+00:00,-4.413,104.551,201.6,4.6,mw,earthquake,reviewed
2013-04-27 05:32:22.180000+00:00,-3.413,101.418,35.5,4.4,mw,earthquake,reviewed
2013-04-27 10:03:11.650000+00:00,0.542,96.788,22.2,4.2,mw,earthquake,reviewed
2013-04-29 13:42:59.670000+00:00,3.886,95.918,61.1,5.1,mw,earthquake,reviewed
2013-05-03 19:43:11.890000+00:00,1.121,96.963,12.6,4.4,mw,earthquake,reviewed
2013-05-05 09:35:43.440000+00:00,4.807,96.001,29.2,4.4,mw,earthquake,reviewed
2013-05-07 10:09:49.880000+00:00,3.981,95.657,49.7,4.6,mw,earthquake,reviewed
2013-05-07 12:43:04.410000+00:00,-5.227,101.979,30.2,4.4,mw,earthquake,reviewed
2013-05-07 22:35:39.340000+00:00,1.319,98.339,77.5,4.5,mw,earthquake,reviewed
2013-05-15 09:48:34.920000+00:00,1.016,97.414,35.0,4.7,mw,earthquake,reviewed
2013-05-15 10:22:15.560000+00:00,0.986,97.401,35.9,4.9,mw,earthquake,reviewed
2013-05-15 16:22:31.210000+00:00,-2.223,102.24,56.8,4.1,mw,earthquake,reviewed
2013-05-15 19:59:40.880000+00:00,2.488,95.702,8.1,4.3,mw,earthquake,reviewed
2013-05-16 01:11:28.940000+00:00,0.031,100.414,164.8,4.8,mw,earthquake,reviewed
2013-05-17 21:27:56.060000+00:00,1.359,98.946,115.8,4.3,mw,earthquake,reviewed
2013-05-18 05:06:16.630000+00:00,1.336,96.949,25.0,4.3,mw,earthquake,reviewed
2013-05-22 12:47:51.420000+00:00,-1.005,99.94,84.3,4.6,mw,earthquake,reviewed
2013-05-22 19:31:00.020000+00:00,-3.288,102.331,28.5,4.3,mw,earthquake,reviewed
2013-05-25 07:19:47.840000+00:00,0.556,98.57,52.7,4.9,mw,earthquake,reviewed
2013-05-26 11:20:02.330000+00:00,-1.877,100.15,51.9,4.9,mw,earthquake,reviewed
2013-05-27 01:11:10.030000+00:00,-5.881,101.664,29.8,4.6,mw,earthquake,reviewed
2013-05-28 08:02:51.040000+00:00,4.889,96.071,35.0,4.1,mw,earthquake,reviewed
2013-05-28 14:12:42.770000+00:00,2.698,95.675,46.9,4.6,mw,earthquake,reviewed
2013-05-28 14:24:55.320000+00:00,2.582,95.553,22.5,4.6,mw,earthquake,reviewed
2013-05-29 04:35:19.010000+00:00,-5.013,102.198,34.3,5.0,mw,earthquake,reviewed
2013-05-30 18:36:59.880000+00:00,-3.952,99.495,20.1,5.4,mw,earthquake,reviewed
2013-06-03 15:31:02.940000+00:00,-4.942,102.381,41.3,5.2,mw,earthquake,reviewed
2013-06-11 02:30:36.360000+00:00,-1.78,100.281,35.4,5.1,mw,earthquake,reviewed
2013-06-12 14:25:05.890000+00:00,-1.551,100.605,85.6,4.9,mw,earthquake,reviewed
2013-06-16 00:44:40.160000+00:00,1.667,97.043,35.2,4.8,mw,earthquake,reviewed
2013-06-16 16:31:58.270000+00:00,-2.714,101.025,73.8,4.5,mw,earthquake,reviewed
2013-06-16 19:07:15.720000+00:00,-4.647,102.697,60.9,4.9,mw,earthquake,reviewed
2013-06-18 16:20:31.270000+00:00,-4.47,102.659,63.3,4.3,mw,earthquake,reviewed
2013-06-19 17:52:32.540000+00:00,-5.642,102.895,8.1,4.9,mw,earthquake,reviewed
2013-06-29 20:25:19.070000+00:00,-4.103,98.776,23.5,4.5,mw,earthquake,reviewed
2013-07-02 07:37:02.610000+00:00,4.645,96.665,13.0,6.1,mw,earthquake,reviewed
2013-07-02 07:51:45.990000+00:00,4.648,96.745,10.0,4.6,mw,earthquake,reviewed
2013-07-02 07:59:33.630000+00:00,4.65,96.525,10.0,4.4,mw,earthquake,reviewed
2013-07-02 08:21:37.560000+00:00,4.74,96.956,10.0,4.4,mw,earthquake,reviewed
2013-07-02 13:55:37.600000+00:00,4.664,96.65,10.0,5.5,mw,earthquake,reviewed
2013-07-02 15:36:43.390000+00:00,4.65,96.705,10.0,5.3,mw,earthquake,reviewed
2013-07-02 15:40:51.080000+00:00,4.647,96.746,18.3,4.5,mw,earthquake,reviewed
2013-07-03 03:25:46.800000+00:00,-5.666,103.468,85.6,4.2,mw,earthquake,reviewed
2013-07-04 17:40:46.680000+00:00,2.476,96.065,25.0,4.7,mw,earthquake,reviewed
2013-07-05 12:23:04.750000+00:00,-4.455,101.829,35.0,4.3,mw,earthquake,reviewed
2013-07-05 16:54:39.840000+00:00,2.56,98.74,17.3,4.7,mw,earthquake,reviewed
2013-07-06 05:05:06.650000+00:00,-3.269,100.564,21.0,6.0,mw,earthquake,reviewed
2013-07-07 19:17:21.840000+00:00,0.699,97.061,28.1,4.6,mw,earthquake,reviewed
2013-07-09 01:05:40.060000+00:00,2.146,96.261,32.3,4.7,mw,earthquake,reviewed
2013-07-09 17:04:15.390000+00:00,-3.359,100.458,17.5,5.6,mw,earthquake,reviewed
2013-07-09 17:14:19.180000+00:00,-3.395,100.344,7.8,5.2,mw,earthquake,reviewed
2013-07-09 17:22:58.320000+00:00,-3.46,100.251,15.3,4.9,mw,earthquake,reviewed
2013-07-09 17:33:03.780000+00:00,-3.514,100.152,7.8,4.2,mw,earthquake,reviewed
2013-07-10 15:57:19.750000+00:00,-1.986,99.393,10.5,4.2,mw,earthquake,reviewed
2013-07-11 07:16:24.650000+00:00,1.803,98.991,9.7,4.9,mw,earthquake,reviewed
2013-07-14 23:02:30.380000+00:00,-3.168,100.206,10.0,4.8,mw,earthquake,reviewed
2013-07-16 23:41:14.390000+00:00,5.375,97.969,29.3,5.4,mw,earthquake,reviewed
2013-07-17 22:57:08.180000+00:00,2.078,98.09,73.8,4.2,mw,earthquake,reviewed
2013-07-19 06:36:22.730000+00:00,2.429,98.895,145.6,4.3,mw,earthquake,reviewed
2013-07-20 17:50:40.430000+00:00,0.167,98.502,58.4,4.7,mw,earthquake,reviewed
2013-07-22 16:37:25.100000+00:00,-5.833,103.93,27.1,4.4,mw,earthquake,reviewed
2013-07-23 05:25:56.680000+00:00,-4.506,102.396,55.7,4.7,mw,earthquake,reviewed
2013-07-23 15:45:17.290000+00:00,-4.5996,102.6985,62.06,4.6,mw,earthquake,reviewed
2013-07-24 21:39:22.260000+00:00,-3.607,101.509,57.4,5.3,mw,earthquake,reviewed
2013-07-26 12:10:33.220000+00:00,0.823,97.172,29.1,4.4,mw,earthquake,reviewed
2013-07-26 14:36:20.210000+00:00,-0.372,99.216,55.8,5.0,mw,earthquake,reviewed
2013-07-26 17:39:48.060000+00:00,-2.629,99.519,15.1,4.4,mw,earthquake,reviewed
2013-08-07 05:15:03.730000+00:00,2.082,97.8628,52.71,4.9,mw,earthquake,reviewed
2013-08-07 06:23:57.550000+00:00,1.585,96.8429,30.09,4.7,mw,earthquake,reviewed
2013-08-08 03:03:18.500000+00:00,-0.4547,98.2662,44.64,4.3,mw,earthquake,reviewed
2013-08-08 07:48:46.920000+00:00,-2.2874,100.6721,66.11,4.7,mw,earthquake,reviewed
2013-08-09 19:22:10.770000+00:00,4.9711,96.0125,24.46,4.5,mw,earthquake,reviewed
2013-08-10 11:57:21.120000+00:00,-0.1907,100.0936,25.42,4.2,mw,earthquake,reviewed
2013-08-11 10:38:40.510000+00:00,-5.9879,102.7136,17.05,4.8,mw,earthquake,reviewed
2013-08-11 19:37:04.240000+00:00,2.1993,95.9101,25.39,4.2,mw,earthquake,reviewed
2013-08-13 18:10:21.710000+00:00,-4.0465,99.9896,15.66,4.4,mw,earthquake,reviewed
2013-08-14 02:10:33.820000+00:00,-5.2017,105.0159,185.35,4.5,mw,earthquake,reviewed
2013-08-14 20:07:23.420000+00:00,-3.2883,100.4032,19.18,5.1,mw,earthquake,reviewed
2013-08-16 18:18:27.010000+00:00,-2.6203,99.7545,28.77,4.5,mw,earthquake,reviewed
2013-08-22 17:51:42.110000+00:00,-3.4292,101.2485,44.76,4.5,mw,earthquake,reviewed
2013-08-22 18:30:01.460000+00:00,-2.147,100.7075,63.57,4.6,mw,earthquake,reviewed
2013-08-22 22:37:50.900000+00:00,-4.7331,103.0449,68.99,5.2,mw,earthquake,reviewed
2013-08-24 07:04:24.150000+00:00,-2.599,101.8481,68.65,4.3,mw,earthquake,reviewed
2013-08-24 12:04:18.880000+00:00,-3.1079,102.2868,100.09,4.8,mw,earthquake,reviewed
2013-08-25 04:00:04.580000+00:00,1.1821,95.8566,12.89,5.3,mw,earthquake,reviewed
2013-08-27 09:57:52.260000+00:00,1.1673,97.0827,35.8,4.2,mw,earthquake,reviewed
2013-08-28 05:43:25.380000+00:00,-2.0273,100.7661,62.95,5.4,mw,earthquake,reviewed
2013-08-28 06:40:12.380000+00:00,1.2868,97.0549,28.64,4.4,mw,earthquake,reviewed
2013-08-30 04:40:48.570000+00:00,1.1459,99.9575,207.58,4.6,mw,earthquake,reviewed
2013-08-30 09:01:34.520000+00:00,-3.0119,101.2724,37.04,4.2,mw,earthquake,reviewed
2013-08-30 09:01:44.930000+00:00,2.4723,95.9747,28.85,4.2,mw,earthquake,reviewed
2013-09-04 09:11:57.580000+00:00,2.7935,98.9843,161.43,4.9,mw,earthquake,reviewed
2013-09-04 23:32:40.350000+00:00,2.4924,96.0671,28.13,4.8,mw,earthquake,reviewed
2013-09-05 07:13:43.350000+00:00,2.0333,96.6959,49.8,4.7,mw,earthquake,reviewed
2013-09-07 12:06:52.930000+00:00,-1.5962,99.5547,40.07,4.6,mw,earthquake,reviewed
2013-09-18 14:29:16.540000+00:00,3.4207,97.4962,86.65,5.0,mw,earthquake,reviewed
2013-09-18 16:22:06.010000+00:00,1.9983,96.4953,15.44,4.7,mw,earthquake,reviewed
2013-09-19 14:12:34.230000+00:00,-5.4054,102.004,30.6,4.4,mw,earthquake,reviewed
2013-09-20 15:08:39.860000+00:00,-3.6659,100.5439,35.6,4.6,mw,earthquake,reviewed
2013-09-21 17:15:22.970000+00:00,-0.4008,98.6184,34.15,4.3,mw,earthquake,reviewed
2013-09-22 10:36:38.870000+00:00,-0.4465,98.3426,45.46,4.6,mw,earthquake,reviewed
2013-09-26 18:24:10.630000+00:00,1.9982,96.6962,27.47,4.8,mw,earthquake,reviewed
2013-09-26 20:09:32.360000+00:00,1.6228,96.9075,30.31,4.7,mw,earthquake,reviewed
2013-09-28 18:08:21.960000+00:00,-4.1199,101.8706,70.85,4.8,mw,earthquake,reviewed
2013-09-29 23:00:25.090000+00:00,1.9622,99.133,141.58,4.5,mw,earthquake,reviewed
2013-09-30 08:40:26.460000+00:00,0.7331,97.3862,27.93,4.4,mw,earthquake,reviewed
2013-09-30 20:46:10.830000+00:00,2.2741,96.3852,44.99,4.6,mw,earthquake,reviewed
2013-10-02 23:33:38.170000+00:00,-2.8822,100.0716,36.84,4.6,mw,earthquake,reviewed
2013-10-04 10:18:21.590000+00:00,4.147,97.202,68.78,4.4,mw,earthquake,reviewed
2013-10-05 01:02:40.770000+00:00,-0.5399,98.7956,52.36,4.2,mw,earthquake,reviewed
2013-10-05 21:29:32.570000+00:00,-3.5335,100.6274,27.06,4.9,mw,earthquake,reviewed
2013-10-10 19:20:15.930000+00:00,-3.8833,103.2251,166.45,4.5,mw,earthquake,reviewed
2013-10-11 13:12:57.830000+00:00,-5.7979,103.0884,37.58,5.4,mw,earthquake,reviewed
2013-10-13 17:32:45.610000+00:00,3.9633,95.8634,46.0,5.6,mw,earthquake,reviewed
2013-10-14 23:56:23.440000+00:00,-1.9733,100.37,42.3,5.1,mw,earthquake,reviewed
2013-10-15 12:57:09.660000+00:00,3.939,95.9038,55.36,4.9,mw,earthquake,reviewed
2013-10-16 23:50:19.120000+00:00,-3.5472,100.5572,32.34,4.5,mw,earthquake,reviewed
2013-10-20 00:29:42.210000+00:00,-1.8643,100.3645,59.68,4.7,mw,earthquake,reviewed
2013-10-20 05:35:15.110000+00:00,-1.1636,99.8633,71.39,4.2,mw,earthquake,reviewed
2013-10-22 05:40:39.100000+00:00,5.1033,95.9709,9.75,5.4,mw,earthquake,reviewed
2013-10-22 14:16:13.470000+00:00,5.0818,95.9995,45.89,4.7,mw,earthquake,reviewed
2013-10-23 06:52:13.670000+00:00,2.191,96.1985,40.18,4.3,mw,earthquake,reviewed
2013-10-23 09:19:59.620000+00:00,5.2605,95.5502,40.55,4.5,mw,earthquake,reviewed
2013-10-23 09:25:09.700000+00:00,2.1517,96.2688,34.99,4.4,mw,earthquake,reviewed
2013-10-25 18:12:49.680000+00:00,2.3999,96.0184,32.94,4.5,mw,earthquake,reviewed
2013-10-26 19:00:43.610000+00:00,1.7829,97.1898,35.0,4.3,mw,earthquake,reviewed
2013-10-27 15:18:05.780000+00:00,-1.2011,99.7323,54.08,4.6,mw,earthquake,reviewed
2013-10-28 00:20:02.140000+00:00,-4.3399,102.9446,77.78,4.5,mw,earthquake,reviewed
2013-10-28 19:28:15.320000+00:00,3.6487,97.393,123.46,4.6,mw,earthquake,reviewed
2013-10-28 23:27:47.650000+00:00,-4.6778,103.1095,66.73,4.8,mw,earthquake,reviewed
2013-10-31 10:46:21.890000+00:00,-0.011,97.3602,26.95,4.3,mw,earthquake,reviewed
2013-11-01 18:57:02.820000+00:00,-5.5637,105.3945,183.11,4.6,mw,earthquake,reviewed
2013-11-13 22:36:04.730000+00:00,2.4736,95.8804,27.72,4.8,mw,earthquake,reviewed
2013-11-14 06:54:32.980000+00:00,-0.8085,99.8157,78.69,4.7,mw,earthquake,reviewed
2013-11-16 19:58:28.460000+00:00,1.8544,97.7117,35.0,4.4,mw,earthquake,reviewed
2013-11-17 02:42:23.590000+00:00,-3.8349,101.7961,49.78,4.3,mw,earthquake,reviewed
2013-11-19 20:22:43.750000+00:00,1.2945,97.1165,16.42,5.2,mw,earthquake,reviewed
2013-11-22 19:23:44.970000+00:00,-4.9794,103.1077,95.89,4.6,mw,earthquake,reviewed
2013-11-27 00:14:37.850000+00:00,4.3394,95.9159,32.57,4.1,mw,earthquake,reviewed
2013-11-28 16:02:54.060000+00:00,0.2604,98.562,51.39,5.2,mw,earthquake,reviewed
2013-11-29 04:32:39.260000+00:00,2.3814,98.9753,4.32,4.5,mw,earthquake,reviewed
2013-12-01 06:29:57.800000+00:00,2.044,96.8261,20.0,6.0,mw,earthquake,reviewed
2013-12-01 07:17:48.620000+00:00,1.9648,96.7706,10.0,4.5,mw,earthquake,reviewed
2013-12-01 09:06:21.840000+00:00,1.9732,96.6799,30.27,4.4,mw,earthquake,reviewed
2013-12-01 09:36:20.290000+00:00,-4.4793,102.1823,49.32,4.8,mw,earthquake,reviewed
2013-12-02 07:34:55.930000+00:00,2.0338,96.6783,18.08,5.4,mw,earthquake,reviewed
2013-12-02 08:32:03.820000+00:00,2.0681,96.6485,10.0,4.5,mw,earthquake,reviewed
2013-12-02 13:41:48.500000+00:00,1.9824,96.5641,30.39,4.6,mw,earthquake,reviewed
2013-12-04 22:19:37.330000+00:00,2.6984,95.5755,27.89,4.4,mw,earthquake,reviewed
2013-12-06 18:49:36.830000+00:00,-0.5653,96.2457,29.81,5.0,mw,earthquake,reviewed
2013-12-07 18:42:37.090000+00:00,0.3673,99.7163,20.08,4.3,mw,earthquake,reviewed
2013-12-10 02:09:25.780000+00:00,3.7587,95.9423,58.28,4.6,mw,earthquake,reviewed
2013-12-10 04:27:13.290000+00:00,-5.7271,101.9974,11.62,5.4,mw,earthquake,reviewed
2013-12-10 13:14:05.280000+00:00,-1.8413,100.6788,51.41,4.6,mw,earthquake,reviewed
2013-12-10 14:26:49.240000+00:00,1.1476,96.7812,28.14,4.5,mw,earthquake,reviewed
2013-12-11 06:57:50.820000+00:00,3.8927,95.5738,39.58,4.3,mw,earthquake,reviewed
2013-12-19 23:18:05.500000+00:00,-1.6262,99.2911,41.96,4.5,mw,earthquake,reviewed
2013-12-20 16:18:01.080000+00:00,4.1705,96.529,109.18,4.6,mw,earthquake,reviewed
2013-12-20 21:10:47.350000+00:00,4.242,96.2285,90.23,5.2,mw,earthquake,reviewed
2013-12-23 07:16:40.710000+00:00,-1.5077,100.4273,35.16,4.8,mw,earthquake,reviewed
2013-12-26 02:14:25.180000+00:00,-2.3076,100.5373,61.89,4.5,mw,earthquake,reviewed
2013-12-26 23:23:15.680000+00:00,4.9067,96.2123,56.56,4.5,mw,earthquake,reviewed
2013-12-27 04:18:32.120000+00:00,0.0317,97.495,8.76,4.7,mw,earthquake,reviewed
2013-12-27 09:30:59.670000+00:00,-2.5787,102.1366,172.66,4.5,mw,earthquake,reviewed
2013-12-28 15:25:17.180000+00:00,4.7933,95.7445,9.9,4.7,mw,earthquake,reviewed
2013-12-29 00:10:15.910000+00:00,2.5677,95.6983,33.09,4.3,mw,earthquake,reviewed
2013-12-30 07:43:47.830000+00:00,3.7699,95.7951,35.16,4.5,mw,earthquake,reviewed
2014-01-01 19:17:56.090000+00:00,4.5344,95.7415,94.56,4.4,mw,earthquake,reviewed
2014-01-01 21:11:33.410000+00:00,0.9787,97.0082,16.71,4.6,mw,earthquake,reviewed
2014-01-03 07:50:32.620000+00:00,-5.7607,103.7902,68.51,4.1,mw,earthquake,reviewed
2014-01-03 07:51:20.780000+00:00,-5.7344,103.5423,64.75,4.8,mw,earthquake,reviewed
2014-01-03 08:20:46.940000+00:00,-5.1757,103.3306,71.73,4.8,mw,earthquake,reviewed
2014-01-03 09:14:31.070000+00:00,-5.7796,103.4633,57.87,4.1,mw,earthquake,reviewed
2014-01-03 14:17:50.680000+00:00,-5.8842,103.4526,64.73,4.9,mw,earthquake,reviewed
2014-01-03 20:58:49.040000+00:00,-5.8692,103.5606,62.12,4.6,mw,earthquake,reviewed
2014-01-05 11:32:11.060000+00:00,-5.9326,105.3544,56.92,5.2,mw,earthquake,reviewed
2014-01-07 18:06:13.330000+00:00,0.4856,98.4544,51.65,4.7,mw,earthquake,reviewed
2014-01-07 20:59:45.530000+00:00,3.7823,96.0612,76.45,4.5,mw,earthquake,reviewed
2014-01-11 02:09:07.450000+00:00,-0.6035,97.4218,27.93,4.6,mw,earthquake,reviewed
2014-01-20 04:45:13.560000+00:00,-4.9237,102.8534,65.01,5.0,mw,earthquake,reviewed
2014-01-27 12:11:13.060000+00:00,-4.6859,103.4611,59.45,4.4,mw,earthquake,reviewed
2014-01-29 21:39:40.670000+00:00,-4.4299,100.8386,17.32,4.6,mw,earthquake,reviewed
2014-01-31 19:19:46.340000+00:00,2.5005,95.735,28.91,4.4,mw,earthquake,reviewed
2014-02-01 04:47:32.890000+00:00,-3.835,99.7934,30.69,4.3,mw,earthquake,reviewed
2014-02-12 16:26:45.490000+00:00,-3.4343,101.5997,56.0,4.8,mw,earthquake,reviewed
2014-02-12 20:18:40.600000+00:00,2.4055,99.0566,153.87,4.2,mw,earthquake,reviewed
2014-02-18 14:59:39.020000+00:00,0.3158,97.6767,28.81,4.5,mw,earthquake,reviewed
2014-02-22 11:45:35.500000+00:00,1.1422,97.1218,10.0,4.8,mw,earthquake,reviewed
2014-02-22 12:40:24.770000+00:00,1.1274,97.0973,34.92,4.5,mw,earthquake,reviewed
2014-02-22 17:27:59.300000+00:00,1.0765,97.2362,28.02,5.2,mw,earthquake,reviewed
2014-02-22 17:29:48.740000+00:00,1.2069,97.2622,12.46,5.3,mw,earthquake,reviewed
2014-02-23 01:00:42.670000+00:00,-1.003,98.3686,30.5,4.5,mw,earthquake,reviewed
2014-02-23 01:47:06.560000+00:00,1.1912,97.129,26.88,4.9,mw,earthquake,reviewed
2014-02-24 12:59:05.220000+00:00,0.8383,97.0354,10.0,4.4,mw,earthquake,reviewed
2014-02-27 13:49:27.680000+00:00,-2.4983,99.5232,33.92,4.5,mw,earthquake,reviewed
2014-03-03 10:17:48.230000+00:00,-4.1515,102.6219,104.38,4.4,mw,earthquake,reviewed
2014-03-05 03:11:08.570000+00:00,0.9112,98.6475,76.32,4.4,mw,earthquake,reviewed
2014-03-07 16:14:53.880000+00:00,-4.556,103.8116,117.79,5.3,mw,earthquake,reviewed
2014-03-09 17:24:12.100000+00:00,-4.422,102.1406,58.72,4.8,mw,earthquake,reviewed
2014-03-10 05:59:01.590000+00:00,-5.4231,104.4873,122.45,4.3,mw,earthquake,reviewed
2014-03-10 11:20:24.520000+00:00,3.9074,96.9584,108.86,4.3,mw,earthquake,reviewed
2014-03-13 02:28:10.800000+00:00,1.9374,96.6002,27.91,4.6,mw,earthquake,reviewed
2014-03-15 04:09:42.400000+00:00,0.6209,98.1881,52.23,4.3,mw,earthquake,reviewed
2014-03-15 09:37:27.740000+00:00,-3.9902,100.4282,13.96,5.4,mw,earthquake,reviewed
2014-03-15 09:43:22.990000+00:00,-4.13,100.3688,14.23,4.9,mw,earthquake,reviewed
2014-03-15 10:58:46.160000+00:00,2.8381,99.0717,171.61,5.4,mw,earthquake,reviewed
2014-03-17 00:35:26.500000+00:00,-4.0976,100.3974,11.4,5.0,mw,earthquake,reviewed
2014-03-18 10:15:57.650000+00:00,1.1724,97.181,41.24,4.3,mw,earthquake,reviewed
2014-03-19 07:36:06.710000+00:00,1.7289,97.1137,48.81,4.7,mw,earthquake,reviewed
2014-03-21 18:46:59.280000+00:00,0.6412,99.8453,155.55,4.4,mw,earthquake,reviewed
2014-03-23 23:56:43.100000+00:00,-4.1454,102.4994,41.69,4.5,mw,earthquake,reviewed
2014-03-24 01:32:54.720000+00:00,3.9185,95.8938,44.23,4.9,mw,earthquake,reviewed
2014-03-24 15:46:32.610000+00:00,-3.3815,104.0142,292.74,4.8,mw,earthquake,reviewed
2014-03-28 09:37:31.250000+00:00,-5.9159,105.0046,91.94,4.1,mw,earthquake,reviewed
2014-03-28 23:48:21.940000+00:00,-5.5029,102.3248,21.95,4.1,mw,earthquake,reviewed
2014-03-30 18:23:33.040000+00:00,-3.6012,102.4349,105.3,4.2,mw,earthquake,reviewed
2014-03-31 04:11:59.320000+00:00,-2.0086,100.3379,53.34,4.8,mw,earthquake,reviewed
2014-03-31 04:13:43.590000+00:00,-4.7821,103.9855,45.13,4.3,mw,earthquake,reviewed
2014-03-31 04:14:00.280000+00:00,-4.6725,104.2329,52.86,4.9,mw,earthquake,reviewed
2014-03-31 04:37:20.200000+00:00,-4.9721,103.8466,37.56,4.5,mw,earthquake,reviewed
2014-03-31 15:08:05.110000+00:00,-4.9951,103.6932,38.23,4.5,mw,earthquake,reviewed
2014-03-31 15:45:38.080000+00:00,-3.3649,104.0439,35.0,4.2,mw,earthquake,reviewed
2014-04-01 11:39:18+00:00,5.3703,95.5948,10.0,4.5,mw,earthquake,reviewed
2014-04-03 01:43:15.310000+00:00,-1.9136,101.4108,87.44,4.1,mw,earthquake,reviewed
2014-04-03 09:30:24.930000+00:00,-5.2416,102.2802,44.12,5.7,mw,earthquake,reviewed
2014-04-03 10:46:28.900000+00:00,-5.3476,102.0759,38.54,4.4,mw,earthquake,reviewed
2014-04-06 05:30:06.270000+00:00,1.3815,98.8695,100.22,4.4,mw,earthquake,reviewed
2014-04-06 18:39:22.720000+00:00,-4.3934,104.6568,216.38,4.1,mw,earthquake,reviewed
2014-04-08 00:57:25.330000+00:00,4.9936,96.2149,54.07,4.4,mw,earthquake,reviewed
2014-04-09 16:43:15.090000+00:00,3.1018,95.9427,39.57,4.7,mw,earthquake,reviewed
2014-04-11 04:46:56.690000+00:00,-5.3776,102.4379,33.52,4.3,mw,earthquake,reviewed
2014-04-11 09:13:58.890000+00:00,-1.5933,97.5907,31.38,4.4,mw,earthquake,reviewed
2014-04-13 05:48:06.260000+00:00,2.5528,95.565,27.11,4.2,mw,earthquake,reviewed
2014-04-14 16:16:21.440000+00:00,3.9276,96.7947,92.78,4.8,mw,earthquake,reviewed
2014-04-15 15:12:24.110000+00:00,0.0857,97.6886,29.16,4.4,mw,earthquake,reviewed
2014-04-16 06:26:39.520000+00:00,-4.9366,102.7055,58.64,4.9,mw,earthquake,reviewed
2014-04-20 08:43:51.930000+00:00,0.6258,98.3891,43.07,5.5,mw,earthquake,reviewed
2014-04-23 10:32:28.170000+00:00,-5.3647,102.7644,35.0,4.6,mw,earthquake,reviewed
2014-04-24 18:58:18.960000+00:00,1.2021,96.9936,23.71,4.3,mw,earthquake,reviewed
2014-04-26 07:56:50.470000+00:00,0.5144,98.4862,55.9,5.0,mw,earthquake,reviewed
2014-05-01 14:35:37.060000+00:00,1.9623,97.9671,37.0,5.9,mw,earthquake,reviewed
2014-05-03 14:47:04.760000+00:00,1.8734,97.8773,43.42,5.5,mw,earthquake,reviewed
2014-05-03 20:56:02.560000+00:00,-5.7578,102.5307,26.36,4.4,mw,earthquake,reviewed
2014-05-04 18:16:34.800000+00:00,-4.1659,102.5341,99.0,4.5,mw,earthquake,reviewed
2014-05-05 15:06:29.250000+00:00,2.1223,96.2552,27.82,4.4,mw,earthquake,reviewed
2014-05-06 16:33:39.940000+00:00,-1.0619,98.8474,30.78,4.6,mw,earthquake,reviewed
2014-05-09 17:51:27.300000+00:00,-4.9321,102.9341,61.95,4.5,mw,earthquake,reviewed
2014-05-09 20:00:49.320000+00:00,4.8804,95.8795,36.89,4.7,mw,earthquake,reviewed
2014-05-10 09:54:55.540000+00:00,5.3921,96.127,62.12,4.7,mw,earthquake,reviewed
2014-05-10 19:15:45.270000+00:00,2.4958,95.9362,33.54,4.4,mw,earthquake,reviewed
2014-05-12 15:23:18.900000+00:00,4.8635,96.4393,41.94,4.5,mw,earthquake,reviewed
2014-05-13 15:34:46.490000+00:00,-4.7685,102.9379,63.09,4.7,mw,earthquake,reviewed
2014-05-14 06:41:40.510000+00:00,-5.6705,103.0366,47.23,4.9,mw,earthquake,reviewed
2014-05-16 21:20:24+00:00,-4.9819,102.9751,63.32,5.1,mw,earthquake,reviewed
2014-05-17 09:25:28.070000+00:00,-1.281,99.4351,30.17,4.4,mw,earthquake,reviewed
2014-05-18 16:42:47.250000+00:00,-3.3403,98.4453,21.84,4.6,mw,earthquake,reviewed
2014-05-22 20:00:01.570000+00:00,2.1686,96.5833,61.13,4.9,mw,earthquake,reviewed
2014-05-22 20:48:05.590000+00:00,-5.05,102.8286,55.62,4.6,mw,earthquake,reviewed
2014-05-23 06:28:24.100000+00:00,-5.0391,102.5431,35.0,4.3,mw,earthquake,reviewed
2014-05-26 04:23:21.100000+00:00,1.406,97.2422,39.25,4.5,mw,earthquake,reviewed
2014-05-26 05:45:14.530000+00:00,-0.8204,97.2185,27.5,4.2,mw,earthquake,reviewed
2014-05-26 12:23:00.160000+00:00,2.5792,95.9051,29.05,4.8,mw,earthquake,reviewed
2014-05-27 06:49:10.020000+00:00,4.6703,96.3089,23.48,4.6,mw,earthquake,reviewed
2014-05-27 13:58:35.210000+00:00,1.7965,96.8686,28.73,4.7,mw,earthquake,reviewed
2014-05-29 23:30:30.770000+00:00,-5.9019,103.4578,5.59,4.6,mw,earthquake,reviewed
2014-05-30 19:26:58.760000+00:00,-2.331,102.1731,195.46,4.8,mw,earthquake,reviewed
2014-05-31 14:10:02.650000+00:00,3.9356,95.7758,65.47,4.1,mw,earthquake,reviewed
2014-06-01 11:16:37.610000+00:00,-4.4297,102.613,62.58,4.9,mw,earthquake,reviewed
2014-06-01 18:31:44.180000+00:00,2.0846,96.1665,33.66,4.4,mw,earthquake,reviewed
2014-06-02 01:55:36.730000+00:00,-0.8069,97.1204,10.0,4.5,mw,earthquake,reviewed
2014-06-02 11:17:49.280000+00:00,-5.8239,103.4422,37.14,4.5,mw,earthquake,reviewed
2014-06-03 12:09:22.180000+00:00,1.9106,96.6468,28.28,4.3,mw,earthquake,reviewed
2014-06-05 08:11:54.490000+00:00,4.4399,96.5079,16.32,4.8,mw,earthquake,reviewed
2014-06-08 13:48:14.810000+00:00,1.4892,99.5165,151.75,4.4,mw,earthquake,reviewed
2014-06-11 12:56:26.900000+00:00,-0.695,100.1602,51.06,4.5,mw,earthquake,reviewed
2014-06-13 00:47:00.200000+00:00,-4.7243,103.4552,147.45,4.3,mw,earthquake,reviewed
2014-06-15 11:35:20.020000+00:00,-2.2371,100.682,72.1,4.9,mw,earthquake,reviewed
2014-06-16 05:16:30.490000+00:00,-2.033,99.7237,27.48,4.5,mw,earthquake,reviewed
2014-06-16 23:15:01.590000+00:00,2.713,96.4592,35.0,4.9,mw,earthquake,reviewed
2014-06-17 16:04:43.050000+00:00,1.1765,97.0662,36.22,5.1,mw,earthquake,reviewed
2014-06-18 05:41:32.010000+00:00,-0.4821,99.1003,74.17,4.7,mw,earthquake,reviewed
2014-06-18 13:17:39.830000+00:00,-2.6745,100.4407,60.6,4.7,mw,earthquake,reviewed
2014-06-19 00:51:17.420000+00:00,-2.7778,102.3715,169.66,5.2,mw,earthquake,reviewed
2014-06-19 17:44:20.110000+00:00,-2.3446,100.654,66.42,4.3,mw,earthquake,reviewed
2014-06-21 02:58:07.410000+00:00,-4.6474,102.4778,58.73,4.3,mw,earthquake,reviewed
2014-06-21 23:05:10.650000+00:00,-4.9541,102.141,28.05,4.4,mw,earthquake,reviewed
2014-06-22 01:03:28.810000+00:00,-3.4306,100.6978,36.94,4.4,mw,earthquake,reviewed
2014-06-22 02:59:15.790000+00:00,0.1608,98.5436,57.33,4.6,mw,earthquake,reviewed
2014-06-23 08:20:53.610000+00:00,-1.4012,100.1112,35.0,4.3,mw,earthquake,reviewed
2014-06-25 12:58:33.960000+00:00,1.6725,96.85,30.03,4.3,mw,earthquake,reviewed
2014-06-27 07:35:11.510000+00:00,4.9086,96.0377,8.6,4.7,mw,earthquake,reviewed
2014-06-29 02:32:36.150000+00:00,1.9738,96.7444,27.93,4.3,mw,earthquake,reviewed
2014-06-30 21:58:54.470000+00:00,-1.8885,99.2471,23.48,5.0,mw,earthquake,reviewed
2014-07-03 04:36:29.100000+00:00,-4.4308,102.5577,62.3,4.2,mw,earthquake,reviewed
2014-07-03 15:10:34.640000+00:00,-5.8425,102.9363,45.05,4.5,mw,earthquake,reviewed
2014-07-05 09:39:27.790000+00:00,1.9335,96.9388,20.0,6.0,mw,earthquake,reviewed
2014-07-05 10:02:13.590000+00:00,1.6992,97.0455,29.15,4.8,mw,earthquake,reviewed
2014-07-05 11:16:39.690000+00:00,1.8086,96.902,28.48,4.5,mw,earthquake,reviewed
2014-07-05 16:00:22.610000+00:00,1.2756,97.0396,28.81,4.4,mw,earthquake,reviewed
2014-07-06 05:24:14.030000+00:00,-1.9604,99.6969,26.81,4.5,mw,earthquake,reviewed
2014-07-06 16:20:09.280000+00:00,2.0151,96.1579,25.03,4.5,mw,earthquake,reviewed
2014-07-08 17:31:16.430000+00:00,4.8798,96.1036,10.84,4.8,mw,earthquake,reviewed
2014-07-09 01:22:49.300000+00:00,-1.8439,100.4053,66.89,4.5,mw,earthquake,reviewed
2014-07-11 04:24:46.280000+00:00,-4.5472,102.6075,54.94,4.7,mw,earthquake,reviewed
2014-07-11 17:26:44.210000+00:00,0.4644,98.4177,47.75,4.6,mw,earthquake,reviewed
2014-07-12 06:30:31.380000+00:00,1.2677,97.0582,23.76,4.7,mw,earthquake,reviewed
2014-07-12 20:57:29.470000+00:00,-1.7518,100.2514,58.94,4.4,mw,earthquake,reviewed
2014-07-13 15:07:00.680000+00:00,-2.1663,100.0392,40.9,5.1,mw,earthquake,reviewed
2014-07-14 22:27:45.080000+00:00,1.2079,96.9451,27.49,4.4,mw,earthquake,reviewed
2014-07-15 01:00:09.390000+00:00,1.2411,96.9754,22.67,4.4,mw,earthquake,reviewed
2014-07-16 02:17:30.670000+00:00,2.3838,99.0054,148.67,4.4,mw,earthquake,reviewed
2014-07-22 00:39:56.500000+00:00,0.0044,98.2814,50.83,4.5,mw,earthquake,reviewed
2014-07-22 20:53:20.620000+00:00,-4.6657,101.7388,40.51,4.5,mw,earthquake,reviewed
2014-07-26 16:15:43.380000+00:00,-5.2593,102.6106,43.32,4.5,mw,earthquake,reviewed
2014-07-26 17:09:10.970000+00:00,0.5807,98.6763,79.65,4.6,mw,earthquake,reviewed
2014-07-27 08:04:34.120000+00:00,1.9557,99.0251,132.83,4.3,mw,earthquake,reviewed
2014-07-28 09:27:00.530000+00:00,1.7141,99.5338,182.0,4.3,mw,earthquake,reviewed
2014-07-29 20:51:31.500000+00:00,1.526,99.6668,182.4,4.4,mw,earthquake,reviewed
2014-08-01 03:10:07.200000+00:00,4.5341,96.4834,34.53,4.9,mw,earthquake,reviewed
2014-08-01 07:48:40.670000+00:00,-1.8062,101.3844,96.52,4.2,mw,earthquake,reviewed
2014-08-01 21:25:23.430000+00:00,-3.1415,101.1732,56.94,5.0,mw,earthquake,reviewed
2014-08-02 02:16:51.050000+00:00,0.8382,97.0954,28.92,4.2,mw,earthquake,reviewed
2014-08-03 21:45:07.250000+00:00,2.3848,98.9562,140.32,4.5,mw,earthquake,reviewed
2014-08-04 02:24:15.460000+00:00,-3.552,102.1677,63.41,4.4,mw,earthquake,reviewed
2014-08-04 12:09:47.510000+00:00,0.156,98.6285,56.04,5.1,mw,earthquake,reviewed
2014-08-07 19:26:02.110000+00:00,3.4758,96.2909,64.47,4.3,mw,earthquake,reviewed
2014-08-08 16:57:01.040000+00:00,2.4268,99.0692,151.69,4.6,mw,earthquake,reviewed
2014-08-09 14:55:24.740000+00:00,-3.005,105.6364,14.89,4.3,mw,earthquake,reviewed
2014-08-11 13:05:38.680000+00:00,1.8499,95.6051,28.41,4.4,mw,earthquake,reviewed
2014-08-15 20:48:47.430000+00:00,2.1559,96.2826,26.89,4.5,mw,earthquake,reviewed
2014-08-16 03:10:09.020000+00:00,-0.483,98.1232,32.25,4.6,mw,earthquake,reviewed
2014-08-17 16:08:30.730000+00:00,1.4228,96.9214,26.32,4.5,mw,earthquake,reviewed
2014-08-18 00:56:52.010000+00:00,0.2882,100.0955,166.34,4.7,mw,earthquake,reviewed
2014-08-23 19:22:52.630000+00:00,0.9683,97.0452,10.0,4.7,mw,earthquake,reviewed
2014-08-23 19:31:56.700000+00:00,0.9162,97.0848,10.0,4.7,mw,earthquake,reviewed
2014-08-23 19:54:02.520000+00:00,0.9972,97.0389,10.0,4.7,mw,earthquake,reviewed
2014-08-25 10:31:34.030000+00:00,-5.6779,103.0421,57.74,4.7,mw,earthquake,reviewed
2014-08-27 10:07:29.560000+00:00,-2.5892,101.9073,150.33,4.4,mw,earthquake,reviewed
2014-08-27 22:09:42.660000+00:00,0.8665,97.7233,34.2,4.3,mw,earthquake,reviewed
2014-08-28 19:15:29.430000+00:00,2.033,99.0194,135.17,4.1,mw,earthquake,reviewed
2014-08-29 09:41:16.670000+00:00,-2.5457,100.0254,35.0,4.5,mw,earthquake,reviewed
2014-08-30 17:43:43.810000+00:00,-0.6207,99.1103,63.28,4.5,mw,earthquake,reviewed
2014-08-31 05:58:27.720000+00:00,2.0137,96.6477,39.19,4.4,mw,earthquake,reviewed
2014-08-31 17:56:36.400000+00:00,3.3674,96.4877,65.12,4.2,mw,earthquake,reviewed
2014-09-01 18:54:57.900000+00:00,-3.9892,103.2504,36.71,4.8,mw,earthquake,reviewed
2014-09-02 20:55:25.040000+00:00,4.5259,95.5235,74.99,4.3,mw,earthquake,reviewed
2014-09-04 07:28:46.390000+00:00,1.8714,99.0596,132.37,4.6,mw,earthquake,reviewed
2014-09-05 11:20:02.540000+00:00,1.6672,98.949,117.86,4.5,mw,earthquake,reviewed
2014-09-07 18:13:28.420000+00:00,1.9942,99.0079,136.1,4.4,mw,earthquake,reviewed
2014-09-08 19:07:00.590000+00:00,1.1163,100.0274,201.9,5.0,mw,earthquake,reviewed
2014-09-10 17:46:19.210000+00:00,-0.6731,100.5349,31.43,4.9,mw,earthquake,reviewed
2014-09-10 17:52:19.190000+00:00,-0.8013,100.6717,35.0,4.4,mw,earthquake,reviewed
2014-09-10 17:56:11.080000+00:00,-0.6253,100.6681,35.0,4.2,mw,earthquake,reviewed
2014-09-11 02:23:57.790000+00:00,0.7628,99.611,137.92,4.4,mw,earthquake,reviewed
2014-09-13 10:48:20.280000+00:00,-5.7742,103.9538,100.97,4.2,mw,earthquake,reviewed
2014-09-13 13:02:59.930000+00:00,-4.4021,102.6133,60.55,5.0,mw,earthquake,reviewed
2014-09-14 04:52:26.940000+00:00,1.1462,97.2556,36.63,5.4,mw,earthquake,reviewed
2014-09-14 12:43:02.930000+00:00,-4.3327,100.7725,14.98,4.2,mw,earthquake,reviewed
2014-09-14 13:35:04.220000+00:00,-1.8909,100.3972,61.78,4.6,mw,earthquake,reviewed
2014-09-14 16:34:22.650000+00:00,1.1309,97.2441,38.59,5.2,mw,earthquake,reviewed
2014-09-17 02:29:49.240000+00:00,-4.6839,102.4717,50.48,5.1,mw,earthquake,reviewed
2014-09-19 09:28:07.170000+00:00,1.3957,97.7492,35.0,4.3,mw,earthquake,reviewed
2014-09-22 14:44:12.650000+00:00,-0.7291,98.4627,36.84,4.8,mw,earthquake,reviewed
2014-09-24 12:06:09.260000+00:00,4.2461,95.6838,80.97,4.6,mw,earthquake,reviewed
2014-09-25 22:48:57.350000+00:00,3.002,96.2328,63.91,4.6,mw,earthquake,reviewed
2014-09-26 22:11:47.660000+00:00,-3.9161,102.4466,58.0,4.3,mw,earthquake,reviewed
2014-09-27 02:48:59.820000+00:00,-4.6802,102.0664,41.96,4.5,mw,earthquake,reviewed
2014-09-27 08:55:41.380000+00:00,4.9444,96.5154,59.81,4.2,mw,earthquake,reviewed
2014-09-27 11:53:47.020000+00:00,-4.6702,104.1767,98.22,4.5,mw,earthquake,reviewed
2014-10-05 12:05:11.370000+00:00,0.6676,98.6943,77.22,4.6,mw,earthquake,reviewed
2014-10-10 03:44:08.360000+00:00,-5.4142,102.7148,45.74,4.4,mw,earthquake,reviewed
2014-10-11 23:55:24.730000+00:00,1.8193,99.1251,24.49,4.4,mw,earthquake,reviewed
2014-10-12 01:28:57.270000+00:00,1.9135,99.0413,47.97,4.3,mw,earthquake,reviewed
2014-10-12 10:59:17.750000+00:00,-2.2658,99.2838,20.34,4.6,mw,earthquake,reviewed
2014-10-12 11:45:24.690000+00:00,-2.3961,99.282,30.21,4.3,mw,earthquake,reviewed
2014-10-13 09:23:08.780000+00:00,2.3211,96.2292,41.38,4.8,mw,earthquake,reviewed
2014-10-13 13:55:07.530000+00:00,5.0804,95.9419,40.97,4.4,mw,earthquake,reviewed
2014-10-15 04:41:13.850000+00:00,-5.44,104.2121,102.25,4.1,mw,earthquake,reviewed
2014-10-16 00:56:30.690000+00:00,1.0484,97.221,26.76,5.2,mw,earthquake,reviewed
2014-10-17 09:37:39.950000+00:00,0.5285,98.2298,35.0,4.6,mw,earthquake,reviewed
2014-10-17 23:46:15.130000+00:00,-5.7866,104.6209,55.32,4.4,mw,earthquake,reviewed
2014-10-18 06:29:44.560000+00:00,1.0202,96.8647,10.0,4.6,mw,earthquake,reviewed
2014-10-18 07:28:02.370000+00:00,0.2496,98.5535,52.58,4.4,mw,earthquake,reviewed
2014-10-18 22:13:04.620000+00:00,2.4804,95.7536,31.95,4.3,mw,earthquake,reviewed
2014-10-20 14:26:09.480000+00:00,-3.4725,101.4508,52.26,4.3,mw,earthquake,reviewed
2014-10-21 06:30:43.570000+00:00,-4.4315,100.871,30.12,4.7,mw,earthquake,reviewed
2014-10-25 11:58:25.620000+00:00,-2.5697,99.6213,24.75,4.3,mw,earthquake,reviewed
2014-10-25 23:41:33.860000+00:00,0.9145,100.155,204.08,4.2,mw,earthquake,reviewed
2014-10-27 00:02:49.630000+00:00,5.2888,97.9817,59.65,4.8,mw,earthquake,reviewed
2014-10-28 20:05:58.810000+00:00,1.1534,97.0704,33.33,4.2,mw,earthquake,reviewed
2014-10-30 00:02:27.120000+00:00,1.9712,97.8857,56.78,4.8,mw,earthquake,reviewed
2014-11-01 21:51:01.110000+00:00,-5.8922,105.4869,69.14,4.4,mw,earthquake,reviewed
2014-11-02 13:21:16.610000+00:00,-4.4366,102.1533,48.5,5.0,mw,earthquake,reviewed
2014-11-03 17:40:38.800000+00:00,3.7638,95.7958,50.57,4.3,mw,earthquake,reviewed
2014-11-06 22:13:29.780000+00:00,0.1585,97.3156,30.23,4.6,mw,earthquake,reviewed
2014-11-06 22:21:08.390000+00:00,0.1532,97.3792,31.52,4.3,mw,earthquake,reviewed
2014-11-07 08:24:58.650000+00:00,-4.2782,102.267,65.38,4.7,mw,earthquake,reviewed
2014-11-08 03:44:53.140000+00:00,-2.9175,102.771,80.28,4.4,mw,earthquake,reviewed
2014-11-10 02:35:51.890000+00:00,-3.8518,101.8245,57.96,4.8,mw,earthquake,reviewed
2014-11-12 12:41:03.870000+00:00,0.9434,97.0728,20.67,4.3,mw,earthquake,reviewed
2014-11-13 11:31:33.220000+00:00,0.2641,98.5913,60.21,4.6,mw,earthquake,reviewed
2014-11-15 15:47:27.590000+00:00,2.8307,97.2961,81.29,4.2,mw,earthquake,reviewed
2014-11-16 01:05:52.300000+00:00,2.0645,96.4914,64.74,4.2,mw,earthquake,reviewed
2014-11-16 11:06:08.980000+00:00,1.6469,97.9208,36.0,5.2,mw,earthquake,reviewed
2014-11-16 21:13:51.320000+00:00,-4.5644,104.6785,206.89,4.2,mw,earthquake,reviewed
2014-11-16 23:17:10.440000+00:00,2.6656,98.5303,6.49,4.5,mw,earthquake,reviewed
2014-11-18 14:58:13.840000+00:00,4.1768,97.1269,158.75,4.2,mw,earthquake,reviewed
2014-11-18 17:53:10.220000+00:00,-5.4823,101.8396,24.87,4.4,mw,earthquake,reviewed
2014-11-19 04:15:57.630000+00:00,1.1842,96.9621,14.44,4.4,mw,earthquake,reviewed
2014-11-22 05:29:47.490000+00:00,-0.763,98.6236,40.87,4.5,mw,earthquake,reviewed
2014-11-23 08:23:16.610000+00:00,-4.5076,102.7605,65.43,4.6,mw,earthquake,reviewed
2014-11-24 15:30:08.670000+00:00,2.7693,96.155,45.95,5.4,mw,earthquake,reviewed
2014-11-25 14:16:43.200000+00:00,-3.3825,100.7948,41.39,4.7,mw,earthquake,reviewed
2014-11-26 13:05:28.800000+00:00,2.9609,96.0203,26.55,4.3,mw,earthquake,reviewed
2014-11-27 00:35:37.910000+00:00,-1.6128,99.325,10.0,5.0,mw,earthquake,reviewed
2014-11-29 22:14:46.310000+00:00,-0.3754,96.9895,28.53,4.5,mw,earthquake,reviewed
2014-12-01 15:09:09.920000+00:00,-4.8007,102.9977,68.59,4.9,mw,earthquake,reviewed
2014-12-01 23:54:57.010000+00:00,-1.8425,100.2004,54.1,4.9,mw,earthquake,reviewed
2014-12-02 09:49:09.580000+00:00,-0.1415,97.4015,26.08,5.0,mw,earthquake,reviewed
2014-12-04 05:57:18.660000+00:00,-0.0809,97.4697,26.58,4.5,mw,earthquake,reviewed
2014-12-05 02:09:02.660000+00:00,4.8317,97.2565,23.78,4.5,mw,earthquake,reviewed
2014-12-06 03:53:33.680000+00:00,-2.2843,100.7618,70.11,4.6,mw,earthquake,reviewed
2014-12-08 15:45:38.020000+00:00,-2.3451,100.7764,47.27,4.5,mw,earthquake,reviewed
2014-12-08 19:18:19.340000+00:00,1.2605,97.116,23.35,4.4,mw,earthquake,reviewed
2014-12-09 21:10:20.540000+00:00,-5.0405,102.8631,50.98,4.4,mw,earthquake,reviewed
2014-12-12 00:41:26.310000+00:00,-3.78,100.9361,36.43,4.6,mw,earthquake,reviewed
2014-12-14 01:00:17.760000+00:00,2.4379,98.7853,41.51,4.3,mw,earthquake,reviewed
2014-12-15 12:37:09.960000+00:00,3.6943,97.7698,135.62,4.8,mw,earthquake,reviewed
2014-12-15 12:37:30.960000+00:00,3.7405,97.8673,137.92,5.0,mw,earthquake,reviewed
2014-12-17 06:10:05.700000+00:00,-3.8295,100.1432,10.0,5.9,mw,earthquake,reviewed
2014-12-17 10:50:41.600000+00:00,-2.082,102.0434,204.53,4.1,mw,earthquake,reviewed
2014-12-17 15:24:31.020000+00:00,2.7185,95.7664,27.79,5.4,mw,earthquake,reviewed
2014-12-19 04:07:17.410000+00:00,0.0029,96.8458,28.77,4.4,mw,earthquake,reviewed
2014-12-22 08:16:52.840000+00:00,-5.948,103.5408,48.56,4.7,mw,earthquake,reviewed
2014-12-22 15:53:48.050000+00:00,1.7607,99.5587,171.17,4.5,mw,earthquake,reviewed
2014-12-24 17:35:05.550000+00:00,4.3097,96.6874,129.41,4.4,mw,earthquake,reviewed
2014-12-27 02:00:42.870000+00:00,-5.6267,103.9142,67.74,4.8,mw,earthquake,reviewed
2014-12-28 07:26:49.160000+00:00,-0.7704,99.527,75.28,4.2,mw,earthquake,reviewed
2014-12-30 16:43:16.510000+00:00,2.6841,95.967,29.04,4.3,mw,earthquake,reviewed
2015-01-02 17:42:02.090000+00:00,1.1293,97.0599,19.67,4.8,mw,earthquake,reviewed
2015-01-04 17:46:36.380000+00:00,-4.4355,102.0376,55.09,4.7,mw,earthquake,reviewed
2015-01-04 20:13:53.740000+00:00,2.648,95.7669,28.21,4.6,mw,earthquake,reviewed
2015-01-05 22:50:59.550000+00:00,-3.2794,99.5077,35.18,4.3,mw,earthquake,reviewed
2015-01-09 07:59:35.130000+00:00,-2.9107,100.2038,34.66,4.5,mw,earthquake,reviewed
2015-01-09 22:59:11.900000+00:00,2.5913,96.0946,49.94,5.2,mw,earthquake,reviewed
2015-01-12 01:16:28.660000+00:00,1.6684,96.7411,29.47,4.5,mw,earthquake,reviewed
2015-01-12 01:45:45.660000+00:00,-0.864,100.1141,104.07,4.4,mw,earthquake,reviewed
2015-01-12 21:51:58.410000+00:00,-4.3846,102.1025,49.3,4.7,mw,earthquake,reviewed
2015-01-14 22:08:30.430000+00:00,1.0312,97.1053,26.1,4.5,mw,earthquake,reviewed
2015-01-15 14:01:52.010000+00:00,-4.762,102.7939,63.5,5.3,mw,earthquake,reviewed
2015-01-17 11:35:29.320000+00:00,-4.5067,102.7359,67.43,4.7,mw,earthquake,reviewed
2015-01-17 19:39:43.880000+00:00,2.6656,95.636,30.19,4.3,mw,earthquake,reviewed
2015-01-18 08:44:48.770000+00:00,-5.4985,104.342,81.2,4.3,mw,earthquake,reviewed
2015-01-20 14:34:51.290000+00:00,-5.3762,102.4643,36.51,5.1,mw,earthquake,reviewed
2015-01-23 00:10:52.350000+00:00,5.2675,96.2029,187.0,4.1,mw,earthquake,reviewed
2015-01-24 19:55:51.530000+00:00,0.143,97.9554,29.08,4.2,mw,earthquake,reviewed
2015-01-27 00:53:19.120000+00:00,1.3368,97.2402,12.58,5.7,mw,earthquake,reviewed
2015-01-27 01:02:21.090000+00:00,1.2292,97.1966,10.0,5.0,mw,earthquake,reviewed
2015-01-27 13:42:14.520000+00:00,4.6251,96.2158,35.13,4.3,mw,earthquake,reviewed
2015-02-01 07:01:55.760000+00:00,-3.8036,101.7768,57.42,4.6,mw,earthquake,reviewed
2015-02-01 18:42:38.400000+00:00,1.3669,97.1622,35.42,4.7,mw,earthquake,reviewed
2015-02-02 11:04:28.130000+00:00,3.9399,95.7867,35.0,5.0,mw,earthquake,reviewed
2015-02-02 13:41:10.560000+00:00,-5.9993,105.837,86.63,4.2,mw,earthquake,reviewed
2015-02-02 16:00:11.360000+00:00,-5.7438,102.7835,43.34,4.3,mw,earthquake,reviewed
2015-02-04 09:48:45.290000+00:00,-2.7178,101.3687,63.34,4.3,mw,earthquake,reviewed
2015-02-07 21:40:13.230000+00:00,0.8358,96.8872,10.0,4.4,mw,earthquake,reviewed
2015-02-07 21:42:01.140000+00:00,0.7851,96.9081,10.0,4.2,mw,earthquake,reviewed
2015-02-11 14:32:20.400000+00:00,1.1219,97.9509,35.5,4.8,mw,earthquake,reviewed
2015-02-11 14:48:45.800000+00:00,-2.317,100.6742,61.48,4.7,mw,earthquake,reviewed
2015-02-12 01:01:46.960000+00:00,-2.2893,100.6871,69.21,4.4,mw,earthquake,reviewed
2015-02-15 10:14:55.740000+00:00,1.3087,97.1361,31.88,4.7,mw,earthquake,reviewed
2015-02-19 06:03:24.970000+00:00,-4.9309,101.9113,21.34,4.6,mw,earthquake,reviewed
2015-02-20 01:09:13.060000+00:00,-5.8991,105.6296,151.64,4.2,mw,earthquake,reviewed
2015-02-24 12:54:12.980000+00:00,-2.2326,100.0293,35.0,4.2,mw,earthquake,reviewed
2015-02-25 08:29:31.100000+00:00,1.3387,97.0926,32.9,5.0,mw,earthquake,reviewed
2015-02-25 21:44:35.870000+00:00,-5.0161,102.8245,56.15,4.2,mw,earthquake,reviewed
2015-02-27 03:14:14.250000+00:00,-3.3515,101.7089,102.42,4.6,mw,earthquake,reviewed
2015-03-02 03:37:00.460000+00:00,2.5675,95.8173,20.44,4.3,mw,earthquake,reviewed
2015-03-02 10:33:15.090000+00:00,4.8049,96.1271,12.19,4.8,mw,earthquake,reviewed
2015-03-02 14:19:53.830000+00:00,4.7632,96.0123,7.94,5.0,mw,earthquake,reviewed
2015-03-02 23:48:40.680000+00:00,4.9129,96.252,52.03,4.6,mw,earthquake,reviewed
2015-03-03 10:37:30.050000+00:00,-0.7789,98.7161,28.0,6.1,mw,earthquake,reviewed
2015-03-04 00:46:18.640000+00:00,-1.1009,98.2509,29.86,4.1,mw,earthquake,reviewed
2015-03-05 00:07:12.090000+00:00,0.2059,96.9588,10.0,5.3,mw,earthquake,reviewed
2015-03-05 16:27:21.030000+00:00,-5.7624,103.0488,78.4,4.5,mw,earthquake,reviewed
2015-03-11 09:12:01.020000+00:00,1.236,97.1348,35.0,4.6,mw,earthquake,reviewed
2015-03-13 00:54:57.790000+00:00,0.3845,98.6332,39.02,4.9,mw,earthquake,reviewed
2015-03-13 10:07:13.700000+00:00,-0.1698,98.7761,33.03,4.3,mw,earthquake,reviewed
2015-03-15 06:49:10.030000+00:00,0.6331,98.996,84.19,4.3,mw,earthquake,reviewed
2015-03-15 18:42:47.580000+00:00,-4.8295,101.7234,36.6,4.9,mw,earthquake,reviewed
2015-03-16 14:44:35.150000+00:00,-4.5167,101.9906,70.59,4.2,mw,earthquake,reviewed
2015-03-16 23:34:31.850000+00:00,-2.6658,101.428,100.22,4.2,mw,earthquake,reviewed
2015-03-18 13:53:49.960000+00:00,0.106,97.0082,26.7,4.3,mw,earthquake,reviewed
2015-03-19 07:34:41.340000+00:00,2.5049,95.8409,25.17,4.3,mw,earthquake,reviewed
2015-03-19 14:06:29.310000+00:00,2.0864,96.2786,29.32,4.4,mw,earthquake,reviewed
2015-03-21 12:48:27.610000+00:00,2.1744,97.5193,57.7,4.3,mw,earthquake,reviewed
2015-03-21 14:53:57.450000+00:00,1.2735,98.133,24.82,4.8,mw,earthquake,reviewed
2015-03-23 11:45:12.920000+00:00,-1.8281,100.4599,73.6,4.4,mw,earthquake,reviewed
2015-03-27 03:39:05.970000+00:00,2.001,96.7933,28.58,5.0,mw,earthquake,reviewed
2015-03-27 20:25:15.340000+00:00,4.882,96.0969,18.14,4.7,mw,earthquake,reviewed
2015-03-30 06:05:00.310000+00:00,0.7807,97.3087,35.0,4.3,mw,earthquake,reviewed
2015-03-30 15:01:29.320000+00:00,2.2195,96.1806,10.0,4.2,mw,earthquake,reviewed
2015-03-30 16:23:14.190000+00:00,4.1358,97.3134,66.18,4.3,mw,earthquake,reviewed
2015-04-01 11:59:14.180000+00:00,-0.4427,99.2477,88.24,4.5,mw,earthquake,reviewed
2015-04-01 16:21:18.790000+00:00,-1.8319,99.6712,10.57,4.6,mw,earthquake,reviewed
2015-04-02 02:56:09.460000+00:00,-4.4567,102.6599,61.55,5.2,mw,earthquake,reviewed
2015-04-02 13:49:38.980000+00:00,2.6775,96.5202,53.22,4.2,mw,earthquake,reviewed
2015-04-07 15:18:20.470000+00:00,2.3149,99.0032,140.52,4.4,mw,earthquake,reviewed
2015-04-10 03:28:08.230000+00:00,0.85,97.0705,36.33,4.4,mw,earthquake,reviewed
2015-04-13 10:29:38.540000+00:00,-5.816,104.2684,95.59,4.4,mw,earthquake,reviewed
2015-04-19 18:40:24.950000+00:00,1.895,98.958,122.67,5.4,mw,earthquake,reviewed
2015-04-20 09:05:34.120000+00:00,-5.6841,102.4776,27.0,5.7,mw,earthquake,reviewed
2015-04-20 10:33:34.300000+00:00,-5.8882,102.3175,19.67,4.8,mw,earthquake,reviewed
2015-04-22 01:03:55.100000+00:00,-5.6633,103.419,61.95,4.1,mw,earthquake,reviewed
2015-04-26 12:55:00.840000+00:00,-1.9244,100.2726,66.57,4.8,mw,earthquake,reviewed
2015-05-01 06:18:33.060000+00:00,1.9415,97.8483,58.26,4.3,mw,earthquake,reviewed
2015-05-01 09:09:23.530000+00:00,-1.0438,97.4513,30.56,4.4,mw,earthquake,reviewed
2015-05-05 17:04:11.670000+00:00,0.1172,96.9999,32.06,4.4,mw,earthquake,reviewed
2015-05-06 12:39:15.830000+00:00,2.0723,98.9997,133.73,4.2,mw,earthquake,reviewed
2015-05-07 16:15:18.820000+00:00,1.3821,97.0116,19.03,5.0,mw,earthquake,reviewed
2015-05-07 16:21:31.030000+00:00,1.2922,97.0868,38.59,4.5,mw,earthquake,reviewed
2015-05-07 16:23:55.110000+00:00,1.3603,96.9882,27.12,4.3,mw,earthquake,reviewed
2015-05-08 03:12:21.520000+00:00,1.5404,97.9026,36.0,5.7,mw,earthquake,reviewed
2015-05-09 07:47:46.790000+00:00,4.9564,96.2381,57.64,4.6,mw,earthquake,reviewed
2015-05-10 16:50:51.420000+00:00,0.2877,96.747,13.89,4.3,mw,earthquake,reviewed
2015-05-11 04:20:47.750000+00:00,1.6038,98.9416,112.52,4.4,mw,earthquake,reviewed
2015-05-13 01:14:03.510000+00:00,4.042,96.28,85.51,4.4,mw,earthquake,reviewed
2015-05-13 17:16:41.980000+00:00,-3.4087,100.3205,27.64,4.5,mw,earthquake,reviewed
2015-05-15 05:49:38.100000+00:00,-3.5557,100.5703,37.96,4.6,mw,earthquake,reviewed
2015-05-15 20:26:56.870000+00:00,-2.542,102.2191,151.0,6.0,mw,earthquake,reviewed
2015-05-17 18:06:48.380000+00:00,-2.8921,101.9488,140.57,4.4,mw,earthquake,reviewed
2015-05-19 18:34:02.740000+00:00,0.8324,97.0809,37.2,4.5,mw,earthquake,reviewed
2015-05-21 02:42:06.750000+00:00,3.8584,95.9029,48.4,4.8,mw,earthquake,reviewed
2015-05-21 13:48:09.160000+00:00,1.9054,97.0185,31.38,4.6,mw,earthquake,reviewed
2015-05-27 16:16:44.080000+00:00,2.7772,95.6276,30.35,4.5,mw,earthquake,reviewed
2015-05-27 16:31:12.210000+00:00,2.7139,95.7058,20.05,4.2,mw,earthquake,reviewed
2015-05-30 20:57:22.510000+00:00,-4.7858,103.0184,40.33,5.4,mw,earthquake,reviewed
2015-06-01 08:57:19.950000+00:00,-3.8991,98.9641,10.0,4.7,mw,earthquake,reviewed
2015-06-01 14:07:50.200000+00:00,4.6521,95.5695,73.45,5.1,mw,earthquake,reviewed
2015-06-02 09:35:49.770000+00:00,2.1511,96.3415,34.35,4.4,mw,earthquake,reviewed
2015-06-03 15:30:10.600000+00:00,0.5712,97.0943,29.08,4.3,mw,earthquake,reviewed
2015-06-06 11:02:28.850000+00:00,4.8426,95.5885,80.61,4.1,mw,earthquake,reviewed
2015-06-07 11:03:10.360000+00:00,-3.5007,101.8342,86.7,4.6,mw,earthquake,reviewed
2015-06-10 12:16:30.450000+00:00,1.2468,96.9452,24.64,4.6,mw,earthquake,reviewed
2015-06-10 19:36:45.630000+00:00,1.4396,97.0762,10.0,4.3,mw,earthquake,reviewed
2015-06-11 03:25:35.550000+00:00,0.2318,98.3943,51.45,4.5,mw,earthquake,reviewed
2015-06-11 10:35:14.610000+00:00,-5.8282,105.6864,59.78,4.6,mw,earthquake,reviewed
2015-06-12 05:03:28.370000+00:00,-1.1505,97.3684,31.74,4.4,mw,earthquake,reviewed
2015-06-12 19:54:25.010000+00:00,-1.5324,101.1677,58.77,4.8,mw,earthquake,reviewed
2015-06-17 07:42:57.270000+00:00,1.5166,98.9553,105.73,4.6,mw,earthquake,reviewed
2015-06-19 04:31:22.100000+00:00,-4.9455,102.8155,55.1,4.5,mw,earthquake,reviewed
2015-06-22 14:05:19.470000+00:00,0.9005,97.3145,26.99,4.3,mw,earthquake,reviewed
2015-06-27 10:50:21.210000+00:00,-2.7108,102.0337,160.46,4.5,mw,earthquake,reviewed
2015-06-28 03:39:22.280000+00:00,-2.3457,100.6957,63.14,4.4,mw,earthquake,reviewed
2015-06-28 14:27:27.880000+00:00,-0.8304,99.7763,79.13,4.4,mw,earthquake,reviewed
2015-06-30 03:26:44.570000+00:00,-1.7834,99.9384,27.47,4.5,mw,earthquake,reviewed
2015-07-10 07:50:19.250000+00:00,-4.131,102.1201,60.97,4.5,mw,earthquake,reviewed
2015-07-10 09:03:21.700000+00:00,-4.6517,104.6328,89.46,4.4,mw,earthquake,reviewed
2015-07-19 16:13:49.900000+00:00,-4.6706,103.8487,167.94,4.4,mw,earthquake,reviewed
2015-07-22 00:12:06.620000+00:00,2.3014,96.2186,22.73,4.7,mw,earthquake,reviewed
2015-07-22 10:04:56.970000+00:00,2.3431,96.3431,31.47,4.3,mw,earthquake,reviewed
2015-07-23 19:54:56.750000+00:00,-2.9693,99.9783,25.27,4.7,mw,earthquake,reviewed
2015-07-24 00:17:32.640000+00:00,-3.1085,99.8903,30.74,4.5,mw,earthquake,reviewed
2015-07-24 19:31:29.580000+00:00,2.3627,97.983,56.1,4.5,mw,earthquake,reviewed
2015-07-26 23:55:42.070000+00:00,0.4163,96.9953,35.0,5.0,mw,earthquake,reviewed
2015-07-27 09:02:39.280000+00:00,-0.484,97.9746,24.61,4.4,mw,earthquake,reviewed
2015-07-29 18:55:49.910000+00:00,1.385,97.09,26.58,4.2,mw,earthquake,reviewed
2015-08-01 18:16:53.620000+00:00,-4.332,101.1355,32.59,4.8,mw,earthquake,reviewed
2015-08-01 21:07:33+00:00,-4.88,104.03,10.0,4.2,mw,earthquake,reviewed
2015-08-02 06:35:37.230000+00:00,-1.6219,100.2739,53.16,4.6,mw,earthquake,reviewed
2015-08-02 22:14:18.690000+00:00,-4.2658,102.3599,64.76,5.0,mw,earthquake,reviewed
2015-08-04 13:51:49.300000+00:00,1.6518,99.4507,164.78,4.6,mw,earthquake,reviewed
2015-08-04 19:34:06.890000+00:00,2.7631,98.8759,158.46,4.5,mw,earthquake,reviewed
2015-08-05 15:41:52.910000+00:00,-5.9945,105.4445,56.5,4.9,mw,earthquake,reviewed
2015-08-06 10:08:54.800000+00:00,1.0048,98.9226,77.88,5.2,mw,earthquake,reviewed
2015-08-08 18:57:04.080000+00:00,-2.0984,102.3066,200.57,4.7,mw,earthquake,reviewed
2015-08-09 03:45:51.670000+00:00,1.2841,97.2546,37.19,4.4,mw,earthquake,reviewed
2015-08-10 02:32:05.560000+00:00,-2.5454,101.9457,148.26,4.1,mw,earthquake,reviewed
2015-08-11 10:59:36.890000+00:00,-5.1276,102.1818,35.0,4.3,mw,earthquake,reviewed
2015-08-11 20:47:51.760000+00:00,0.8979,97.1661,26.83,4.3,mw,earthquake,reviewed
2015-08-13 19:32:39.110000+00:00,1.2353,97.1414,30.12,4.9,mw,earthquake,reviewed
2015-08-14 14:40:24.420000+00:00,1.6504,96.9581,29.63,4.6,mw,earthquake,reviewed
2015-08-15 08:19:33.190000+00:00,-3.7469,101.7758,57.25,5.2,mw,earthquake,reviewed
2015-08-23 16:31:55.090000+00:00,-2.7367,100.266,35.0,4.5,mw,earthquake,reviewed
2015-08-23 20:39:45.810000+00:00,0.8091,97.8077,29.2,4.7,mw,earthquake,reviewed
2015-08-24 01:12:21.680000+00:00,-2.8955,99.9318,25.21,4.5,mw,earthquake,reviewed
2015-08-28 00:57:52.320000+00:00,0.8049,97.043,29.12,4.4,mw,earthquake,reviewed
2015-08-28 15:29:27.160000+00:00,2.7499,95.5789,34.73,4.6,mw,earthquake,reviewed
2015-08-28 17:39:19.350000+00:00,-3.5228,100.5824,36.88,4.5,mw,earthquake,reviewed
2015-08-31 12:28:41.740000+00:00,2.4882,96.0088,27.72,4.4,mw,earthquake,reviewed
2015-08-31 18:52:10.500000+00:00,-2.2972,100.6064,57.09,4.3,mw,earthquake,reviewed
2015-09-01 01:00:19.550000+00:00,1.3583,98.9671,100.5,4.2,mw,earthquake,reviewed
2015-09-02 05:34:07.930000+00:00,-4.1861,102.9826,73.35,4.4,mw,earthquake,reviewed
2015-09-03 01:29:07.110000+00:00,-2.8739,102.5152,155.33,4.3,mw,earthquake,reviewed
2015-09-04 08:02:14.790000+00:00,1.1092,97.1382,34.1,4.6,mw,earthquake,reviewed
2015-09-08 02:52:05.820000+00:00,-5.5853,103.9582,72.18,4.9,mw,earthquake,reviewed
2015-09-09 12:41:46.140000+00:00,2.2936,96.337,24.52,5.2,mw,earthquake,reviewed
2015-09-11 14:20:28.640000+00:00,-4.3716,102.9404,55.12,4.1,mw,earthquake,reviewed
2015-09-15 21:47:35.470000+00:00,0.9551,97.1785,29.18,4.3,mw,earthquake,reviewed
2015-09-15 23:06:36.130000+00:00,1.6339,98.9419,116.74,4.1,mw,earthquake,reviewed
2015-09-16 03:51:29+00:00,1.6927,96.4018,28.51,4.9,mw,earthquake,reviewed
2015-09-16 20:11:46.060000+00:00,-4.9686,102.8921,61.4,4.5,mw,earthquake,reviewed
2015-09-17 19:22:11.740000+00:00,-1.4376,99.3948,16.11,4.6,mw,earthquake,reviewed
2015-09-18 11:10:26.920000+00:00,2.8401,96.2233,43.32,4.1,mw,earthquake,reviewed
2015-09-20 07:43:20.070000+00:00,-0.7417,98.6193,32.83,4.3,mw,earthquake,reviewed
2015-09-22 06:20:03.860000+00:00,-2.3991,102.4419,212.94,4.8,mw,earthquake,reviewed
2015-09-23 16:18:37.930000+00:00,-5.9788,103.5743,11.28,5.5,mw,earthquake,reviewed
2015-10-05 05:06:47.590000+00:00,2.6557,100.5052,10.0,4.2,mw,earthquake,reviewed
2015-10-06 08:44:13.850000+00:00,-0.4783,98.9505,49.77,5.0,mw,earthquake,reviewed
2015-10-06 17:26:00.250000+00:00,0.3628,97.0132,27.46,4.3,mw,earthquake,reviewed
2015-10-07 01:21:26.440000+00:00,-0.8148,97.5133,25.89,4.4,mw,earthquake,reviewed
2015-10-07 02:47:54.250000+00:00,4.6925,95.6509,76.57,4.4,mw,earthquake,reviewed
2015-10-08 10:05:33.580000+00:00,-5.6815,104.9086,70.68,4.3,mw,earthquake,reviewed
2015-10-08 13:56:10.770000+00:00,4.908,96.1805,44.31,4.7,mw,earthquake,reviewed
2015-10-12 15:07:15.210000+00:00,2.9562,95.9925,26.54,4.2,mw,earthquake,reviewed
2015-10-13 04:51:15.450000+00:00,2.7629,99.0033,6.27,4.1,mw,earthquake,reviewed
2015-10-14 00:02:05.070000+00:00,-2.5392,99.8479,39.02,4.3,mw,earthquake,reviewed
2015-10-17 00:10:55.310000+00:00,1.7647,99.5106,165.96,4.3,mw,earthquake,reviewed
2015-10-18 14:49:13.550000+00:00,1.4834,97.0675,20.58,4.7,mw,earthquake,reviewed
2015-10-19 17:01:40.980000+00:00,-4.4518,100.4288,12.0,4.5,mw,earthquake,reviewed
2015-10-19 18:32:40.650000+00:00,-3.6739,101.9625,55.11,4.5,mw,earthquake,reviewed
2015-10-20 23:57:50.040000+00:00,-0.6106,100.6977,95.89,4.4,mw,earthquake,reviewed
2015-10-21 00:30:39.980000+00:00,5.0402,96.2976,53.54,4.5,mw,earthquake,reviewed
2015-10-21 21:04:31.370000+00:00,2.4029,99.0526,149.32,4.9,mw,earthquake,reviewed
2015-10-25 20:17:58.480000+00:00,-0.3459,99.0963,66.23,5.0,mw,earthquake,reviewed
2015-10-26 10:09:06.050000+00:00,-1.454,97.0565,21.02,5.2,mw,earthquake,reviewed
2015-10-26 13:18:26.930000+00:00,2.6005,95.8416,10.0,4.5,mw,earthquake,reviewed
2015-10-30 01:59:01.760000+00:00,0.9924,97.509,26.3,4.9,mw,earthquake,reviewed
2015-11-01 13:34:57.040000+00:00,-3.5933,101.2484,48.49,4.5,mw,earthquake,reviewed
2015-11-04 08:12:13.890000+00:00,0.5827,98.0365,28.92,5.4,mw,earthquake,reviewed
2015-11-05 09:44:33.920000+00:00,1.967,96.6406,28.05,4.3,mw,earthquake,reviewed
2015-11-07 00:01:40.070000+00:00,4.967,96.0338,27.93,4.4,mw,earthquake,reviewed
2015-11-08 01:38:59.660000+00:00,-0.1994,97.0556,25.3,4.6,mw,earthquake,reviewed
2015-11-08 09:34:57.310000+00:00,0.7863,98.8905,69.0,5.7,mw,earthquake,reviewed
2015-11-08 16:10:31.210000+00:00,4.8501,95.9685,10.0,4.8,mw,earthquake,reviewed
2015-11-09 02:03:02.790000+00:00,-4.5694,101.8522,20.1,4.5,mw,earthquake,reviewed
2015-11-13 20:44:10.290000+00:00,1.9356,99.044,10.0,4.5,mw,earthquake,reviewed
2015-11-14 16:24:06.280000+00:00,-1.5502,100.4032,63.66,4.1,mw,earthquake,reviewed
2015-11-17 14:31:32.920000+00:00,-3.547,99.549,10.0,4.1,mw,earthquake,reviewed
2015-11-18 10:36:56.730000+00:00,-4.6682,103.5931,114.05,5.1,mw,earthquake,reviewed
2015-11-23 12:54:09.610000+00:00,-0.5147,98.0279,22.9,4.6,mw,earthquake,reviewed
2015-11-23 17:37:29.480000+00:00,-3.081,101.2334,27.05,4.4,mw,earthquake,reviewed
2015-11-25 13:05:23.960000+00:00,0.9064,99.3425,111.74,4.7,mw,earthquake,reviewed
2015-11-27 02:20:45.120000+00:00,2.9382,96.114,25.61,4.4,mw,earthquake,reviewed
2015-11-27 15:46:42.840000+00:00,2.8539,96.5417,44.95,5.1,mw,earthquake,reviewed
2015-11-28 23:27:47.750000+00:00,-5.2102,101.9759,26.75,4.6,mw,earthquake,reviewed
2015-12-01 14:46:42.710000+00:00,3.0954,98.0064,80.84,4.6,mw,earthquake,reviewed
2015-12-03 01:48:16.900000+00:00,2.7568,95.6873,28.5,4.9,mw,earthquake,reviewed
2015-12-03 03:15:14.400000+00:00,2.6956,95.6207,28.69,4.8,mw,earthquake,reviewed
2015-12-05 23:15:02.300000+00:00,-5.3026,103.4691,53.41,4.7,mw,earthquake,reviewed
2015-12-07 12:52:24.700000+00:00,0.2999,99.5337,109.12,4.6,mw,earthquake,reviewed
2015-12-07 16:26:57.090000+00:00,2.5494,99.117,162.3,4.4,mw,earthquake,reviewed
2015-12-07 16:35:15.800000+00:00,4.8118,96.125,10.34,4.8,mw,earthquake,reviewed
2015-12-10 02:11:08.760000+00:00,3.3927,97.1798,104.03,4.3,mw,earthquake,reviewed
2015-12-11 03:20:48.820000+00:00,-4.9619,102.966,48.6,5.1,mw,earthquake,reviewed
2015-12-13 20:47:26.430000+00:00,-4.5166,101.4875,50.09,4.5,mw,earthquake,reviewed
2015-12-14 02:12:22.880000+00:00,-2.0945,100.117,55.77,4.4,mw,earthquake,reviewed
2015-12-15 06:55:16.970000+00:00,-3.5944,101.471,64.02,5.0,mw,earthquake,reviewed
2015-12-19 19:00:48.290000+00:00,2.6487,95.6843,28.76,4.5,mw,earthquake,reviewed
2015-12-20 01:08:36.070000+00:00,-1.4907,100.5029,68.11,4.6,mw,earthquake,reviewed
2015-12-20 02:48:02.520000+00:00,2.5824,95.9152,24.17,4.9,mw,earthquake,reviewed
2015-12-23 08:24:24.200000+00:00,2.5302,96.7188,40.23,4.6,mw,earthquake,reviewed
2015-12-25 10:30:44.780000+00:00,-5.0479,101.6261,35.0,4.4,mw,earthquake,reviewed
2015-12-26 10:16:54.450000+00:00,-5.7361,102.5603,19.39,4.5,mw,earthquake,reviewed
2015-12-27 02:36:35.580000+00:00,0.5214,97.6865,29.54,4.3,mw,earthquake,reviewed
2015-12-27 04:30:25.830000+00:00,0.4416,97.8087,26.51,4.4,mw,earthquake,reviewed
2015-12-29 07:32:21.410000+00:00,2.3964,96.3353,33.31,4.5,mw,earthquake,reviewed
2015-12-30 13:59:47.750000+00:00,-2.0577,100.6579,79.28,4.3,mw,earthquake,reviewed
2016-01-02 11:16:59.370000+00:00,3.1752,96.6835,69.18,4.1,mw,earthquake,reviewed
2016-01-04 03:33:18.140000+00:00,1.2964,97.1064,29.24,4.5,mw,earthquake,reviewed
2016-01-04 05:41:10.670000+00:00,0.3314,97.0965,26.98,4.5,mw,earthquake,reviewed
2016-01-04 21:09:02.500000+00:00,2.2525,96.2482,27.06,4.7,mw,earthquake,reviewed
2016-01-05 21:52:00.470000+00:00,-2.7285,99.923,10.0,4.9,mw,earthquake,reviewed
2016-01-08 03:08:49.810000+00:00,4.8644,96.1794,38.07,4.6,mw,earthquake,reviewed
2016-01-09 22:46:59.470000+00:00,-3.1892,102.9214,197.34,4.3,mw,earthquake,reviewed
2016-01-15 00:10:50.530000+00:00,1.4523,98.4374,66.25,4.2,mw,earthquake,reviewed
2016-01-16 18:54:33.660000+00:00,-0.4798,99.2857,61.72,5.3,mw,earthquake,reviewed
2016-01-19 02:02:05.400000+00:00,2.0699,96.6882,16.49,5.3,mw,earthquake,reviewed
2016-01-19 16:56:58.900000+00:00,2.0809,97.8557,60.39,4.3,mw,earthquake,reviewed
2016-01-19 17:04:55.110000+00:00,2.0654,96.6233,25.78,4.4,mw,earthquake,reviewed
2016-01-19 19:27:37.070000+00:00,2.5265,96.1508,29.43,4.3,mw,earthquake,reviewed
2016-01-21 08:20:25.070000+00:00,-2.0696,99.6099,7.58,4.4,mw,earthquake,reviewed
2016-01-21 13:00:31.980000+00:00,0.0406,97.8598,29.71,4.2,mw,earthquake,reviewed
2016-01-24 16:13:47.510000+00:00,2.0785,96.6608,10.0,4.8,mw,earthquake,reviewed
2016-01-24 20:03:53.960000+00:00,-3.6686,101.6191,69.38,4.5,mw,earthquake,reviewed
2016-01-25 04:00:14.290000+00:00,-3.9792,102.2789,57.99,4.5,mw,earthquake,reviewed
2016-01-27 13:57:27.960000+00:00,2.6336,95.6487,28.09,4.5,mw,earthquake,reviewed
2016-01-30 22:07:36.450000+00:00,-4.946,101.3861,10.0,4.2,mw,earthquake,reviewed
2016-01-30 23:25:13.360000+00:00,3.1808,96.9343,44.43,4.3,mw,earthquake,reviewed
2016-02-05 20:31:06.070000+00:00,-0.5452,97.0034,27.75,4.6,mw,earthquake,reviewed
2016-02-06 02:28:11.700000+00:00,2.2187,96.8068,34.49,4.5,mw,earthquake,reviewed
2016-02-12 15:33:47.280000+00:00,2.0151,96.76,29.94,4.4,mw,earthquake,reviewed
2016-02-12 21:13:45.030000+00:00,1.1861,97.3363,35.0,4.1,mw,earthquake,reviewed
2016-02-17 19:26:55.410000+00:00,-3.5091,101.4852,53.65,4.8,mw,earthquake,reviewed
2016-02-17 22:22:49.630000+00:00,2.5729,95.8064,29.49,4.3,mw,earthquake,reviewed
2016-02-19 18:31:12.240000+00:00,0.0308,97.6639,30.65,4.3,mw,earthquake,reviewed
2016-02-20 17:38:13.010000+00:00,1.7627,98.2363,73.6,4.5,mw,earthquake,reviewed
2016-02-20 23:21:47.050000+00:00,-4.2396,102.2127,47.62,4.5,mw,earthquake,reviewed
2016-02-22 08:22:39.440000+00:00,0.9106,98.5287,35.0,4.2,mw,earthquake,reviewed
2016-02-22 19:39:44.430000+00:00,-5.0537,104.4511,138.56,4.2,mw,earthquake,reviewed
2016-02-25 01:48:31.010000+00:00,3.8119,95.5214,59.51,4.6,mw,earthquake,reviewed
2016-02-26 00:41:43.250000+00:00,0.3521,98.6182,55.39,4.1,mw,earthquake,reviewed
2016-03-07 00:52:09.610000+00:00,-3.5864,101.4207,38.68,4.7,mw,earthquake,reviewed
2016-03-11 12:12:14.350000+00:00,-4.906,102.5093,35.0,4.3,mw,earthquake,reviewed
2016-03-13 02:17:03.300000+00:00,-2.6305,102.4381,175.3,4.2,mw,earthquake,reviewed
2016-03-14 01:33:26.930000+00:00,-3.6711,100.7385,34.86,4.4,mw,earthquake,reviewed
2016-03-15 21:38:46.230000+00:00,0.9393,97.6307,39.9,4.5,mw,earthquake,reviewed
2016-03-17 14:00:58.970000+00:00,1.0087,97.4721,30.65,4.7,mw,earthquake,reviewed
2016-03-21 21:29:30.250000+00:00,3.1193,97.9142,84.3,4.8,mw,earthquake,reviewed
2016-03-29 06:24:48.170000+00:00,-2.8072,102.3188,159.87,5.2,mw,earthquake,reviewed
2016-03-31 03:52:50.060000+00:00,1.2168,97.2046,38.57,4.3,mw,earthquake,reviewed
2016-03-31 19:38:42.320000+00:00,3.1211,96.2001,11.08,5.2,mw,earthquake,reviewed
2016-04-01 19:09:35.350000+00:00,1.3374,98.8721,104.16,4.2,mw,earthquake,reviewed
2016-04-02 18:16:42.010000+00:00,1.8638,98.9958,124.16,4.9,mw,earthquake,reviewed
2016-04-04 18:42:24.310000+00:00,-1.1267,99.7357,41.28,4.4,mw,earthquake,reviewed
2016-04-08 09:03:12.680000+00:00,-2.9063,100.1395,31.91,4.6,mw,earthquake,reviewed
2016-04-10 02:14:34.590000+00:00,-4.1489,102.211,41.0,5.7,mw,earthquake,reviewed
2016-04-10 03:07:27.580000+00:00,-4.3782,102.0652,41.47,4.4,mw,earthquake,reviewed
2016-04-10 15:15:00.680000+00:00,-0.2943,98.8427,42.09,4.3,mw,earthquake,reviewed
2016-04-11 23:12:09.610000+00:00,-3.1546,101.1065,45.34,4.3,mw,earthquake,reviewed
2016-04-12 12:41:10.720000+00:00,0.2998,96.5263,10.0,4.8,mw,earthquake,reviewed
2016-04-13 13:03:13.320000+00:00,-0.4925,99.0354,35.0,4.3,mw,earthquake,reviewed
2016-04-15 10:24:31.100000+00:00,-3.6196,100.492,37.77,4.9,mw,earthquake,reviewed
2016-04-15 10:56:54.350000+00:00,-3.8136,100.4549,35.24,4.5,mw,earthquake,reviewed
2016-04-15 16:50:07.900000+00:00,-3.2071,100.7825,40.76,4.5,mw,earthquake,reviewed
2016-04-16 18:08:28.540000+00:00,0.3778,97.8847,24.19,4.9,mw,earthquake,reviewed
2016-04-16 21:09:12.390000+00:00,0.4499,97.9707,10.0,5.2,mw,earthquake,reviewed
2016-04-17 13:39:27.040000+00:00,-4.908,103.0353,58.04,4.5,mw,earthquake,reviewed
2016-04-20 17:31:18.830000+00:00,-2.1849,100.5742,63.3,4.6,mw,earthquake,reviewed
2016-04-20 20:44:41.690000+00:00,2.3473,96.205,36.15,5.0,mw,earthquake,reviewed
2016-04-21 04:26:07.460000+00:00,1.2757,98.047,20.8,4.3,mw,earthquake,reviewed
2016-04-22 00:16:40.750000+00:00,2.4699,99.0187,143.0,4.1,mw,earthquake,reviewed
2016-04-22 09:56:49.170000+00:00,0.0263,100.3784,170.3,4.3,mw,earthquake,reviewed
2016-04-26 17:45:55.150000+00:00,2.1023,97.8771,57.09,4.2,mw,earthquake,reviewed
2016-05-01 07:08:17.900000+00:00,4.9916,95.5172,97.16,4.5,mw,earthquake,reviewed
2016-05-02 04:21:24.710000+00:00,-5.0262,104.6271,117.0,5.7,mw,earthquake,reviewed
2016-05-03 22:32:36.010000+00:00,-1.875,99.7338,35.0,4.6,mw,earthquake,reviewed
2016-05-06 00:54:21.150000+00:00,-5.7048,105.622,82.12,4.2,mw,earthquake,reviewed
2016-05-06 21:47:02.140000+00:00,0.3918,100.1889,170.04,4.4,mw,earthquake,reviewed
2016-05-07 18:27:02.400000+00:00,-1.7843,99.5889,38.67,4.4,mw,earthquake,reviewed
2016-05-09 12:04:02.260000+00:00,-5.2471,102.6857,52.44,4.3,mw,earthquake,reviewed
2016-05-14 22:49:24.220000+00:00,0.9168,98.8325,99.89,4.6,mw,earthquake,reviewed
2016-05-16 11:20:22.850000+00:00,0.6118,100.0676,188.17,4.3,mw,earthquake,reviewed
2016-05-17 07:38:28.910000+00:00,2.3862,97.9499,64.94,4.8,mw,earthquake,reviewed
2016-05-19 23:35:18.650000+00:00,-5.5729,104.8169,65.77,4.1,mw,earthquake,reviewed
2016-05-20 04:57:24.430000+00:00,-3.3384,101.0693,59.6,4.2,mw,earthquake,reviewed
2016-05-21 23:34:37.390000+00:00,-2.1539,102.1685,197.97,4.3,mw,earthquake,reviewed
2016-05-23 07:57:57.800000+00:00,0.5176,97.8394,30.12,4.4,mw,earthquake,reviewed
2016-05-27 09:31:33.830000+00:00,-0.25,97.0422,25.82,4.3,mw,earthquake,reviewed
2016-05-29 08:20:04.370000+00:00,5.0106,96.2606,49.26,4.5,mw,earthquake,reviewed
2016-05-30 10:16:13.860000+00:00,-3.363,102.5742,54.34,4.5,mw,earthquake,reviewed
2016-06-01 22:56:00.800000+00:00,-2.0967,100.6654,50.0,6.6,mw,earthquake,reviewed
2016-06-02 06:38:59.730000+00:00,-2.2384,100.3726,40.71,4.5,mw,earthquake,reviewed
2016-06-03 07:47:24.470000+00:00,-4.8326,103.0649,71.56,4.7,mw,earthquake,reviewed
2016-06-04 03:18:44.540000+00:00,-1.5671,100.1562,41.43,4.7,mw,earthquake,reviewed
2016-06-04 15:18:21.780000+00:00,-5.2474,97.8171,10.0,4.7,mw,earthquake,reviewed
2016-06-06 13:06:23.150000+00:00,-3.6193,103.1055,147.51,4.3,mw,earthquake,reviewed
2016-06-07 01:27:13.090000+00:00,-5.0952,102.5575,37.52,4.5,mw,earthquake,reviewed
2016-06-07 09:11:23.150000+00:00,-5.5725,104.0919,35.0,4.5,mw,earthquake,reviewed
2016-06-14 22:00:20.480000+00:00,2.4521,97.8535,61.53,4.6,mw,earthquake,reviewed
2016-06-16 21:58:57.110000+00:00,-3.5012,99.4263,31.05,4.6,mw,earthquake,reviewed
2016-06-18 06:44:42.120000+00:00,-5.1708,104.2934,55.83,4.4,mw,earthquake,reviewed
2016-06-18 21:15:51.540000+00:00,-3.3293,101.2686,39.77,5.4,mw,earthquake,reviewed
2016-06-21 07:19:54.290000+00:00,-4.6489,101.9911,42.39,4.6,mw,earthquake,reviewed
2016-06-21 14:10:20.650000+00:00,-2.1865,99.4112,6.78,5.4,mw,earthquake,reviewed
2016-06-21 14:52:37.610000+00:00,0.9598,97.4036,29.89,4.9,mw,earthquake,reviewed
2016-06-21 16:00:22.530000+00:00,-2.1579,99.3413,10.0,4.3,mw,earthquake,reviewed
2016-06-21 16:07:51.510000+00:00,0.8822,97.3313,26.26,4.5,mw,earthquake,reviewed
2016-06-22 01:37:26.050000+00:00,0.9045,97.4122,29.57,4.5,mw,earthquake,reviewed
2016-06-22 01:41:22.710000+00:00,0.8492,97.4579,26.44,4.2,mw,earthquake,reviewed
2016-06-22 02:42:06.310000+00:00,0.984,97.4066,36.21,5.2,mw,earthquake,reviewed
2016-06-24 06:12:22.230000+00:00,3.5595,97.8935,127.25,4.3,mw,earthquake,reviewed
2016-06-27 03:50:46.990000+00:00,4.0861,95.7313,45.33,4.3,mw,earthquake,reviewed
2016-06-27 15:56:22.240000+00:00,2.0593,96.2666,10.0,4.1,mw,earthquake,reviewed
2016-06-28 03:32:44.890000+00:00,-5.992,105.3444,10.0,5.4,mw,earthquake,reviewed
2016-06-29 09:48:14.150000+00:00,1.7143,98.9454,119.83,4.5,mw,earthquake,reviewed
2016-07-04 09:32:42.930000+00:00,1.134,97.1038,31.19,5.0,mw,earthquake,reviewed
2016-07-04 09:34:10.070000+00:00,-2.4053,101.1934,67.72,4.7,mw,earthquake,reviewed
2016-07-10 06:15:03.940000+00:00,2.245,96.2849,21.73,4.4,mw,earthquake,reviewed
2016-07-10 06:32:46.770000+00:00,-2.3134,100.6991,63.3,4.8,mw,earthquake,reviewed
2016-07-10 09:31:56.670000+00:00,0.0313,100.0902,8.07,5.2,mw,earthquake,reviewed
2016-07-11 20:28:42.450000+00:00,-4.5071,102.3012,70.19,5.3,mw,earthquake,reviewed
2016-07-13 09:26:19.380000+00:00,1.4252,97.0314,22.97,4.6,mw,earthquake,reviewed
2016-07-23 04:27:31.090000+00:00,1.7655,97.1206,34.64,4.4,mw,earthquake,reviewed
2016-07-25 00:34:04.500000+00:00,-5.0584,103.8093,90.83,4.6,mw,earthquake,reviewed
2016-07-26 04:13:14.380000+00:00,1.6808,96.9384,30.46,4.7,mw,earthquake,reviewed
2016-07-28 03:40:12.870000+00:00,-2.965,103.0345,187.76,4.4,mw,earthquake,reviewed
2016-07-30 22:42:09.100000+00:00,2.0141,96.7462,27.62,5.1,mw,earthquake,reviewed
2016-08-01 17:47:04.920000+00:00,2.0956,99.1144,139.54,4.8,mw,earthquake,reviewed
2016-08-01 19:40:10.490000+00:00,1.7625,95.8373,28.81,5.0,mw,earthquake,reviewed
2016-08-02 00:24:50.370000+00:00,2.8125,95.5295,29.83,5.0,mw,earthquake,reviewed
2016-08-07 14:02:40.070000+00:00,-5.9627,104.164,48.95,5.1,mw,earthquake,reviewed
2016-08-07 21:54:41.940000+00:00,-5.2934,102.5759,54.61,4.3,mw,earthquake,reviewed
2016-08-07 22:57:18.790000+00:00,-2.9518,100.7728,67.45,4.5,mw,earthquake,reviewed
2016-08-12 01:01:33.490000+00:00,0.9818,96.9539,40.35,4.5,mw,earthquake,reviewed
2016-08-12 04:44:32.020000+00:00,0.8689,98.7832,93.93,4.3,mw,earthquake,reviewed
2016-08-16 01:49:42.950000+00:00,-2.6174,101.5206,89.28,4.4,mw,earthquake,reviewed
2016-08-18 09:31:03.800000+00:00,-4.1322,102.2713,51.19,4.8,mw,earthquake,reviewed
2016-08-20 11:07:15.160000+00:00,-5.1358,102.8007,49.13,5.1,mw,earthquake,reviewed
2016-08-21 15:28:46.240000+00:00,-3.8052,101.8236,60.16,4.5,mw,earthquake,reviewed
2016-08-22 05:36:23.560000+00:00,0.4909,99.8791,154.81,4.3,mw,earthquake,reviewed
2016-08-23 10:11:53.610000+00:00,3.4875,97.1189,81.94,4.4,mw,earthquake,reviewed
2016-08-23 16:35:21+00:00,1.6059,99.5463,175.62,4.4,mw,earthquake,reviewed
2016-08-23 20:29:38.920000+00:00,-3.3856,99.5219,27.22,4.8,mw,earthquake,reviewed
2016-08-24 13:48:45.570000+00:00,-2.9097,100.1775,19.0,5.6,mw,earthquake,reviewed
2016-08-30 01:09:31.810000+00:00,2.3693,96.1666,34.83,4.3,mw,earthquake,reviewed
2016-09-01 20:04:17.480000+00:00,0.5533,98.6145,35.0,5.5,mw,earthquake,reviewed
2016-09-02 01:25:29.210000+00:00,-5.7847,102.675,10.0,4.6,mw,earthquake,reviewed
2016-09-07 12:30:40.490000+00:00,-2.2989,101.8877,160.46,4.3,mw,earthquake,reviewed
2016-09-07 18:15:36.420000+00:00,2.8312,96.4819,35.22,4.8,mw,earthquake,reviewed
2016-09-08 19:36:05.220000+00:00,-4.7794,101.9371,35.0,4.7,mw,earthquake,reviewed
2016-09-09 19:36:51.160000+00:00,2.4748,99.0021,153.81,4.2,mw,earthquake,reviewed
2016-09-11 21:27:34.600000+00:00,-2.469,99.9425,37.64,4.8,mw,earthquake,reviewed
2016-09-12 15:10:10.730000+00:00,-4.9064,101.7667,18.3,5.4,mw,earthquake,reviewed
2016-09-13 07:41:11.630000+00:00,-2.0736,99.8412,46.63,4.5,mw,earthquake,reviewed
2016-09-14 21:09:00.400000+00:00,4.4757,95.5313,65.89,4.2,mw,earthquake,reviewed
2016-09-16 21:11:53.650000+00:00,2.1053,96.2602,10.82,4.3,mw,earthquake,reviewed
2016-09-17 02:30:56.820000+00:00,-4.4346,102.7537,59.05,5.6,mw,earthquake,reviewed
2016-09-17 09:29:54.060000+00:00,0.5131,99.4296,108.81,4.8,mw,earthquake,reviewed
2016-09-17 20:22:49.600000+00:00,-4.61,101.8498,38.71,4.7,mw,earthquake,reviewed
2016-09-18 09:35:27.850000+00:00,2.4905,95.8543,28.9,4.2,mw,earthquake,reviewed
2016-09-19 02:43:08.720000+00:00,2.2238,98.7947,23.59,4.6,mw,earthquake,reviewed
2016-09-21 16:50:00.890000+00:00,0.4361,100.0846,162.5,4.2,mw,earthquake,reviewed
2016-09-22 13:41:45.720000+00:00,-5.4296,103.5523,64.17,4.9,mw,earthquake,reviewed
2016-09-22 18:41:59.220000+00:00,2.2089,96.113,10.0,4.2,mw,earthquake,reviewed
2016-09-29 23:05:19.710000+00:00,0.5615,100.1977,181.77,4.3,mw,earthquake,reviewed
2016-10-03 15:02:13.910000+00:00,2.4941,99.1943,158.4,5.2,mw,earthquake,reviewed
2016-10-05 00:43:19.430000+00:00,-2.1092,99.8219,33.1,4.5,mw,earthquake,reviewed
2016-10-07 15:28:06.720000+00:00,3.8228,95.7596,44.06,4.4,mw,earthquake,reviewed
2016-10-11 03:29:44.110000+00:00,-3.6104,101.4004,70.75,4.3,mw,earthquake,reviewed
2016-10-12 16:50:50.830000+00:00,4.7893,95.6808,90.81,4.8,mw,earthquake,reviewed
2016-10-13 03:11:09.210000+00:00,1.0777,96.9746,25.89,4.3,mw,earthquake,reviewed
2016-10-13 03:30:14.830000+00:00,1.1409,96.9688,24.81,4.3,mw,earthquake,reviewed
2016-10-13 17:07:28.910000+00:00,-4.2241,101.9471,44.36,4.3,mw,earthquake,reviewed
2016-10-13 18:10:12.230000+00:00,-4.3387,102.1977,49.18,4.3,mw,earthquake,reviewed
2016-10-20 22:11:07.860000+00:00,-2.0877,101.561,144.25,4.2,mw,earthquake,reviewed
2016-10-21 01:45:01.900000+00:00,-1.9525,100.1206,60.92,4.6,mw,earthquake,reviewed
2016-10-27 04:21:38.970000+00:00,0.9951,97.1306,29.24,4.4,mw,earthquake,reviewed
2016-10-28 01:42:21.910000+00:00,2.954,95.6848,26.95,4.4,mw,earthquake,reviewed
2016-10-28 11:20:26.040000+00:00,-2.1232,100.5545,35.0,4.2,mw,earthquake,reviewed
2016-10-29 23:04:13.410000+00:00,2.8364,99.1763,180.12,4.4,mw,earthquake,reviewed
2016-11-03 20:50:28.870000+00:00,-2.7616,99.7896,16.24,4.4,mw,earthquake,reviewed
2016-11-04 09:22:59.450000+00:00,4.5196,96.9254,37.39,4.3,mw,earthquake,reviewed
2016-11-06 14:03:39.280000+00:00,0.5775,98.4864,49.65,4.9,mw,earthquake,reviewed
2016-11-08 09:31:02.060000+00:00,-2.3329,100.6902,56.53,4.7,mw,earthquake,reviewed
2016-11-18 06:58:42.570000+00:00,-2.1688,100.6158,66.15,4.5,mw,earthquake,reviewed
2016-11-20 23:09:29.830000+00:00,-4.4752,100.562,10.0,4.6,mw,earthquake,reviewed
2016-11-21 20:54:21.530000+00:00,0.539,97.2712,10.0,4.2,mw,earthquake,reviewed
2016-11-22 09:41:18.510000+00:00,-5.4288,102.6684,35.0,4.3,mw,earthquake,reviewed
2016-11-29 11:41:47.840000+00:00,0.0473,97.7982,30.25,4.3,mw,earthquake,reviewed
2016-11-30 10:17:03.830000+00:00,-4.4819,101.9229,47.46,4.5,mw,earthquake,reviewed
2016-12-03 22:48:10.770000+00:00,3.4883,96.6866,69.61,5.1,mw,earthquake,reviewed
2016-12-06 22:03:33.390000+00:00,5.2834,96.1678,13.0,6.5,mw,earthquake,reviewed
2016-12-06 22:10:35.440000+00:00,5.2296,96.1855,10.0,5.3,mw,earthquake,reviewed
2016-12-06 22:18:21.460000+00:00,5.2343,96.1582,10.0,4.3,mw,earthquake,reviewed
2016-12-06 22:27:39.380000+00:00,5.3066,96.1822,10.0,4.4,mw,earthquake,reviewed
2016-12-06 22:34:11.070000+00:00,5.2515,96.0939,10.0,4.2,mw,earthquake,reviewed
2016-12-06 22:38:18.100000+00:00,5.2899,96.1701,10.0,4.4,mw,earthquake,reviewed
2016-12-06 22:40:50.720000+00:00,5.3734,96.1744,10.0,4.4,mw,earthquake,reviewed
2016-12-07 10:31:58.570000+00:00,-2.3316,99.9721,39.72,4.7,mw,earthquake,reviewed
2016-12-07 16:05:42.460000+00:00,5.1409,96.1472,14.05,4.6,mw,earthquake,reviewed
2016-12-07 16:43:01.380000+00:00,5.1146,96.1531,12.73,4.1,mw,earthquake,reviewed
2016-12-07 17:16:03.330000+00:00,5.1073,96.121,10.0,4.2,mw,earthquake,reviewed
2016-12-08 07:21:51.940000+00:00,5.189,96.1805,10.0,4.5,mw,earthquake,reviewed
2016-12-09 09:49:04.300000+00:00,5.365,96.236,22.56,4.8,mw,earthquake,reviewed
2016-12-09 14:08:03.960000+00:00,5.0747,96.1088,10.0,4.4,mw,earthquake,reviewed
2016-12-09 18:34:23.510000+00:00,-4.4567,105.9294,10.0,4.4,mw,earthquake,reviewed
2016-12-10 11:44:57.490000+00:00,2.4218,96.2847,31.16,4.2,mw,earthquake,reviewed
2016-12-10 16:42:47.750000+00:00,5.2776,96.1987,39.56,4.5,mw,earthquake,reviewed
2016-12-11 02:50:35.690000+00:00,5.3016,96.2091,17.94,5.0,mw,earthquake,reviewed
2016-12-17 00:36:48.180000+00:00,5.3577,96.3302,17.46,4.3,mw,earthquake,reviewed
2016-12-18 01:45:21.140000+00:00,2.17,99.0849,148.66,4.2,mw,earthquake,reviewed
2016-12-18 15:45:25.120000+00:00,-5.7722,103.2197,35.0,4.7,mw,earthquake,reviewed
2016-12-26 18:24:37.040000+00:00,4.1368,96.0179,77.74,5.0,mw,earthquake,reviewed
2016-12-29 01:22:26.280000+00:00,-4.7053,101.697,31.82,4.4,mw,earthquake,reviewed
2016-12-29 08:16:44.850000+00:00,-4.6133,101.7366,31.98,4.4,mw,earthquake,reviewed
2017-01-01 13:39:18.970000+00:00,-5.7514,103.7629,35.0,4.2,mw,earthquake,reviewed
2017-01-02 14:03:55.600000+00:00,1.9044,98.9469,120.31,4.6,mw,earthquake,reviewed
2017-01-05 15:39:11.750000+00:00,-4.9637,102.0506,9.76,4.3,mw,earthquake,reviewed
2017-01-06 06:15:55.770000+00:00,-2.8283,101.4996,91.8,4.9,mw,earthquake,reviewed
2017-01-06 10:24:59.220000+00:00,1.5272,98.1363,42.4,5.1,mw,earthquake,reviewed
2017-01-06 11:03:32.530000+00:00,1.4191,98.0653,56.68,4.9,mw,earthquake,reviewed
2017-01-08 07:09:32.330000+00:00,1.5076,97.1877,30.85,4.4,mw,earthquake,reviewed
2017-01-09 11:28:36.180000+00:00,-1.7147,100.3498,44.0,5.4,mw,earthquake,reviewed
2017-01-12 13:29:06.300000+00:00,-5.2669,102.7235,22.95,5.6,mw,earthquake,reviewed
2017-01-13 09:23:43.220000+00:00,0.8464,100.5422,242.96,4.7,mw,earthquake,reviewed
2017-01-16 12:42:10.680000+00:00,3.3168,98.4696,6.0,5.6,mw,earthquake,reviewed
2017-01-16 12:46:11.260000+00:00,3.2999,98.3861,3.69,4.7,mw,earthquake,reviewed
2017-01-23 20:48:17.220000+00:00,2.8201,95.5618,31.54,4.7,mw,earthquake,reviewed
2017-01-24 04:57:34.940000+00:00,-1.9155,99.5316,24.85,4.6,mw,earthquake,reviewed
2017-01-26 13:50:40.460000+00:00,-0.2946,97.0848,26.67,4.8,mw,earthquake,reviewed
2017-01-27 22:23:56.090000+00:00,-2.9353,102.6955,225.65,4.2,mw,earthquake,reviewed
2017-01-30 13:15:45.490000+00:00,-1.7774,98.9988,10.0,4.8,mw,earthquake,reviewed
2017-01-31 15:10:42.320000+00:00,2.9536,98.7408,35.0,4.3,mw,earthquake,reviewed
2017-02-02 06:34:14.570000+00:00,-5.8121,102.4199,33.81,4.8,mw,earthquake,reviewed
2017-02-03 18:07:37.680000+00:00,-2.8106,102.2034,164.67,4.4,mw,earthquake,reviewed
2017-02-04 01:36:37.430000+00:00,1.3649,97.1491,25.5,4.3,mw,earthquake,reviewed
2017-02-09 18:00:07.800000+00:00,3.3033,98.4167,11.85,4.6,mw,earthquake,reviewed
2017-02-09 21:50:54.430000+00:00,3.2843,98.5275,42.47,4.5,mw,earthquake,reviewed
2017-02-11 15:52:31.220000+00:00,-2.5379,99.4686,35.24,4.5,mw,earthquake,reviewed
2017-02-12 00:20:39.980000+00:00,-4.8441,102.9054,63.91,4.7,mw,earthquake,reviewed
2017-02-13 06:36:30.630000+00:00,3.2861,98.2171,10.0,4.5,mw,earthquake,reviewed
2017-02-13 17:11:17.890000+00:00,3.3567,98.5166,11.16,4.8,mw,earthquake,reviewed
2017-02-13 20:35:57.910000+00:00,3.3452,98.5146,8.12,5.0,mw,earthquake,reviewed
2017-02-15 17:33:22.900000+00:00,0.4888,99.7436,153.29,4.6,mw,earthquake,reviewed
2017-02-15 19:47:07.380000+00:00,5.2964,96.066,13.0,5.4,mw,earthquake,reviewed
2017-02-15 19:53:27.780000+00:00,5.2456,96.1497,10.0,5.1,mw,earthquake,reviewed
2017-02-17 05:04:32.210000+00:00,4.573,96.5459,41.74,4.7,mw,earthquake,reviewed
2017-02-17 16:58:34.430000+00:00,-1.3316,97.4907,31.76,4.5,mw,earthquake,reviewed
2017-02-21 19:23:02.380000+00:00,-4.8705,104.6152,138.64,4.4,mw,earthquake,reviewed
2017-02-22 11:13:24.460000+00:00,1.2201,99.0931,112.75,4.1,mw,earthquake,reviewed
2017-02-23 04:38:28.620000+00:00,-3.838,102.9159,81.24,4.3,mw,earthquake,reviewed
2017-02-24 08:22:36.420000+00:00,4.7036,96.9622,174.81,5.1,mw,earthquake,reviewed
2017-02-25 08:01:34.960000+00:00,5.2775,96.4632,27.79,4.4,mw,earthquake,reviewed
2017-02-26 15:22:00.020000+00:00,-4.2072,102.0171,42.72,5.5,mw,earthquake,reviewed
2017-02-27 11:47:25.970000+00:00,1.7651,99.4345,164.73,4.6,mw,earthquake,reviewed
2017-02-27 17:38:45.380000+00:00,-2.2827,100.8807,58.57,4.2,mw,earthquake,reviewed
2017-02-28 11:52:55.390000+00:00,4.4056,96.5544,35.1,4.6,mw,earthquake,reviewed
2017-03-01 18:53:17.280000+00:00,2.971,95.6626,28.36,4.1,mw,earthquake,reviewed
2017-03-03 03:43:07.240000+00:00,-2.9122,100.9556,48.54,4.5,mw,earthquake,reviewed
2017-03-12 01:26:28.310000+00:00,-4.6695,102.5798,53.84,4.7,mw,earthquake,reviewed
2017-03-12 05:48:51.550000+00:00,1.9578,98.9865,140.51,4.6,mw,earthquake,reviewed
2017-03-14 13:13:38.270000+00:00,3.6425,95.8593,44.85,5.2,mw,earthquake,reviewed
2017-03-17 22:23:00.630000+00:00,-5.9777,102.9424,10.0,4.6,mw,earthquake,reviewed
2017-03-18 10:51:10.250000+00:00,3.2783,98.4474,10.0,4.9,mw,earthquake,reviewed
2017-03-18 12:12:21.950000+00:00,1.8376,99.0438,143.64,4.7,mw,earthquake,reviewed
2017-03-19 17:11:18.810000+00:00,-2.0961,100.5341,78.62,4.3,mw,earthquake,reviewed
2017-03-21 18:48:04.730000+00:00,2.3956,98.9117,142.73,4.4,mw,earthquake,reviewed
2017-03-22 12:42:05.430000+00:00,0.4594,98.3895,56.71,4.2,mw,earthquake,reviewed
2017-03-27 13:15:26.600000+00:00,0.6114,98.4164,52.48,5.2,mw,earthquake,reviewed
2017-03-30 08:51:08.850000+00:00,-4.3584,102.3654,57.83,5.1,mw,earthquake,reviewed
2017-03-31 03:49:15.990000+00:00,-4.4069,102.1101,44.58,4.9,mw,earthquake,reviewed
2017-04-02 12:59:20.320000+00:00,0.4105,99.7847,140.91,4.1,mw,earthquake,reviewed
2017-04-02 13:55:14.680000+00:00,-3.0394,101.5421,57.16,5.4,mw,earthquake,reviewed
2017-04-13 17:03:04.340000+00:00,-2.1079,100.5634,58.77,4.7,mw,earthquake,reviewed
2017-04-19 14:35:07.080000+00:00,-1.9886,102.6106,306.36,4.6,mw,earthquake,reviewed
2017-04-21 01:22:27.750000+00:00,2.0365,96.282,10.0,4.4,mw,earthquake,reviewed
2017-04-21 04:00:30.010000+00:00,-2.1582,99.6342,30.19,5.3,mw,earthquake,reviewed
2017-04-24 03:43:09.500000+00:00,-4.7509,102.8293,57.17,4.5,mw,earthquake,reviewed
2017-04-24 15:11:24.860000+00:00,-0.1477,96.7511,29.77,4.2,mw,earthquake,reviewed
2017-04-24 15:12:25.280000+00:00,-0.2364,96.9261,28.86,4.4,mw,earthquake,reviewed
2017-04-24 17:58:38.250000+00:00,-2.5759,99.7854,30.79,4.2,mw,earthquake,reviewed
2017-04-28 22:43:38.200000+00:00,1.7029,96.862,28.64,4.5,mw,earthquake,reviewed
2017-04-29 17:52:21.560000+00:00,0.6101,99.5331,10.0,4.7,mw,earthquake,reviewed
2017-04-30 08:28:51.550000+00:00,1.6222,98.6313,90.98,4.6,mw,earthquake,reviewed
2017-04-30 16:37:29.440000+00:00,0.7853,98.4838,55.73,5.1,mw,earthquake,reviewed
2017-05-02 10:16:18.850000+00:00,-1.1398,99.9535,36.3,4.1,mw,earthquake,reviewed
2017-05-05 21:33:41.610000+00:00,-4.4073,102.2957,62.1,4.7,mw,earthquake,reviewed
2017-05-06 10:21:00.830000+00:00,0.6064,99.539,10.0,4.9,mw,earthquake,reviewed
2017-05-07 11:24:46.110000+00:00,2.459,96.8285,25.89,4.6,mw,earthquake,reviewed
2017-05-07 11:29:19.150000+00:00,3.931,95.8694,49.34,5.1,mw,earthquake,reviewed
2017-05-11 21:01:30.050000+00:00,-4.5289,101.2583,36.84,4.9,mw,earthquake,reviewed
2017-05-12 11:06:02.860000+00:00,1.9422,99.002,133.48,4.8,mw,earthquake,reviewed
2017-05-12 20:43:57.690000+00:00,0.8502,97.6878,47.82,4.3,mw,earthquake,reviewed
2017-05-16 04:52:24.990000+00:00,3.5403,99.1827,185.44,4.8,mw,earthquake,reviewed
2017-05-23 13:56:58.610000+00:00,-5.0902,102.7086,42.73,4.5,mw,earthquake,reviewed
2017-05-25 10:45:29.440000+00:00,0.4103,98.8923,67.16,4.9,mw,earthquake,reviewed
2017-05-28 16:32:41.800000+00:00,0.2684,98.579,54.75,4.2,mw,earthquake,reviewed
2017-05-28 21:54:04+00:00,4.1915,97.2775,10.0,4.9,mw,earthquake,reviewed
2017-05-30 08:28:19.350000+00:00,-5.5441,102.7462,47.1,5.4,mw,earthquake,reviewed
2017-05-30 09:40:15.270000+00:00,-1.286,99.5969,35.0,4.6,mw,earthquake,reviewed
2017-06-05 14:46:09.990000+00:00,0.3057,99.5322,105.92,4.7,mw,earthquake,reviewed
2017-06-07 13:08:23.730000+00:00,-2.168,102.2183,205.08,4.3,mw,earthquake,reviewed
2017-06-12 20:34:26.130000+00:00,-4.5937,102.5848,52.62,4.4,mw,earthquake,reviewed
2017-06-13 22:27:05.390000+00:00,-4.6262,102.2317,53.27,4.5,mw,earthquake,reviewed
2017-06-17 21:27:12.170000+00:00,-3.2652,101.1271,49.01,4.4,mw,earthquake,reviewed
2017-06-19 07:32:42.980000+00:00,1.1216,97.1806,29.09,4.3,mw,earthquake,reviewed
2017-06-20 18:21:41.470000+00:00,-4.1281,102.1165,64.6,5.3,mw,earthquake,reviewed
2017-06-21 05:25:03.390000+00:00,0.6052,98.5217,47.42,4.7,mw,earthquake,reviewed
2017-06-22 01:29:12.730000+00:00,-4.5698,102.6039,52.51,4.4,mw,earthquake,reviewed
2017-06-22 14:38:46.680000+00:00,-5.9678,102.3471,10.0,5.2,mw,earthquake,reviewed
2017-06-23 17:06:48.690000+00:00,-1.8294,99.2771,10.0,4.4,mw,earthquake,reviewed
2017-06-24 15:34:10.590000+00:00,0.6251,98.1142,32.53,4.9,mw,earthquake,reviewed
2017-06-25 14:38:23.110000+00:00,2.4923,95.8831,23.56,4.3,mw,earthquake,reviewed
2017-06-26 15:52:33.730000+00:00,-4.0625,101.9279,40.89,4.3,mw,earthquake,reviewed
2017-07-05 14:38:58.470000+00:00,-4.338,102.9257,62.58,4.7,mw,earthquake,reviewed
2017-07-08 19:34:39.910000+00:00,1.1943,99.3953,22.94,4.6,mw,earthquake,reviewed
2017-07-09 13:02:53.370000+00:00,-4.3374,100.9072,14.82,4.8,mw,earthquake,reviewed
2017-07-09 18:52:55.260000+00:00,-2.5313,101.0096,64.77,4.4,mw,earthquake,reviewed
2017-07-10 13:37:04.600000+00:00,0.6123,98.9016,88.0,4.1,mw,earthquake,reviewed
2017-07-11 01:24:32.110000+00:00,2.7455,98.9789,146.54,5.4,mw,earthquake,reviewed
2017-07-13 07:40:59.750000+00:00,1.3325,97.1282,31.49,4.6,mw,earthquake,reviewed
2017-07-14 01:25:15.640000+00:00,1.4763,99.1935,10.0,5.0,mw,earthquake,reviewed
2017-07-14 10:12:59.500000+00:00,1.4122,99.1495,10.0,4.4,mw,earthquake,reviewed
2017-07-15 07:00:45.870000+00:00,0.6343,97.1886,28.92,4.4,mw,earthquake,reviewed
2017-07-16 17:01:39.440000+00:00,-2.8351,101.9677,104.23,4.3,mw,earthquake,reviewed
2017-07-17 16:19:06.050000+00:00,-5.2111,103.3465,57.59,4.9,mw,earthquake,reviewed
2017-07-19 15:36:09.290000+00:00,-4.2667,102.2033,47.95,4.3,mw,earthquake,reviewed
2017-07-22 19:10:17.110000+00:00,0.9984,96.9326,10.0,4.4,mw,earthquake,reviewed
2017-07-23 03:33:43.380000+00:00,-5.6301,103.7242,40.67,4.8,mw,earthquake,reviewed
2017-07-25 23:23:23.430000+00:00,-5.6622,101.3798,10.0,5.3,mw,earthquake,reviewed
2017-07-25 23:57:50.040000+00:00,-5.6513,101.3947,10.0,5.0,mw,earthquake,reviewed
2017-07-26 00:21:49.810000+00:00,-5.8879,101.252,10.0,4.7,mw,earthquake,reviewed
2017-07-27 19:24:47.430000+00:00,-4.3959,101.9417,50.48,5.2,mw,earthquake,reviewed
2017-07-31 14:00:27.450000+00:00,-2.6718,102.2422,158.65,5.2,mw,earthquake,reviewed
2017-08-01 17:50:15.580000+00:00,0.0886,98.6265,35.11,4.6,mw,earthquake,reviewed
2017-08-01 22:05:51.430000+00:00,-5.7228,102.6069,29.4,4.4,mw,earthquake,reviewed
2017-08-05 21:32:41.560000+00:00,2.1215,97.8577,57.9,4.7,mw,earthquake,reviewed
2017-08-08 11:04:01.710000+00:00,-5.2847,102.4463,35.84,4.7,mw,earthquake,reviewed
2017-08-09 05:41:22.100000+00:00,-5.3129,102.4112,38.72,4.7,mw,earthquake,reviewed
2017-08-09 09:10:32.020000+00:00,-4.8056,103.1618,57.53,4.4,mw,earthquake,reviewed
2017-08-13 03:08:10.560000+00:00,-3.7682,101.6228,31.0,6.4,mw,earthquake,reviewed
2017-08-13 05:05:01.080000+00:00,-3.8027,101.3993,35.0,4.4,mw,earthquake,reviewed
2017-08-15 08:06:24.320000+00:00,1.0477,100.0394,214.02,4.2,mw,earthquake,reviewed
2017-08-16 04:09:03.430000+00:00,-2.2958,99.891,21.4,5.4,mw,earthquake,reviewed
2017-08-20 01:06:21.310000+00:00,-4.1154,103.6789,38.94,4.7,mw,earthquake,reviewed
2017-08-26 15:30:41.900000+00:00,2.5076,95.8388,10.0,4.7,mw,earthquake,reviewed
2017-08-28 22:59:52.630000+00:00,2.1757,99.2059,150.46,4.3,mw,earthquake,reviewed
2017-08-30 09:07:43.850000+00:00,4.8664,95.8434,35.0,4.4,mw,earthquake,reviewed
2017-08-31 17:06:55.750000+00:00,-1.159,99.6881,43.14,6.3,mw,earthquake,reviewed
2017-09-02 13:01:03.150000+00:00,2.8026,95.8288,49.21,4.3,mw,earthquake,reviewed
2017-09-15 12:37:01.400000+00:00,1.5765,99.5043,158.57,5.1,mw,earthquake,reviewed
2017-09-19 21:31:33.670000+00:00,2.9758,96.8408,59.69,4.4,mw,earthquake,reviewed
2017-09-20 13:17:38.180000+00:00,1.1132,97.2894,34.47,4.6,mw,earthquake,reviewed
2017-09-24 10:26:37.510000+00:00,-3.5379,101.4422,76.33,4.6,mw,earthquake,reviewed
2017-09-24 20:10:08.010000+00:00,-3.3743,102.0946,80.93,5.1,mw,earthquake,reviewed
2017-09-26 05:46:28.200000+00:00,-5.7548,101.3078,10.0,5.0,mw,earthquake,reviewed
2017-10-01 04:43:47.010000+00:00,-2.8925,100.0895,56.12,4.4,mw,earthquake,reviewed
2017-10-01 16:02:40.340000+00:00,0.1686,98.4874,50.38,4.3,mw,earthquake,reviewed
2017-10-02 13:25:48.700000+00:00,2.1471,96.7318,30.26,4.4,mw,earthquake,reviewed
2017-10-07 23:10:55.440000+00:00,1.272,97.2022,34.69,4.3,mw,earthquake,reviewed
2017-10-08 05:46:08.660000+00:00,-3.2559,100.8025,35.03,4.3,mw,earthquake,reviewed
2017-10-10 00:27:23.590000+00:00,2.1606,97.743,57.26,4.5,mw,earthquake,reviewed
2017-10-11 09:22:50.520000+00:00,4.4346,96.4442,10.0,4.3,mw,earthquake,reviewed
2017-10-13 11:12:04.350000+00:00,0.8399,97.0975,10.0,4.2,mw,earthquake,reviewed
2017-10-15 14:26:25.390000+00:00,0.6029,100.0556,177.13,4.1,mw,earthquake,reviewed
2017-10-17 13:30:36.600000+00:00,3.8405,95.8005,50.12,4.7,mw,earthquake,reviewed
2017-10-18 20:51:50.970000+00:00,2.5862,99.0051,154.74,4.5,mw,earthquake,reviewed
2017-10-19 17:07:24.780000+00:00,-4.6961,101.8219,42.19,4.5,mw,earthquake,reviewed
2017-10-19 17:50:40.440000+00:00,-5.4559,104.8783,37.42,4.5,mw,earthquake,reviewed
2017-10-19 21:18:44.570000+00:00,2.6663,95.8752,27.73,4.9,mw,earthquake,reviewed
2017-10-22 02:52:05.430000+00:00,3.0611,95.9635,42.98,4.3,mw,earthquake,reviewed
2017-10-27 10:14:54.340000+00:00,2.0746,96.5271,21.03,4.7,mw,earthquake,reviewed
2017-10-30 15:24:44.150000+00:00,0.6334,98.6651,75.01,4.2,mw,earthquake,reviewed
2017-10-31 00:31:35.370000+00:00,3.101,98.5486,10.0,4.5,mw,earthquake,reviewed
2017-11-07 10:49:14.870000+00:00,-5.2828,102.8109,13.46,4.4,mw,earthquake,reviewed
2017-11-07 20:20:08.160000+00:00,1.3507,97.108,36.78,4.5,mw,earthquake,reviewed
2017-11-12 12:07:10.560000+00:00,2.813,98.9588,159.15,4.4,mw,earthquake,reviewed
2017-11-15 22:47:38.930000+00:00,-2.3324,101.7019,105.05,4.5,mw,earthquake,reviewed
2017-11-18 13:48:30.690000+00:00,-5.0245,103.3966,63.88,4.5,mw,earthquake,reviewed
2017-11-20 20:21:02.390000+00:00,2.0176,97.3738,56.87,4.1,mw,earthquake,reviewed
2017-11-20 23:41:56.280000+00:00,1.3731,96.9813,17.44,5.1,mw,earthquake,reviewed
2017-11-20 23:51:59.360000+00:00,1.4227,96.9052,10.0,4.5,mw,earthquake,reviewed
2017-11-21 18:51:34.080000+00:00,-3.6709,101.5643,39.82,4.6,mw,earthquake,reviewed
2017-11-21 19:26:38.860000+00:00,2.2806,96.5356,36.95,4.4,mw,earthquake,reviewed
2017-11-26 05:18:33.470000+00:00,-3.7297,101.3591,29.4,4.3,mw,earthquake,reviewed
2017-11-26 19:06:41.450000+00:00,-5.811,105.7043,24.25,4.9,mw,earthquake,reviewed
2017-11-28 03:49:37.610000+00:00,1.492,98.9241,106.88,4.6,mw,earthquake,reviewed
2017-12-05 13:12:13.290000+00:00,1.1554,97.1806,33.9,4.3,mw,earthquake,reviewed
2017-12-05 20:46:30.760000+00:00,-3.1108,102.1648,45.54,5.2,mw,earthquake,reviewed
2017-12-07 15:16:35.310000+00:00,-5.028,102.9493,53.36,5.4,mw,earthquake,reviewed
2017-12-08 17:37:30.600000+00:00,3.3034,97.5357,77.61,4.6,mw,earthquake,reviewed
2017-12-09 03:19:20.770000+00:00,1.1417,97.3018,37.07,4.4,mw,earthquake,reviewed
2017-12-13 13:37:31.090000+00:00,2.4004,98.9469,133.85,4.7,mw,earthquake,reviewed
2017-12-16 17:20:43.050000+00:00,-2.4692,99.7379,34.59,4.4,mw,earthquake,reviewed
2017-12-17 12:12:58.030000+00:00,-1.8608,100.3584,46.74,4.7,mw,earthquake,reviewed
2017-12-22 10:26:05.780000+00:00,-1.1239,100.7532,75.92,4.2,mw,earthquake,reviewed
2017-12-22 17:41:15.110000+00:00,-4.3445,101.9407,44.72,4.8,mw,earthquake,reviewed
2017-12-25 03:38:14.330000+00:00,2.5253,95.8889,30.45,4.5,mw,earthquake,reviewed
2017-12-26 05:29:07.600000+00:00,-4.3014,102.2395,53.4,4.4,mw,earthquake,reviewed
2017-12-29 09:25:55.010000+00:00,-5.4688,104.9811,134.83,4.2,mw,earthquake,reviewed
2017-12-29 19:14:30.630000+00:00,-2.8144,101.0362,48.14,4.9,mw,earthquake,reviewed
2018-01-01 07:26:01.980000+00:00,-4.3179,102.1873,52.09,4.9,mw,earthquake,reviewed
2018-01-03 14:46:14.600000+00:00,-5.8764,103.2125,39.9,4.6,mw,earthquake,reviewed
2018-01-04 10:39:24.860000+00:00,-5.6368,102.6738,33.27,4.5,mw,earthquake,reviewed
2018-01-04 15:54:06.440000+00:00,-1.2136,101.0692,149.82,4.4,mw,earthquake,reviewed
2018-01-06 10:26:39.180000+00:00,0.3687,98.6231,50.62,5.0,mw,earthquake,reviewed
2018-01-08 15:51:06.220000+00:00,2.5258,95.796,27.29,4.5,mw,earthquake,reviewed
2018-01-10 20:53:38.330000+00:00,1.1877,98.8931,95.23,4.2,mw,earthquake,reviewed
2018-01-13 07:11:27.200000+00:00,-4.9212,102.9261,57.68,4.8,mw,earthquake,reviewed
2018-01-14 04:53:58.980000+00:00,-3.5722,101.6537,49.22,4.7,mw,earthquake,reviewed
2018-01-19 19:55:55.730000+00:00,1.341,96.9939,29.36,4.4,mw,earthquake,reviewed
2018-01-24 00:40:15.170000+00:00,-4.6491,102.5962,69.24,4.8,mw,earthquake,reviewed
2018-01-24 06:57:08.720000+00:00,2.6712,95.5087,27.61,5.0,mw,earthquake,reviewed
2018-01-27 22:53:18.200000+00:00,3.7037,96.3074,66.85,4.3,mw,earthquake,reviewed
2018-02-03 22:50:44.320000+00:00,1.0933,98.9957,107.4,4.4,mw,earthquake,reviewed
2018-02-03 23:23:52.810000+00:00,-1.3217,99.6977,48.8,4.8,mw,earthquake,reviewed
2018-02-05 01:31:42.920000+00:00,-4.4019,102.314,71.33,4.3,mw,earthquake,reviewed
2018-02-08 09:52:47.020000+00:00,4.7466,96.194,10.0,5.2,mw,earthquake,reviewed
2018-02-09 12:54:05.440000+00:00,-2.2314,99.5544,26.3,4.3,mw,earthquake,reviewed
2018-02-12 09:56:54.490000+00:00,-2.0926,100.6263,68.15,4.7,mw,earthquake,reviewed
2018-02-12 15:38:16.930000+00:00,-5.9715,102.6066,10.0,4.4,mw,earthquake,reviewed
2018-02-12 19:15:40.290000+00:00,-4.7262,101.0863,10.0,4.4,mw,earthquake,reviewed
2018-02-13 21:26:44.920000+00:00,-5.9672,105.8132,166.62,4.4,mw,earthquake,reviewed
2018-02-14 05:46:07.490000+00:00,-0.0028,97.3656,27.34,4.8,mw,earthquake,reviewed
2018-02-14 20:28:10.280000+00:00,3.7576,96.3726,61.2,4.2,mw,earthquake,reviewed
2018-02-15 20:41:53.640000+00:00,-4.8786,102.9326,60.33,4.6,mw,earthquake,reviewed
2018-02-16 12:40:34.870000+00:00,-0.2776,99.0223,71.03,4.3,mw,earthquake,reviewed
2018-02-17 19:52:15.230000+00:00,-5.9457,102.8094,21.92,4.3,mw,earthquake,reviewed
2018-02-19 16:04:11.060000+00:00,-1.7713,100.5524,76.38,4.5,mw,earthquake,reviewed
2018-02-20 03:09:20.910000+00:00,0.8532,99.972,177.27,4.5,mw,earthquake,reviewed
2018-02-20 23:40:49.670000+00:00,1.037,98.7305,81.53,4.6,mw,earthquake,reviewed
2018-02-21 19:30:37.100000+00:00,-5.9015,103.0021,10.0,4.4,mw,earthquake,reviewed
2018-02-22 03:25:33.160000+00:00,-2.8291,100.3816,35.0,4.7,mw,earthquake,reviewed
2018-02-24 01:17:11.430000+00:00,2.3017,98.6888,10.2,4.6,mw,earthquake,reviewed
2018-02-24 10:02:34.440000+00:00,2.0672,98.859,17.02,5.0,mw,earthquake,reviewed
2018-02-25 03:27:09.530000+00:00,-3.0791,101.8513,53.08,4.2,mw,earthquake,reviewed
2018-02-25 14:23:19.900000+00:00,-0.4532,99.151,58.41,4.3,mw,earthquake,reviewed
2018-02-25 18:07:40.550000+00:00,2.6224,95.9222,30.44,4.9,mw,earthquake,reviewed
2018-03-01 01:35:49.680000+00:00,1.0047,98.7464,71.1,5.2,mw,earthquake,reviewed
2018-03-01 03:17:06.430000+00:00,0.998,98.7382,66.77,5.3,mw,earthquake,reviewed
2018-03-02 08:21:10.110000+00:00,1.8323,98.9297,123.36,4.5,mw,earthquake,reviewed
2018-03-02 09:13:44.580000+00:00,3.4302,97.8383,129.95,4.8,mw,earthquake,reviewed
2018-03-02 21:03:42.830000+00:00,-0.1719,96.7849,10.0,5.1,mw,earthquake,reviewed
2018-03-06 16:21:31.810000+00:00,-5.3128,102.3754,32.3,4.7,mw,earthquake,reviewed
2018-03-06 16:43:16.690000+00:00,-5.5297,102.4175,13.02,4.6,mw,earthquake,reviewed
2018-03-13 04:33:38.880000+00:00,1.9973,99.0036,124.41,5.2,mw,earthquake,reviewed
2018-03-13 09:43:26.380000+00:00,-4.0163,102.0732,58.93,4.3,mw,earthquake,reviewed
2018-03-14 17:15:51.190000+00:00,1.1604,95.9918,10.0,4.2,mw,earthquake,reviewed
2018-03-15 00:50:48.240000+00:00,-4.1465,100.4813,10.0,4.6,mw,earthquake,reviewed
2018-03-15 05:24:05.850000+00:00,5.3284,96.2216,15.24,4.6,mw,earthquake,reviewed
2018-03-16 04:37:15.290000+00:00,0.2752,98.5981,36.11,4.5,mw,earthquake,reviewed
2018-03-16 07:28:43.740000+00:00,-4.2155,100.4365,10.0,4.2,mw,earthquake,reviewed
2018-03-18 13:54:07.020000+00:00,-2.841,101.107,49.06,4.4,mw,earthquake,reviewed
2018-03-18 15:01:59.870000+00:00,-0.4724,98.9141,46.97,4.3,mw,earthquake,reviewed
2018-03-19 07:28:40.940000+00:00,-5.0766,102.6224,49.7,4.4,mw,earthquake,reviewed
2018-03-20 12:37:14.970000+00:00,2.1018,97.798,56.34,4.4,mw,earthquake,reviewed
2018-03-21 07:12:30.590000+00:00,2.7313,95.5774,27.94,4.7,mw,earthquake,reviewed
2018-03-22 00:08:03.290000+00:00,-4.5415,102.8449,63.67,5.4,mw,earthquake,reviewed
2018-03-22 06:40:48.250000+00:00,-3.9709,103.5954,154.3,4.6,mw,earthquake,reviewed
2018-03-26 09:23:08.690000+00:00,1.5341,95.5497,28.8,4.4,mw,earthquake,reviewed
2018-03-26 21:32:34.040000+00:00,-5.9407,102.6726,19.01,4.8,mw,earthquake,reviewed
2018-03-29 03:33:12.490000+00:00,1.1268,98.8486,94.61,5.0,mw,earthquake,reviewed
2018-03-29 19:37:54.980000+00:00,2.5129,95.8538,8.55,4.7,mw,earthquake,reviewed
2018-03-29 20:58:42.060000+00:00,2.5574,95.9851,27.07,5.1,mw,earthquake,reviewed
2018-03-30 08:48:59.010000+00:00,4.7038,96.3475,26.65,4.5,mw,earthquake,reviewed
2018-04-04 17:16:35.210000+00:00,-2.0543,99.2907,10.0,4.5,mw,earthquake,reviewed
2018-04-04 18:37:30.200000+00:00,-2.1817,99.3295,10.0,4.4,mw,earthquake,reviewed
2018-04-04 23:46:03.820000+00:00,-2.175,99.3586,10.0,5.0,mw,earthquake,reviewed
2018-04-07 12:39:17.520000+00:00,-5.056,101.8063,44.24,4.3,mw,earthquake,reviewed
2018-04-08 02:24:55.840000+00:00,-2.409,100.5189,35.0,4.5,mw,earthquake,reviewed
2018-04-08 20:20:39.420000+00:00,-2.3285,100.6903,69.68,4.5,mw,earthquake,reviewed
2018-04-09 08:18:27.320000+00:00,-4.7269,100.7282,10.0,4.4,mw,earthquake,reviewed
2018-04-11 17:37:01.720000+00:00,3.6983,95.5692,47.77,5.0,mw,earthquake,reviewed
2018-04-13 23:51:11.240000+00:00,-2.3503,100.7228,67.5,4.5,mw,earthquake,reviewed
2018-04-14 14:47:51.740000+00:00,-4.8335,102.0937,53.16,4.8,mw,earthquake,reviewed
2018-04-15 12:23:34.820000+00:00,-1.1302,100.1109,90.76,4.3,mw,earthquake,reviewed
2018-04-17 13:55:07.680000+00:00,-5.338,102.3663,35.75,4.6,mw,earthquake,reviewed
2018-04-19 13:34:35.040000+00:00,2.1331,96.2282,10.0,5.0,mw,earthquake,reviewed
2018-04-21 11:36:33.330000+00:00,-3.3659,101.5937,65.86,4.7,mw,earthquake,reviewed
2018-04-21 15:16:48.730000+00:00,1.7998,96.5101,34.77,4.6,mw,earthquake,reviewed
2018-04-23 13:51:39.170000+00:00,-3.2574,104.1041,365.24,4.1,mw,earthquake,reviewed
2018-04-27 10:54:58.190000+00:00,-4.0025,102.7738,89.86,4.9,mw,earthquake,reviewed
2018-04-29 19:05:57.200000+00:00,4.7093,96.2113,31.26,4.6,mw,earthquake,reviewed
2018-04-30 22:55:43.890000+00:00,-3.2078,100.7547,39.27,4.3,mw,earthquake,reviewed
2018-05-04 22:11:02.030000+00:00,2.546,95.7925,27.5,4.2,mw,earthquake,reviewed
2018-05-05 21:02:55.730000+00:00,1.9247,98.9744,129.99,4.7,mw,earthquake,reviewed
2018-05-07 15:10:05.180000+00:00,-5.2151,102.4875,36.85,4.3,mw,earthquake,reviewed
2018-05-07 19:39:30.770000+00:00,-2.4012,100.5304,43.35,4.2,mw,earthquake,reviewed
2018-05-08 17:14:12.190000+00:00,2.1623,96.7033,29.79,4.7,mw,earthquake,reviewed
2018-05-10 16:46:42.660000+00:00,2.1959,96.7202,29.35,4.6,mw,earthquake,reviewed
2018-05-14 01:52:14.020000+00:00,1.9683,96.6703,27.89,4.1,mw,earthquake,reviewed
2018-05-15 01:20:53.110000+00:00,-3.8201,101.6129,46.13,4.4,mw,earthquake,reviewed
2018-05-19 03:57:17.370000+00:00,-5.9892,105.8026,156.9,4.5,mw,earthquake,reviewed
2018-05-19 19:08:36.940000+00:00,-4.26,102.4143,59.14,5.1,mw,earthquake,reviewed
2018-05-19 23:03:43.390000+00:00,-4.2028,102.0625,60.79,4.6,mw,earthquake,reviewed
2018-05-20 18:05:46.690000+00:00,4.8038,96.1063,10.0,4.7,mw,earthquake,reviewed
2018-05-28 07:27:04.110000+00:00,0.5135,99.8919,162.32,4.4,mw,earthquake,reviewed
2018-05-29 03:21:56.560000+00:00,1.3928,97.0956,23.45,4.9,mw,earthquake,reviewed
2018-06-03 19:05:31.240000+00:00,-2.1562,100.5519,70.21,4.4,mw,earthquake,reviewed
2018-06-04 06:31:32.880000+00:00,-5.068,102.6592,35.0,5.0,mw,earthquake,reviewed
2018-06-05 02:03:17.450000+00:00,-4.5778,101.837,39.85,4.5,mw,earthquake,reviewed
2018-06-11 11:34:08.410000+00:00,1.8024,99.5667,175.65,4.5,mw,earthquake,reviewed
2018-06-12 23:08:28.310000+00:00,-2.0196,98.5876,9.0,5.9,mw,earthquake,reviewed
2018-06-12 23:46:11.940000+00:00,-1.9469,98.6868,10.0,5.7,mw,earthquake,reviewed
2018-06-13 02:07:57.240000+00:00,-1.9281,98.6717,10.0,5.5,mw,earthquake,reviewed
2018-06-13 06:59:02.670000+00:00,-1.9309,98.6411,19.0,5.5,mw,earthquake,reviewed
2018-06-13 14:23:15.490000+00:00,-2.1034,98.5695,17.41,4.5,mw,earthquake,reviewed
2018-06-13 23:06:11.350000+00:00,-1.8316,98.6279,10.0,5.0,mw,earthquake,reviewed
2018-06-15 21:11:15.100000+00:00,1.1886,99.7231,171.73,4.6,mw,earthquake,reviewed
2018-06-18 09:48:16.840000+00:00,-2.5003,99.8302,34.1,5.0,mw,earthquake,reviewed
2018-06-19 13:14:05.780000+00:00,5.3748,97.0164,13.64,4.7,mw,earthquake,reviewed
2018-06-21 00:13:22.310000+00:00,0.8519,99.4156,10.0,4.4,mw,earthquake,reviewed
2018-06-21 19:54:51.460000+00:00,0.5471,98.0106,35.0,4.1,mw,earthquake,reviewed
2018-06-25 06:22:13.440000+00:00,-2.8132,100.2067,29.15,5.1,mw,earthquake,reviewed
2018-06-25 06:27:18.150000+00:00,-3.0262,99.9653,10.0,4.5,mw,earthquake,reviewed
2018-06-26 21:40:46.540000+00:00,-1.8661,100.3267,55.08,4.7,mw,earthquake,reviewed
2018-06-27 11:38:39.730000+00:00,1.2691,97.0479,26.26,4.9,mw,earthquake,reviewed
2018-06-28 17:01:46.640000+00:00,0.9661,96.9733,10.0,4.3,mw,earthquake,reviewed
2018-06-28 22:15:33.630000+00:00,4.4088,96.58,10.0,4.5,mw,earthquake,reviewed
2018-06-29 18:58:25.540000+00:00,-4.4815,102.0186,43.3,4.5,mw,earthquake,reviewed
2018-06-30 18:56:32.180000+00:00,-1.1346,98.0495,30.25,4.3,mw,earthquake,reviewed
2018-07-03 14:06:04.300000+00:00,1.1288,99.1988,97.73,4.8,mw,earthquake,reviewed
2018-07-06 17:53:04.600000+00:00,0.2887,98.4563,41.39,4.3,mw,earthquake,reviewed
2018-07-07 18:10:21.300000+00:00,1.7383,99.4747,174.4,4.3,mw,earthquake,reviewed
2018-07-07 22:25:57.110000+00:00,0.3846,98.5448,49.74,4.3,mw,earthquake,reviewed
2018-07-08 19:46:35.460000+00:00,-5.7941,103.3884,22.11,5.3,mw,earthquake,reviewed
2018-07-09 05:40:26.340000+00:00,2.4,99.06,160.24,4.9,mw,earthquake,reviewed
2018-07-10 01:24:32.920000+00:00,-2.8691,100.0027,33.34,5.0,mw,earthquake,reviewed
2018-07-13 18:02:43.050000+00:00,2.6375,99.1963,169.25,4.7,mw,earthquake,reviewed
2018-07-14 14:40:11.750000+00:00,-5.2059,102.8814,44.84,5.0,mw,earthquake,reviewed
2018-07-18 20:12:23.380000+00:00,3.0041,98.057,111.16,4.4,mw,earthquake,reviewed
2018-07-20 19:58:07.220000+00:00,-1.6945,99.8389,15.53,5.2,mw,earthquake,reviewed
2018-07-21 07:58:16+00:00,-0.9686,100.7688,10.0,5.2,mw,earthquake,reviewed
2018-07-26 10:35:02.910000+00:00,-1.6364,99.9921,54.15,4.5,mw,earthquake,reviewed
2018-07-26 15:10:01.830000+00:00,-1.9326,99.6708,35.08,4.4,mw,earthquake,reviewed
2018-07-26 15:12:47.380000+00:00,-1.9093,99.6113,19.85,4.6,mw,earthquake,reviewed
2018-07-28 09:33:07.270000+00:00,-4.5747,103.8107,214.95,4.5,mw,earthquake,reviewed
2018-07-28 20:38:32.580000+00:00,-2.2298,100.7614,64.45,4.6,mw,earthquake,reviewed
2018-07-30 13:34:28.030000+00:00,0.5973,98.2642,35.0,5.0,mw,earthquake,reviewed
2018-07-30 21:44:23.960000+00:00,0.125,96.591,10.0,4.8,mw,earthquake,reviewed
2018-07-31 12:40:31.110000+00:00,0.7023,98.5522,47.52,4.7,mw,earthquake,reviewed
2018-07-31 20:28:57.320000+00:00,-1.8257,100.3719,55.42,5.0,mw,earthquake,reviewed
2018-08-01 15:25:29+00:00,-5.5715,102.604,22.77,4.6,mw,earthquake,reviewed
2018-08-03 12:40:24.340000+00:00,-4.6178,102.9634,72.35,4.6,mw,earthquake,reviewed
2018-08-05 05:17:55.520000+00:00,1.132,97.3778,35.0,4.5,mw,earthquake,reviewed
2018-08-05 08:56:24.820000+00:00,-2.3473,99.4295,21.0,5.0,mw,earthquake,reviewed
2018-08-05 09:40:13.700000+00:00,-2.263,99.375,10.0,4.6,mw,earthquake,reviewed
2018-08-05 09:49:23.400000+00:00,-2.003,99.3651,10.0,4.5,mw,earthquake,reviewed
2018-08-05 09:51:27.180000+00:00,-2.294,99.468,10.0,5.1,mw,earthquake,reviewed
2018-08-05 11:14:49.960000+00:00,-1.6608,99.9721,36.99,4.6,mw,earthquake,reviewed
2018-08-10 13:36:44.410000+00:00,-3.2475,102.2771,117.01,5.0,mw,earthquake,reviewed
2018-08-12 09:04:29.440000+00:00,2.3749,96.2295,35.0,4.8,mw,earthquake,reviewed
2018-08-12 09:37:57.850000+00:00,2.5722,96.247,35.0,4.8,mw,earthquake,reviewed
2018-08-16 03:10:25.260000+00:00,0.6494,98.3562,35.0,4.9,mw,earthquake,reviewed
2018-08-19 04:22:31.290000+00:00,-0.7115,99.7892,81.1,5.3,mw,earthquake,reviewed
2018-08-19 06:43:04.080000+00:00,-3.7515,100.7001,35.0,4.8,mw,earthquake,reviewed
2018-08-19 21:32:52.540000+00:00,1.936,98.1239,66.8,4.7,mw,earthquake,reviewed
2018-08-20 10:51:05.360000+00:00,1.0406,97.3762,25.69,5.3,mw,earthquake,reviewed
2018-08-20 19:40:51.200000+00:00,-3.3676,100.6979,33.2,4.6,mw,earthquake,reviewed
2018-08-22 06:53:41.160000+00:00,2.3409,96.2647,33.01,4.7,mw,earthquake,reviewed
2018-08-22 13:54:33.360000+00:00,-4.6423,102.8041,52.13,4.5,mw,earthquake,reviewed
2018-08-22 22:31:22.590000+00:00,0.4284,97.7878,28.27,4.1,mw,earthquake,reviewed
2018-08-23 02:56:38.840000+00:00,2.6208,95.6433,25.97,4.6,mw,earthquake,reviewed
2018-08-26 15:17:17.910000+00:00,-3.2681,102.0273,99.08,4.6,mw,earthquake,reviewed
2018-08-30 01:54:27.430000+00:00,-0.8032,97.4638,26.65,4.5,mw,earthquake,reviewed
2018-09-02 11:30:58.290000+00:00,-2.6387,102.1355,150.57,4.3,mw,earthquake,reviewed
2018-09-06 00:13:50.110000+00:00,0.821,96.8947,10.0,5.5,mw,earthquake,reviewed
2018-09-06 19:28:32.550000+00:00,-3.8976,102.4097,81.03,4.3,mw,earthquake,reviewed
2018-09-08 20:18:42.780000+00:00,2.328,96.06,10.0,4.5,mw,earthquake,reviewed
2018-09-09 05:11:18.340000+00:00,-2.3163,100.7438,55.8,4.4,mw,earthquake,reviewed
2018-09-10 21:28:10.960000+00:00,2.0186,96.636,28.07,4.5,mw,earthquake,reviewed
2018-09-11 12:52:35.180000+00:00,-4.5489,102.163,49.87,4.7,mw,earthquake,reviewed
2018-09-12 07:27:50.190000+00:00,-5.2755,102.3876,42.9,5.2,mw,earthquake,reviewed
2018-09-12 23:05:12.680000+00:00,4.0903,96.4174,24.67,4.3,mw,earthquake,reviewed
2018-09-13 23:30:14.540000+00:00,0.8876,96.8883,10.0,4.3,mw,earthquake,reviewed
2018-09-16 06:54:33.160000+00:00,-4.9123,102.9571,50.13,5.1,mw,earthquake,reviewed
2018-09-17 15:40:18.580000+00:00,-2.619,102.3618,147.45,4.3,mw,earthquake,reviewed
2018-09-18 07:33:41.950000+00:00,5.341,96.3888,47.1,4.8,mw,earthquake,reviewed
2018-09-18 16:38:43.310000+00:00,-4.8987,102.84,38.89,4.5,mw,earthquake,reviewed
2018-09-19 11:14:42.460000+00:00,2.0635,99.4672,169.62,4.3,mw,earthquake,reviewed
2018-09-20 13:39:51.840000+00:00,-1.1518,98.0018,30.69,4.5,mw,earthquake,reviewed
2018-09-22 16:04:02.060000+00:00,1.9933,98.9647,128.49,4.4,mw,earthquake,reviewed
2018-09-23 10:57:31.970000+00:00,0.849,98.6214,65.24,4.7,mw,earthquake,reviewed
2018-09-25 21:16:51.560000+00:00,-4.8634,102.9795,63.84,4.9,mw,earthquake,reviewed
2018-09-26 17:51:41.320000+00:00,4.5478,97.8129,10.0,5.1,mw,earthquake,reviewed
2018-09-28 09:20:38.900000+00:00,0.8774,97.0156,35.0,4.7,mw,earthquake,reviewed
2018-09-28 11:31:51.840000+00:00,4.757,95.8082,10.0,4.7,mw,earthquake,reviewed
2018-09-28 12:23:04.100000+00:00,1.9228,99.3777,158.36,4.3,mw,earthquake,reviewed
2018-09-28 14:56:09.580000+00:00,1.1207,95.75,10.0,4.6,mw,earthquake,reviewed
2018-09-29 12:04:25.050000+00:00,1.608,99.5519,178.52,4.5,mw,earthquake,reviewed
2018-10-02 20:12:52.120000+00:00,3.6068,98.0176,141.4,4.2,mw,earthquake,reviewed
2018-10-04 18:27:40.250000+00:00,-4.6372,101.8232,23.66,4.8,mw,earthquake,reviewed
2018-10-10 08:41:19.700000+00:00,-5.7754,102.9442,36.48,4.5,mw,earthquake,reviewed
2018-10-10 08:51:18.240000+00:00,0.9506,96.9718,10.0,4.3,mw,earthquake,reviewed
2018-10-12 10:07:49.710000+00:00,-3.9086,101.1964,35.0,4.3,mw,earthquake,reviewed
2018-10-13 22:33:31.770000+00:00,1.2434,96.9303,10.0,4.3,mw,earthquake,reviewed
2018-10-15 16:26:51.450000+00:00,3.8752,95.8958,49.71,5.0,mw,earthquake,reviewed
2018-10-16 00:34:56.170000+00:00,2.4736,96.9742,37.62,4.7,mw,earthquake,reviewed
2018-10-18 04:22:55.180000+00:00,2.1076,97.678,51.78,4.7,mw,earthquake,reviewed
2018-10-18 04:29:02.550000+00:00,4.6929,96.1288,6.68,5.0,mw,earthquake,reviewed
2018-10-18 22:12:17.600000+00:00,1.887,99.022,122.17,5.0,mw,earthquake,reviewed
2018-10-28 22:24:20.230000+00:00,1.9289,98.9266,119.78,4.4,mw,earthquake,reviewed
2018-11-01 00:57:55.240000+00:00,1.0272,96.8396,10.0,4.8,mw,earthquake,reviewed
2018-11-02 11:28:06.740000+00:00,4.0836,96.9095,35.0,4.7,mw,earthquake,reviewed
2018-11-03 15:58:32.860000+00:00,-3.7587,101.8213,45.56,5.2,mw,earthquake,reviewed
2018-11-14 18:17:08.050000+00:00,-3.5019,99.7813,10.0,4.5,mw,earthquake,reviewed
2018-11-17 10:00:42.330000+00:00,-3.2833,101.1865,35.0,4.3,mw,earthquake,reviewed
2018-11-17 10:41:48.340000+00:00,0.8607,98.6135,70.97,4.8,mw,earthquake,reviewed
2018-11-21 05:32:55.780000+00:00,3.7764,97.0457,105.32,4.7,mw,earthquake,reviewed
2018-11-21 14:38:43.830000+00:00,2.3152,96.2065,26.33,4.7,mw,earthquake,reviewed
2018-11-21 14:42:28.270000+00:00,-5.1659,102.8386,42.17,4.9,mw,earthquake,reviewed
2018-11-21 21:10:30.430000+00:00,2.5617,95.8856,10.0,4.3,mw,earthquake,reviewed
2018-11-21 21:27:19.830000+00:00,2.3276,96.2146,10.0,4.4,mw,earthquake,reviewed
2018-11-28 17:08:47.880000+00:00,1.5799,99.5189,174.52,4.7,mw,earthquake,reviewed
2018-11-29 20:18:14.040000+00:00,0.3308,97.3529,10.0,4.7,mw,earthquake,reviewed
2018-11-29 20:21:44.660000+00:00,0.2267,96.9976,9.87,5.8,mw,earthquake,reviewed
2018-11-30 02:44:29.380000+00:00,0.2674,97.141,10.0,4.8,mw,earthquake,reviewed
2018-11-30 14:49:32.690000+00:00,-2.9663,100.9589,34.8,4.8,mw,earthquake,reviewed
2018-12-01 15:26:38.760000+00:00,0.3114,97.1848,28.59,4.6,mw,earthquake,reviewed
2018-12-01 18:14:52.420000+00:00,0.2989,97.1243,22.8,4.7,mw,earthquake,reviewed
2018-12-01 19:19:51.760000+00:00,-2.8814,101.0403,48.53,4.5,mw,earthquake,reviewed
2018-12-04 09:35:21.920000+00:00,-5.6273,105.3412,150.0,4.3,mw,earthquake,reviewed
2018-12-04 22:29:59.810000+00:00,0.3226,97.1598,10.0,5.2,mw,earthquake,reviewed
2018-12-04 22:37:46.580000+00:00,0.2563,97.0517,10.0,4.9,mw,earthquake,reviewed
2018-12-06 21:53:36.200000+00:00,0.2937,96.8707,10.0,4.5,mw,earthquake,reviewed
2018-12-07 03:53:11.610000+00:00,0.2599,97.0933,10.0,4.7,mw,earthquake,reviewed
2018-12-07 04:13:52.070000+00:00,2.3125,96.2563,36.52,4.7,mw,earthquake,reviewed
2018-12-07 14:04:59.490000+00:00,-3.3255,101.8314,37.08,4.6,mw,earthquake,reviewed
2018-12-08 04:02:12.140000+00:00,-4.0764,101.58,44.88,4.9,mw,earthquake,reviewed
2018-12-08 17:45:52.040000+00:00,-3.5268,101.5194,42.13,5.3,mw,earthquake,reviewed
2018-12-10 02:13:08.120000+00:00,-0.0043,96.4801,10.0,4.5,mw,earthquake,reviewed
2018-12-11 12:47:35.010000+00:00,1.3003,97.0122,12.5,4.7,mw,earthquake,reviewed
2018-12-11 14:20:48.930000+00:00,-4.6415,102.4835,58.2,5.0,mw,earthquake,reviewed
2018-12-11 17:20:15.100000+00:00,-1.5499,98.7547,26.98,5.3,mw,earthquake,reviewed
2018-12-13 00:00:47.060000+00:00,2.2861,96.2185,10.0,4.5,mw,earthquake,reviewed
2018-12-15 03:37:07.490000+00:00,-3.5353,101.5546,51.15,4.6,mw,earthquake,reviewed
2018-12-19 06:11:07.760000+00:00,2.5682,95.9617,34.06,4.6,mw,earthquake,reviewed
2018-12-20 00:41:58.230000+00:00,4.6243,96.6288,10.0,4.3,mw,earthquake,reviewed
2018-12-20 21:12:33.840000+00:00,5.51,95.7768,41.89,4.5,mw,earthquake,reviewed
2018-12-22 21:46:35.180000+00:00,-0.3399,99.2254,67.09,5.0,mw,earthquake,reviewed
2018-12-23 14:03:56.870000+00:00,-0.4765,99.732,98.03,5.1,mw,earthquake,reviewed
2018-12-23 23:41:40.900000+00:00,5.036,95.9323,28.89,4.3,mw,earthquake,reviewed
2018-12-25 22:55:27.800000+00:00,-1.1949,97.0391,10.0,4.5,mw,earthquake,reviewed
2018-12-26 10:23:16.960000+00:00,3.0514,97.4219,58.1,4.5,mw,earthquake,reviewed
2018-12-29 08:15:26.540000+00:00,1.0774,97.3382,25.91,5.3,mw,earthquake,reviewed
2018-12-29 08:23:16.560000+00:00,0.8165,97.3861,25.88,4.8,mw,earthquake,reviewed
2018-12-29 16:12:07.940000+00:00,-2.265,99.8337,24.83,4.9,mw,earthquake,reviewed
2018-12-30 08:39:12.450000+00:00,-2.677,102.349,166.0,5.7,mw,earthquake,reviewed
2018-12-30 18:22:37.610000+00:00,-0.5978,97.9026,21.36,4.2,mw,earthquake,reviewed
2019-01-01 20:24:36.330000+00:00,-2.4525,99.6762,10.0,5.2,mw,earthquake,reviewed
2019-01-06 20:19:29.840000+00:00,-2.8252,102.887,236.61,4.2,mw,earthquake,reviewed
2019-01-09 09:39:09.090000+00:00,3.9401,95.8773,45.6,5.2,mw,earthquake,reviewed
2019-01-11 05:02:32.530000+00:00,2.5182,95.7647,10.0,4.4,mw,earthquake,reviewed
2019-01-11 19:05:29.180000+00:00,-3.3932,101.2762,39.0,5.4,mw,earthquake,reviewed
2019-01-13 18:38:47.110000+00:00,-5.6391,105.3543,10.0,4.6,mw,earthquake,reviewed
2019-01-14 23:59:53.400000+00:00,1.7028,99.0705,15.03,5.0,mw,earthquake,reviewed
2019-01-17 06:05:41.380000+00:00,2.468,96.831,39.13,4.4,mw,earthquake,reviewed
2019-01-17 08:40:51.680000+00:00,-2.3505,101.9054,151.62,4.4,mw,earthquake,reviewed
2019-01-18 05:34:10.580000+00:00,-5.4136,102.5042,35.17,4.5,mw,earthquake,reviewed
2019-01-18 14:42:32.160000+00:00,-2.0061,100.3746,29.27,4.4,mw,earthquake,reviewed
2019-01-20 23:16:02.900000+00:00,-5.0828,104.6141,208.13,4.4,mw,earthquake,reviewed
2019-01-23 17:53:02.720000+00:00,0.3211,98.3296,35.0,4.5,mw,earthquake,reviewed
2019-01-26 16:36:10.930000+00:00,1.8681,97.8895,54.3,5.0,mw,earthquake,reviewed
2019-01-28 21:57:06.850000+00:00,-0.6692,97.2181,10.0,4.4,mw,earthquake,reviewed
2019-01-29 07:38:32.280000+00:00,1.6973,97.7222,54.88,4.4,mw,earthquake,reviewed
2019-01-30 17:38:10.890000+00:00,2.3663,95.7761,10.0,4.1,mw,earthquake,reviewed
2019-02-01 19:16:25.620000+00:00,-2.8933,100.0597,10.0,5.0,mw,earthquake,reviewed
2019-02-02 09:03:09.840000+00:00,-2.8248,100.0068,10.0,5.2,mw,earthquake,reviewed
2019-02-02 09:27:36.030000+00:00,-2.8462,100.0743,20.0,6.0,mw,earthquake,reviewed
2019-02-02 09:39:57.150000+00:00,-2.6743,100.2937,10.0,5.0,mw,earthquake,reviewed
2019-02-02 09:45:10.950000+00:00,-2.9364,100.0452,10.0,4.4,mw,earthquake,reviewed
2019-02-02 09:58:11.360000+00:00,-2.876,100.0594,10.0,5.4,mw,earthquake,reviewed
2019-02-02 10:06:02.130000+00:00,-2.8853,99.8334,10.0,4.2,mw,earthquake,reviewed
2019-02-02 10:09:23.330000+00:00,-2.5543,100.3894,10.0,4.3,mw,earthquake,reviewed
2019-02-02 10:11:06.240000+00:00,-2.8385,100.0637,10.0,4.8,mw,earthquake,reviewed
2019-02-02 10:59:30.340000+00:00,-2.8764,100.1326,18.0,5.9,mw,earthquake,reviewed
2019-02-02 11:01:38.730000+00:00,-2.7308,100.3019,10.0,5.9,mw,earthquake,reviewed
2019-02-02 11:07:59.060000+00:00,-2.7179,100.1812,10.0,4.6,mw,earthquake,reviewed
2019-02-02 11:09:41.140000+00:00,-2.9688,100.1689,10.0,4.5,mw,earthquake,reviewed
2019-02-02 11:30:55.790000+00:00,-2.5891,100.366,10.0,4.4,mw,earthquake,reviewed
2019-02-02 13:10:20.600000+00:00,-2.9676,100.0958,10.0,5.2,mw,earthquake,reviewed
2019-02-02 13:33:46.460000+00:00,-2.9395,99.8954,10.0,4.7,mw,earthquake,reviewed
2019-02-02 19:12:05.870000+00:00,-2.9393,99.954,10.0,4.3,mw,earthquake,reviewed
2019-02-02 20:40:23.770000+00:00,-2.8778,100.0118,10.0,4.9,mw,earthquake,reviewed
2019-02-04 06:57:29.280000+00:00,-1.1199,100.6763,97.45,4.9,mw,earthquake,reviewed
2019-02-04 19:29:54.350000+00:00,-0.4203,98.0357,19.0,5.6,mw,earthquake,reviewed
2019-02-04 20:31:26.240000+00:00,-0.4766,98.0171,10.0,4.2,mw,earthquake,reviewed
2019-02-04 22:27:40.440000+00:00,-0.4569,97.919,10.0,4.6,mw,earthquake,reviewed
2019-02-08 22:25:33.580000+00:00,0.9077,97.0524,10.0,4.4,mw,earthquake,reviewed
2019-02-09 09:21:59.530000+00:00,5.5348,95.9095,148.27,4.7,mw,earthquake,reviewed
2019-02-10 14:08:58.610000+00:00,-4.5666,101.5612,35.0,4.7,mw,earthquake,reviewed
2019-02-10 14:17:20.730000+00:00,-4.6728,101.4624,10.0,4.7,mw,earthquake,reviewed
2019-02-13 06:18:38.640000+00:00,0.8622,97.4638,28.47,4.4,mw,earthquake,reviewed
2019-02-16 01:27:11.490000+00:00,-4.5147,101.9873,35.0,4.8,mw,earthquake,reviewed
2019-02-18 22:11:38.600000+00:00,2.2151,96.188,10.0,4.4,mw,earthquake,reviewed
2019-02-20 17:51:40.800000+00:00,-3.3339,100.9487,28.01,4.5,mw,earthquake,reviewed
2019-02-23 21:19:05.410000+00:00,-2.612,100.2006,28.7,4.3,mw,earthquake,reviewed
2019-02-25 06:39:12.190000+00:00,-3.0705,102.9213,211.63,4.2,mw,earthquake,reviewed
2019-02-26 13:46:42.100000+00:00,-0.4115,98.5844,36.71,4.3,mw,earthquake,reviewed
2019-02-27 18:54:57.360000+00:00,-1.2342,101.522,10.0,4.6,mw,earthquake,reviewed
2019-02-27 23:27:04.240000+00:00,-1.3226,101.5784,10.0,5.4,mw,earthquake,reviewed
2019-02-28 14:18:52.060000+00:00,-2.0515,99.8849,23.94,4.8,mw,earthquake,reviewed
2019-03-02 20:38:49.450000+00:00,1.5329,99.5786,176.6,4.1,mw,earthquake,reviewed
2019-03-02 22:30:29.600000+00:00,1.0807,96.9479,10.0,4.6,mw,earthquake,reviewed
2019-03-04 05:23:00.770000+00:00,-5.9744,105.13,47.58,4.5,mw,earthquake,reviewed
2019-03-11 13:26:24.728000+00:00,1.9092,97.8292,45.54,5.2,mw,earthquake,reviewed
2019-03-11 15:56:53.852000+00:00,-5.9301,105.3818,142.13,4.3,mw,earthquake,reviewed
2019-03-11 16:34:28.920000+00:00,1.1255,98.781,75.55,5.3,mw,earthquake,reviewed
2019-03-16 22:29:29.705000+00:00,-3.115,101.9737,87.29,5.1,mw,earthquake,reviewed
2019-03-17 00:05:46.500000+00:00,2.252,96.2768,10.0,4.5,mw,earthquake,reviewed
2019-03-19 18:17:25.366000+00:00,-0.3687,100.3987,61.43,4.4,mw,earthquake,reviewed
2019-03-23 08:02:14.735000+00:00,-4.638,102.3409,15.44,5.0,mw,earthquake,reviewed
2019-03-24 16:03:25.810000+00:00,1.2731,99.7803,194.31,4.2,mw,earthquake,reviewed
2019-03-25 06:05:10.592000+00:00,-5.1835,102.3771,20.98,4.9,mw,earthquake,reviewed
2019-03-27 19:34:17.819000+00:00,-5.7485,102.7708,8.23,4.7,mw,earthquake,reviewed
2019-03-31 18:31:19.169000+00:00,2.0919,97.8634,61.07,4.6,mw,earthquake,reviewed
2019-04-09 01:09:02.072000+00:00,0.3458,98.5206,50.37,4.6,mw,earthquake,reviewed
2019-04-13 12:04:01.563000+00:00,-5.0552,101.6394,26.07,4.8,mw,earthquake,reviewed
2019-04-15 17:57:01.970000+00:00,2.4454,95.5501,10.0,4.2,mw,earthquake,reviewed
2019-04-17 16:11:11.505000+00:00,2.9525,96.1993,36.23,4.3,mw,earthquake,reviewed
2019-04-18 20:53:04.678000+00:00,-4.7493,102.224,31.76,4.5,mw,earthquake,reviewed
2019-04-21 12:19:22.285000+00:00,2.6915,98.9669,161.98,4.2,mw,earthquake,reviewed
2019-04-22 07:05:04.052000+00:00,-4.0884,103.6413,10.0,4.6,mw,earthquake,reviewed
2019-04-23 04:17:08.777000+00:00,3.5033,97.5485,85.19,4.7,mw,earthquake,reviewed
2019-04-27 13:04:26.524000+00:00,-4.2655,102.143,57.42,5.1,mw,earthquake,reviewed
2019-04-27 21:21:16.992000+00:00,0.0634,98.5713,57.33,4.4,mw,earthquake,reviewed
2019-04-30 12:48:00.374000+00:00,1.8133,99.1125,117.6,4.5,mw,earthquake,reviewed
2019-05-05 22:07:42.932000+00:00,2.6449,95.6709,10.0,4.5,mw,earthquake,reviewed
2019-05-06 08:20:22.326000+00:00,-5.3992,102.0257,35.0,5.1,mw,earthquake,reviewed
2019-05-09 04:33:29.598000+00:00,-1.3358,99.3258,35.0,4.4,mw,earthquake,reviewed
2019-05-11 17:20:41.649000+00:00,-1.6646,99.941,45.43,4.6,mw,earthquake,reviewed
2019-05-15 02:29:35.937000+00:00,2.059,96.3647,10.0,4.6,mw,earthquake,reviewed
2019-05-16 22:18:05.706000+00:00,-2.5866,100.876,64.5,4.5,mw,earthquake,reviewed
2019-05-22 07:41:30.931000+00:00,-5.5122,103.773,103.01,4.6,mw,earthquake,reviewed
2019-05-23 03:32:29.077000+00:00,-0.3954,99.2069,57.0,4.7,mw,earthquake,reviewed
2019-05-23 09:13:49.130000+00:00,1.2995,98.8721,105.52,4.8,mw,earthquake,reviewed
2019-05-28 00:56:38.209000+00:00,-5.068,100.729,10.0,4.8,mw,earthquake,reviewed
2019-05-28 01:06:24.668000+00:00,-5.0764,100.8923,10.0,4.5,mw,earthquake,reviewed
2019-05-28 03:38:58.960000+00:00,-3.6908,101.3647,35.0,4.6,mw,earthquake,reviewed
2019-05-31 14:06:38.402000+00:00,1.1677,97.1918,30.42,4.6,mw,earthquake,reviewed
2019-06-02 03:03:09.588000+00:00,0.6454,98.4492,43.0,5.4,mw,earthquake,reviewed
2019-06-03 00:42:59.252000+00:00,3.6547,96.902,45.97,4.7,mw,earthquake,reviewed
2019-06-03 05:57:09.503000+00:00,0.378,97.7223,19.0,5.8,mw,earthquake,reviewed
2019-06-03 06:04:35.642000+00:00,0.3426,97.7429,10.0,5.2,mw,earthquake,reviewed
2019-06-04 07:18:14.080000+00:00,-0.8195,100.2595,96.99,4.7,mw,earthquake,reviewed
2019-06-06 12:02:19.990000+00:00,4.2329,97.5978,164.66,4.4,mw,earthquake,reviewed
2019-06-07 02:59:00.324000+00:00,1.3172,96.9188,10.0,4.5,mw,earthquake,reviewed
2019-06-14 19:05:53.018000+00:00,-5.5725,102.8378,40.25,4.5,mw,earthquake,reviewed
2019-06-17 11:04:04.235000+00:00,-0.3042,99.0252,59.2,5.0,mw,earthquake,reviewed
2019-06-21 20:15:52.006000+00:00,-2.675,102.2365,168.62,4.3,mw,earthquake,reviewed
2019-06-23 10:46:02.361000+00:00,-5.6385,103.8351,62.26,4.6,mw,earthquake,reviewed
2019-06-25 22:26:43.675000+00:00,-4.7667,103.0806,69.02,4.7,mw,earthquake,reviewed
2019-06-27 08:27:41.089000+00:00,4.1568,96.09,75.36,4.3,mw,earthquake,reviewed
2019-06-27 19:49:51.748000+00:00,1.4285,97.912,21.55,4.5,mw,earthquake,reviewed
2019-07-01 22:58:08.720000+00:00,2.255,96.1307,21.39,4.9,mw,earthquake,reviewed
2019-07-05 09:40:55.247000+00:00,-3.2727,100.7089,25.59,4.7,mw,earthquake,reviewed
2019-07-05 09:52:29.427000+00:00,-2.2439,100.5689,35.0,5.0,mw,earthquake,reviewed
2019-07-06 10:42:16.798000+00:00,-0.4228,98.7953,40.27,4.3,mw,earthquake,reviewed
2019-07-06 12:30:20.599000+00:00,-3.8843,101.4986,45.9,4.2,mw,earthquake,reviewed
2019-07-06 16:26:08.415000+00:00,-4.5346,102.1262,52.12,4.3,mw,earthquake,reviewed
2019-07-09 12:08:17.207000+00:00,1.2363,96.9262,10.0,4.3,mw,earthquake,reviewed
2019-07-09 22:54:26.083000+00:00,-3.9893,101.6838,37.61,4.5,mw,earthquake,reviewed
2019-07-10 06:52:59.888000+00:00,2.2036,97.1174,43.31,4.9,mw,earthquake,reviewed
2019-07-12 18:18:34.627000+00:00,-3.2187,101.2221,43.48,4.5,mw,earthquake,reviewed
2019-07-14 09:48:07.054000+00:00,-2.2736,100.8227,59.26,4.9,mw,earthquake,reviewed
2019-07-14 13:41:04.343000+00:00,-2.3891,100.3657,35.0,4.6,mw,earthquake,reviewed
2019-07-14 16:46:59.272000+00:00,-2.2249,99.8282,16.89,5.0,mw,earthquake,reviewed
2019-07-18 04:37:25.327000+00:00,1.2278,98.813,100.9,4.5,mw,earthquake,reviewed
2019-07-18 16:58:06.016000+00:00,-1.1647,99.7688,46.15,4.2,mw,earthquake,reviewed
2019-07-19 13:57:52.053000+00:00,-0.4551,98.0129,10.0,4.5,mw,earthquake,reviewed
2019-07-21 20:24:39.900000+00:00,-4.3167,102.7088,64.76,4.6,mw,earthquake,reviewed
2019-07-23 17:28:15.202000+00:00,-0.4067,98.5778,40.32,4.5,mw,earthquake,reviewed
2019-07-24 15:01:36.363000+00:00,-0.7774,100.2324,100.64,4.1,mw,earthquake,reviewed
2019-07-26 00:40:08.504000+00:00,-3.1881,103.8936,345.27,4.1,mw,earthquake,reviewed
2019-07-26 10:06:48.999000+00:00,1.5966,96.5346,10.0,4.6,mw,earthquake,reviewed
2019-07-29 05:46:39.257000+00:00,-2.7267,100.2171,35.0,5.2,mw,earthquake,reviewed
2019-07-29 15:16:24.757000+00:00,0.2754,97.5774,10.0,4.3,mw,earthquake,reviewed
2019-07-30 01:22:39.511000+00:00,2.5373,98.9279,147.32,4.5,mw,earthquake,reviewed
2019-07-31 07:36:23.448000+00:00,4.8983,96.0923,10.0,4.5,mw,earthquake,reviewed
2019-08-03 11:16:14.018000+00:00,2.0826,99.245,155.08,4.1,mw,earthquake,reviewed
2019-08-05 03:37:45.424000+00:00,-2.6894,99.8556,10.0,4.8,mw,earthquake,reviewed
2019-08-09 03:32:10.066000+00:00,3.3542,99.3032,217.35,4.6,mw,earthquake,reviewed
2019-08-10 21:11:09.688000+00:00,-0.7389,99.391,36.69,5.2,mw,earthquake,reviewed
2019-08-13 18:38:38.029000+00:00,-3.0402,101.3029,46.52,5.3,mw,earthquake,reviewed
2019-08-17 08:51:07.570000+00:00,-5.9362,102.3016,10.0,4.6,mw,earthquake,reviewed
2019-08-17 13:54:44.893000+00:00,-3.4806,101.5874,58.51,5.0,mw,earthquake,reviewed
2019-08-18 19:18:54.721000+00:00,2.6779,97.4938,70.57,4.6,mw,earthquake,reviewed
2019-08-21 10:24:48.084000+00:00,0.4257,99.8268,147.71,4.1,mw,earthquake,reviewed
2019-08-25 14:17:45.148000+00:00,-5.027,102.4145,45.16,4.5,mw,earthquake,reviewed
2019-08-25 14:19:49.192000+00:00,-5.1116,102.3497,41.31,4.7,mw,earthquake,reviewed
2019-08-28 10:00:29.779000+00:00,1.7241,99.4454,158.12,4.2,mw,earthquake,reviewed
2019-08-29 11:52:01.826000+00:00,3.841,95.8226,52.21,4.3,mw,earthquake,reviewed
2019-09-01 22:41:22.361000+00:00,2.1891,96.6533,32.16,5.0,mw,earthquake,reviewed
2019-09-05 05:46:56.314000+00:00,0.1967,98.5247,35.0,4.4,mw,earthquake,reviewed
2019-09-21 13:50:21.646000+00:00,-5.7819,102.4659,27.17,4.7,mw,earthquake,reviewed
2019-09-21 22:32:45.590000+00:00,2.5812,95.7326,10.0,4.4,mw,earthquake,reviewed
2019-10-03 02:01:06.248000+00:00,1.1215,99.0023,106.91,4.5,mw,earthquake,reviewed
2019-10-04 21:59:45.759000+00:00,2.6703,98.982,160.17,4.4,mw,earthquake,reviewed
2019-10-06 10:41:17.544000+00:00,4.0676,97.1411,10.0,4.5,mw,earthquake,reviewed
2019-10-07 18:37:59.006000+00:00,-0.3699,99.0329,76.23,4.7,mw,earthquake,reviewed
2019-10-07 21:11:37.249000+00:00,4.6166,96.4186,25.18,4.6,mw,earthquake,reviewed
2019-10-07 22:50:40.509000+00:00,-3.6008,102.1721,78.41,4.5,mw,earthquake,reviewed
2019-10-11 07:07:54.326000+00:00,0.2797,98.4798,48.22,4.5,mw,earthquake,reviewed
2019-10-12 11:12:10.955000+00:00,4.5083,95.5203,72.02,4.3,mw,earthquake,reviewed
2019-10-14 19:06:33.420000+00:00,0.9329,97.003,10.0,4.5,mw,earthquake,reviewed
2019-10-14 19:09:37.460000+00:00,0.8735,97.0253,10.0,4.4,mw,earthquake,reviewed
2019-10-14 22:23:54.247000+00:00,-4.482,101.1948,19.0,5.9,mw,earthquake,reviewed
2019-10-14 22:34:13.106000+00:00,-4.516,101.126,10.0,4.8,mw,earthquake,reviewed
2019-10-15 03:00:14.735000+00:00,-4.4307,101.1328,10.0,5.2,mw,earthquake,reviewed
2019-10-15 05:35:51.765000+00:00,-4.4855,101.135,10.0,4.4,mw,earthquake,reviewed
2019-10-15 09:54:18.466000+00:00,0.6485,99.7038,144.2,4.4,mw,earthquake,reviewed
2019-10-15 18:56:48.498000+00:00,1.21,96.8944,10.0,4.7,mw,earthquake,reviewed
2019-10-15 21:40:00.132000+00:00,1.0894,96.9038,10.0,4.4,mw,earthquake,reviewed
2019-10-16 02:18:21.238000+00:00,1.3243,96.9811,10.0,5.1,mw,earthquake,reviewed
2019-10-16 07:30:42.425000+00:00,1.3907,97.2475,34.45,4.7,mw,earthquake,reviewed
2019-10-21 23:49:04.493000+00:00,-2.638,99.5867,10.0,5.2,mw,earthquake,reviewed
2019-10-22 00:03:54.484000+00:00,-2.4464,99.7474,10.0,5.0,mw,earthquake,reviewed
2019-10-22 22:11:07.700000+00:00,-2.379,99.8617,18.13,5.1,mw,earthquake,reviewed
2019-10-24 00:47:22.440000+00:00,1.7089,97.0494,35.0,4.7,mw,earthquake,reviewed
2019-10-29 18:13:44.802000+00:00,-2.6782,102.3091,163.21,4.4,mw,earthquake,reviewed
2019-10-30 22:26:33.286000+00:00,-4.4252,101.1106,10.0,4.5,mw,earthquake,reviewed
2019-11-03 01:09:11.715000+00:00,-2.6317,102.029,153.79,4.4,mw,earthquake,reviewed
2019-11-03 09:49:52.084000+00:00,2.8557,96.154,23.88,4.7,mw,earthquake,reviewed
2019-11-06 13:53:36.231000+00:00,0.0702,96.933,10.0,4.4,mw,earthquake,reviewed
2019-11-06 16:05:14.776000+00:00,-5.93,104.2503,64.97,4.4,mw,earthquake,reviewed
2019-11-09 03:15:15.123000+00:00,-2.9211,101.5134,35.0,4.5,mw,earthquake,reviewed
2019-11-09 14:16:59.908000+00:00,1.9493,96.7955,29.44,4.8,mw,earthquake,reviewed
2019-11-12 06:35:10.230000+00:00,2.5117,95.9226,55.92,4.4,mw,earthquake,reviewed
2019-11-12 11:42:51.696000+00:00,0.8354,97.3996,26.88,5.1,mw,earthquake,reviewed
2019-11-13 00:10:53.973000+00:00,-4.5226,102.276,31.85,4.4,mw,earthquake,reviewed
2019-11-14 08:04:04.145000+00:00,-1.8917,100.2621,63.9,5.1,mw,earthquake,reviewed
2019-11-15 07:06:54.169000+00:00,-4.4498,101.777,47.98,4.9,mw,earthquake,reviewed
2019-11-21 17:36:57.013000+00:00,-5.2035,103.6705,69.84,4.9,mw,earthquake,reviewed
2019-11-21 22:29:23.673000+00:00,-0.9122,97.8908,10.0,4.7,mw,earthquake,reviewed
2019-11-22 21:42:48.482000+00:00,-5.5263,104.276,87.78,4.2,mw,earthquake,reviewed
2019-11-23 06:31:40.238000+00:00,1.7986,96.9809,16.78,4.8,mw,earthquake,reviewed
2019-11-23 15:47:22.795000+00:00,1.1526,98.0737,29.64,4.5,mw,earthquake,reviewed
2019-11-24 01:08:26.452000+00:00,-0.9072,97.9212,10.0,5.1,mw,earthquake,reviewed
2019-11-25 09:27:20.091000+00:00,2.2293,96.4228,37.75,4.4,mw,earthquake,reviewed
2019-11-27 03:49:14.481000+00:00,1.6401,99.1027,10.0,4.5,mw,earthquake,reviewed
2019-11-30 23:40:18.785000+00:00,-4.5951,102.2283,42.56,4.8,mw,earthquake,reviewed
2019-12-01 13:17:04.319000+00:00,1.8042,99.1131,7.62,4.6,mw,earthquake,reviewed
2019-12-04 04:54:01.918000+00:00,0.5676,99.8691,167.24,4.8,mw,earthquake,reviewed
2019-12-05 09:13:45.582000+00:00,5.4493,95.5805,10.0,4.7,mw,earthquake,reviewed
2019-12-08 14:37:24.756000+00:00,2.524,95.858,25.26,4.4,mw,earthquake,reviewed
2019-12-15 20:59:17.184000+00:00,0.4464,96.4022,10.0,4.8,mw,earthquake,reviewed
2019-12-16 14:49:16.108000+00:00,-2.9702,100.9448,40.28,5.6,mw,earthquake,reviewed
2019-12-17 02:11:30.584000+00:00,2.0073,98.9854,127.37,4.4,mw,earthquake,reviewed
2019-12-17 15:52:13.611000+00:00,-2.8469,100.9598,35.0,4.5,mw,earthquake,reviewed
2019-12-18 15:43:29.443000+00:00,-2.2276,99.3207,10.0,4.5,mw,earthquake,reviewed
2019-12-22 18:19:19.276000+00:00,-4.2173,102.1178,73.43,4.3,mw,earthquake,reviewed
2019-12-22 19:12:39.882000+00:00,0.9618,97.0388,10.0,4.5,mw,earthquake,reviewed
2019-12-26 09:41:35.931000+00:00,-2.0879,100.618,64.65,4.6,mw,earthquake,reviewed
2019-12-30 11:41:05.282000+00:00,1.0735,97.3437,30.59,4.5,mw,earthquake,reviewed
2020-01-04 23:42:47.210000+00:00,-2.1953,95.7176,10.0,4.5,mw,earthquake,reviewed
2020-01-07 06:05:19.759000+00:00,2.3481,96.3575,17.0,6.3,mw,earthquake,reviewed
2020-01-07 07:04:41.097000+00:00,2.2388,96.254,10.0,4.4,mw,earthquake,reviewed
2020-01-07 13:03:15.277000+00:00,2.1236,96.2214,10.0,4.5,mw,earthquake,reviewed
2020-01-07 22:48:03.787000+00:00,-1.5516,99.4165,28.42,4.7,mw,earthquake,reviewed
2020-01-08 01:37:21.579000+00:00,1.9638,96.2216,10.0,4.2,mw,earthquake,reviewed
2020-01-08 20:23:41.670000+00:00,1.818,96.8266,24.27,4.5,mw,earthquake,reviewed
2020-01-12 08:18:28.592000+00:00,-3.3391,102.4507,194.71,4.1,mw,earthquake,reviewed
2020-01-12 10:45:17.756000+00:00,2.0684,97.8435,62.48,5.0,mw,earthquake,reviewed
2020-01-17 01:34:44.344000+00:00,-4.9258,102.7843,52.78,4.7,mw,earthquake,reviewed
2020-01-21 11:03:08.236000+00:00,0.6338,99.8039,159.16,4.8,mw,earthquake,reviewed
2020-01-22 03:58:44.156000+00:00,2.2436,96.2926,10.0,5.0,mw,earthquake,reviewed
2020-01-27 03:32:36.339000+00:00,-5.132,102.3652,34.91,4.9,mw,earthquake,reviewed
2020-01-27 08:01:01.555000+00:00,-3.7715,101.1315,35.0,4.1,mw,earthquake,reviewed
2020-01-27 08:03:41.480000+00:00,3.0825,97.7082,89.81,4.6,mw,earthquake,reviewed
2020-01-30 21:53:06.548000+00:00,-1.9129,99.9044,35.0,4.8,mw,earthquake,reviewed
2020-02-01 09:09:31.500000+00:00,-2.9219,101.0474,62.54,5.1,mw,earthquake,reviewed
2020-02-02 14:21:55.189000+00:00,-3.0186,100.9185,42.1,4.4,mw,earthquake,reviewed
2020-02-04 11:19:56.068000+00:00,3.0861,98.9887,182.22,4.4,mw,earthquake,reviewed
2020-02-05 16:49:50.643000+00:00,-3.4849,100.5106,10.0,4.5,mw,earthquake,reviewed
2020-02-10 12:12:36.624000+00:00,1.4307,98.9564,97.75,4.8,mw,earthquake,reviewed
2020-02-12 05:55:09.776000+00:00,0.796,98.9405,84.13,4.6,mw,earthquake,reviewed
2020-02-14 01:47:58.312000+00:00,-4.4505,102.8111,62.89,4.8,mw,earthquake,reviewed
2020-02-21 22:54:24.847000+00:00,-5.1177,102.7216,35.0,5.0,mw,earthquake,reviewed
2020-02-24 20:59:24.826000+00:00,-1.9759,99.8891,35.0,4.8,mw,earthquake,reviewed
2020-02-28 14:02:55.010000+00:00,-3.9512,103.1177,93.99,5.1,mw,earthquake,reviewed
2020-02-28 17:07:56.717000+00:00,0.578,98.6124,72.51,4.4,mw,earthquake,reviewed
2020-03-04 13:36:46.462000+00:00,-3.4641,99.6068,10.0,5.0,mw,earthquake,reviewed
2020-03-06 19:52:59.234000+00:00,-5.2218,102.2091,35.0,5.1,mw,earthquake,reviewed
2020-03-09 08:07:22.686000+00:00,1.8835,99.5118,159.21,4.4,mw,earthquake,reviewed
2020-03-09 16:02:33.568000+00:00,-1.7187,100.4116,63.16,4.7,mw,earthquake,reviewed
2020-03-10 14:06:26.665000+00:00,-5.837,103.0187,26.18,5.7,mw,earthquake,reviewed
2020-03-10 23:08:34.923000+00:00,3.8659,97.2542,110.48,5.1,mw,earthquake,reviewed
2020-03-26 19:49:10.679000+00:00,-4.6344,101.9548,35.0,4.4,mw,earthquake,reviewed
2020-03-28 23:06:55.448000+00:00,2.4803,95.8464,27.05,4.1,mw,earthquake,reviewed
2020-04-05 22:42:53.832000+00:00,-5.2757,102.5135,35.0,5.0,mw,earthquake,reviewed
2020-04-06 19:20:27.360000+00:00,2.8254,95.753,35.0,5.1,mw,earthquake,reviewed
2020-04-07 15:16:54.605000+00:00,2.1295,96.2586,10.0,4.2,mw,earthquake,reviewed
2020-04-08 21:28:52.429000+00:00,2.1832,97.0212,46.81,4.2,mw,earthquake,reviewed
2020-04-13 07:07:14.024000+00:00,-4.5148,102.3931,35.0,4.5,mw,earthquake,reviewed
2020-04-14 19:36:18.953000+00:00,3.7874,96.1114,52.45,4.8,mw,earthquake,reviewed
2020-04-19 07:54:42.516000+00:00,0.2928,97.7355,29.74,4.3,mw,earthquake,reviewed
2020-04-21 15:08:56.950000+00:00,2.7433,95.8035,28.29,4.4,mw,earthquake,reviewed
2020-04-25 00:30:08.708000+00:00,0.2111,97.4432,10.0,4.5,mw,earthquake,reviewed
2020-04-27 23:18:14.988000+00:00,1.5751,97.0459,29.03,4.6,mw,earthquake,reviewed
2020-04-28 01:10:19.511000+00:00,1.3572,99.9337,200.93,4.4,mw,earthquake,reviewed
2020-04-29 08:17:48.298000+00:00,-4.4942,102.5006,50.92,4.9,mw,earthquake,reviewed
2020-04-30 08:20:26.093000+00:00,1.2299,99.5995,17.12,5.0,mw,earthquake,reviewed
2020-05-06 04:46:54.422000+00:00,0.7337,98.9523,69.34,4.5,mw,earthquake,reviewed
2020-05-08 14:34:17.902000+00:00,0.2128,99.9507,64.03,4.3,mw,earthquake,reviewed
2020-05-13 23:43:22.484000+00:00,2.3083,96.4703,35.88,4.2,mw,earthquake,reviewed
2020-05-19 01:06:40.374000+00:00,-4.6611,103.5046,59.44,4.8,mw,earthquake,reviewed
2020-05-22 22:36:52.865000+00:00,-2.4966,99.5207,10.0,5.2,mw,earthquake,reviewed
2020-05-24 21:41:52.307000+00:00,0.4517,98.229,35.0,4.3,mw,earthquake,reviewed
2020-05-27 15:47:26.843000+00:00,-5.8434,102.9038,23.78,4.6,mw,earthquake,reviewed
2020-05-28 01:40:33.229000+00:00,-5.904,102.8051,10.02,4.8,mw,earthquake,reviewed
2020-05-28 02:03:32.200000+00:00,-5.9213,102.793,10.0,4.8,mw,earthquake,reviewed
2020-05-28 06:21:10.214000+00:00,2.7964,96.6249,35.0,4.2,mw,earthquake,reviewed
2020-05-30 02:00:25.277000+00:00,-3.9836,101.1838,19.13,4.4,mw,earthquake,reviewed
2020-06-06 23:50:35.433000+00:00,1.7181,97.053,11.52,5.3,mw,earthquake,reviewed
2020-06-07 15:52:26.927000+00:00,-4.253,101.8177,42.01,4.5,mw,earthquake,reviewed
2020-06-10 04:23:22.554000+00:00,3.5269,98.0192,140.62,4.4,mw,earthquake,reviewed
2020-06-10 04:35:18.804000+00:00,-2.5751,101.152,41.7,5.1,mw,earthquake,reviewed
2020-06-16 11:07:44.351000+00:00,-1.3845,100.501,73.53,4.7,mw,earthquake,reviewed
2020-06-17 01:40:29.169000+00:00,-0.6165,99.178,51.37,4.9,mw,earthquake,reviewed
2020-06-17 15:17:39.610000+00:00,1.19,97.111,34.54,4.4,mw,earthquake,reviewed
2020-06-19 05:34:47.342000+00:00,-4.6264,103.3017,137.53,4.4,mw,earthquake,reviewed
2020-06-24 17:33:31.134000+00:00,1.4494,97.6533,28.97,4.5,mw,earthquake,reviewed
2020-06-29 01:38:54.697000+00:00,-1.8549,100.8012,78.12,4.4,mw,earthquake,reviewed
2020-06-29 17:40:10.221000+00:00,-0.3825,100.652,34.11,4.4,mw,earthquake,reviewed
2020-07-02 23:47:17.074000+00:00,-1.2805,100.9219,10.0,4.1,mw,earthquake,reviewed
2020-07-03 08:47:15.474000+00:00,-3.3404,100.9372,38.11,4.6,mw,earthquake,reviewed
2020-07-05 09:47:42.997000+00:00,-1.1494,97.9992,10.0,4.7,mw,earthquake,reviewed
2020-07-08 04:03:48.824000+00:00,1.406,97.177,35.0,4.9,mw,earthquake,reviewed
2020-07-08 14:54:45.499000+00:00,-5.9088,105.8121,170.98,4.6,mw,earthquake,reviewed
2020-07-08 19:16:10.607000+00:00,-5.3283,105.1061,136.15,4.4,mw,earthquake,reviewed
2020-07-09 17:01:05.645000+00:00,-2.0697,101.9631,189.78,4.5,mw,earthquake,reviewed
2020-07-09 20:40:21.140000+00:00,-3.5504,101.8303,71.17,4.1,mw,earthquake,reviewed
2020-07-11 20:54:32.745000+00:00,-4.7265,102.7487,61.37,4.7,mw,earthquake,reviewed
2020-07-12 06:27:08.902000+00:00,-5.1936,102.3645,35.0,4.7,mw,earthquake,reviewed
2020-07-15 17:08:32.597000+00:00,-4.5236,101.8629,35.0,4.2,mw,earthquake,reviewed
2020-07-16 14:47:30.589000+00:00,-4.3959,101.9318,38.64,4.4,mw,earthquake,reviewed
2020-07-16 21:44:27.665000+00:00,-3.7256,101.7398,46.75,4.5,mw,earthquake,reviewed
2020-07-17 17:15:13.656000+00:00,-1.4008,99.3222,26.8,4.2,mw,earthquake,reviewed
2020-07-18 19:33:59.010000+00:00,1.7627,99.425,172.05,4.1,mw,earthquake,reviewed
2020-07-19 14:01:28.464000+00:00,-3.2279,101.6886,49.27,4.2,mw,earthquake,reviewed
2020-07-19 16:10:31.763000+00:00,-5.6082,105.9308,102.98,4.2,mw,earthquake,reviewed
2020-07-19 23:48:44.241000+00:00,-3.3916,100.1174,10.0,4.6,mw,earthquake,reviewed
2020-07-21 12:28:42.036000+00:00,-5.1901,103.2715,55.64,4.1,mw,earthquake,reviewed
2020-07-21 17:44:23.711000+00:00,-2.2836,100.7082,61.01,4.2,mw,earthquake,reviewed
2020-07-26 22:01:23.391000+00:00,0.5464,98.5885,54.1,5.0,mw,earthquake,reviewed
2020-07-27 12:20:08.457000+00:00,-3.5409,102.6856,39.42,4.2,mw,earthquake,reviewed
2020-07-27 20:31:14.523000+00:00,-5.5045,104.9966,57.49,4.7,mw,earthquake,reviewed
2020-07-30 19:43:26.401000+00:00,-2.7362,101.3839,157.17,4.5,mw,earthquake,reviewed
2020-08-02 04:35:03.407000+00:00,-4.5387,102.6997,54.26,5.0,mw,earthquake,reviewed
2020-08-04 07:45:16.482000+00:00,-4.5781,103.3882,107.03,4.4,mw,earthquake,reviewed
2020-08-04 23:51:11.030000+00:00,-1.7797,100.1815,48.42,5.2,mw,earthquake,reviewed
2020-08-06 10:12:56.849000+00:00,3.7417,95.6192,43.5,4.7,mw,earthquake,reviewed
2020-08-07 17:49:46.804000+00:00,-4.4168,102.8282,64.46,4.3,mw,earthquake,reviewed
2020-08-08 08:34:04.775000+00:00,1.0281,97.0007,10.0,4.6,mw,earthquake,reviewed
2020-08-09 07:17:59.407000+00:00,-5.2296,102.7424,52.4,4.4,mw,earthquake,reviewed
2020-08-11 08:52:21.934000+00:00,1.0718,96.8867,10.0,4.2,mw,earthquake,reviewed
2020-08-13 19:03:44.310000+00:00,-2.9918,103.4033,291.06,4.3,mw,earthquake,reviewed
2020-08-18 22:23:59.497000+00:00,-4.3217,101.1347,22.0,6.8,mw,earthquake,reviewed
2020-08-18 22:29:24.731000+00:00,-4.2069,101.2411,26.0,6.9,mw,earthquake,reviewed
2020-08-18 22:39:08.354000+00:00,-4.4556,100.9629,15.2,5.1,mw,earthquake,reviewed
2020-08-18 22:57:09.443000+00:00,-4.34,100.9906,14.97,4.2,mw,earthquake,reviewed
2020-08-18 23:15:35.854000+00:00,-4.786,100.7381,10.0,4.2,mw,earthquake,reviewed
2020-08-18 23:19:09.804000+00:00,-4.4571,100.8855,15.2,4.3,mw,earthquake,reviewed
2020-08-19 01:37:58.568000+00:00,-4.2866,101.1362,10.0,4.7,mw,earthquake,reviewed
2020-08-20 13:53:52.144000+00:00,4.8884,96.0874,10.0,4.5,mw,earthquake,reviewed
2020-08-20 19:47:26.533000+00:00,-1.7524,100.2719,49.89,4.4,mw,earthquake,reviewed
2020-08-21 00:39:52.426000+00:00,-4.2119,100.7127,10.0,4.6,mw,earthquake,reviewed
2020-08-21 19:01:01.629000+00:00,-4.2702,101.0439,18.03,4.4,mw,earthquake,reviewed
2020-08-22 00:39:35.576000+00:00,-4.0808,100.9938,21.0,5.5,mw,earthquake,reviewed
2020-08-22 03:17:46.134000+00:00,-4.3256,100.9671,10.0,4.7,mw,earthquake,reviewed
2020-08-22 07:21:46.282000+00:00,-2.868,102.1689,121.35,4.5,mw,earthquake,reviewed
2020-08-24 10:24:32.414000+00:00,-4.0266,101.0051,10.0,5.1,mw,earthquake,reviewed
2020-08-24 11:45:39.537000+00:00,-4.1191,100.8842,15.19,4.3,mw,earthquake,reviewed
2020-08-26 01:36:23.113000+00:00,-4.3358,101.1052,4.22,4.4,mw,earthquake,reviewed
2020-08-26 02:37:04.003000+00:00,-4.7494,103.2838,67.47,4.5,mw,earthquake,reviewed
2020-08-29 05:35:41.698000+00:00,-4.3469,101.039,10.5,4.9,mw,earthquake,reviewed
2020-08-29 12:47:08.086000+00:00,2.8804,95.9998,24.84,4.4,mw,earthquake,reviewed
2020-09-01 11:52:50.668000+00:00,3.0422,95.7332,8.51,5.0,mw,earthquake,reviewed
2020-09-03 16:02:55.155000+00:00,-4.4773,102.5889,54.02,5.4,mw,earthquake,reviewed
2020-09-04 11:44:26.686000+00:00,0.3356,97.8365,28.91,4.3,mw,earthquake,reviewed
2020-09-04 14:05:30.558000+00:00,0.5166,96.7065,10.0,4.3,mw,earthquake,reviewed
2020-09-05 22:44:01.793000+00:00,-5.594,105.1667,106.55,4.5,mw,earthquake,reviewed
2020-09-06 16:45:24.772000+00:00,-2.1683,102.2886,212.8,4.8,mw,earthquake,reviewed
2020-09-08 04:37:02.589000+00:00,-1.14,98.4985,10.0,5.1,mw,earthquake,reviewed
2020-09-13 18:28:52.194000+00:00,4.2449,96.6838,121.54,5.0,mw,earthquake,reviewed
2020-09-15 15:46:18.656000+00:00,-5.9847,104.8427,63.25,4.6,mw,earthquake,reviewed
2020-09-19 04:50:22.414000+00:00,4.9746,96.4066,10.0,4.6,mw,earthquake,reviewed
2020-09-24 09:34:06.486000+00:00,5.2464,96.6839,218.55,4.2,mw,earthquake,reviewed
2020-09-28 01:17:34.701000+00:00,-3.2804,101.555,55.73,4.2,mw,earthquake,reviewed
2020-09-28 16:26:55.183000+00:00,0.0677,99.5396,96.01,4.8,mw,earthquake,reviewed
2020-09-28 18:16:11.571000+00:00,3.9397,97.6972,35.0,4.3,mw,earthquake,reviewed
2020-09-29 03:00:39.159000+00:00,3.078,96.7648,35.0,4.3,mw,earthquake,reviewed
2020-09-29 10:48:54.148000+00:00,3.9044,97.6847,35.0,4.5,mw,earthquake,reviewed
2020-09-30 18:44:29.341000+00:00,3.6568,97.0207,54.08,4.5,mw,earthquake,reviewed
2020-10-01 10:49:08.970000+00:00,-2.4959,102.1105,148.65,4.5,mw,earthquake,reviewed
2020-10-03 07:32:33.330000+00:00,2.5181,96.8489,51.5,4.1,mw,earthquake,reviewed
2020-10-04 13:50:53.387000+00:00,2.4958,95.7084,10.0,4.5,mw,earthquake,reviewed
2020-10-05 18:21:07.496000+00:00,-4.3373,100.958,13.87,4.5,mw,earthquake,reviewed
2020-10-08 16:07:51.962000+00:00,-3.2357,101.7964,67.3,4.7,mw,earthquake,reviewed
2020-10-09 05:57:41.015000+00:00,2.1519,97.6279,55.58,4.6,mw,earthquake,reviewed
2020-10-09 10:49:16.186000+00:00,0.3792,97.8694,29.08,4.2,mw,earthquake,reviewed
2020-10-10 10:43:04.628000+00:00,-4.6967,102.6442,53.68,4.9,mw,earthquake,reviewed
2020-10-10 20:22:27.940000+00:00,4.7367,95.6557,89.03,4.6,mw,earthquake,reviewed
2020-10-11 11:09:24.305000+00:00,4.5136,96.6797,154.36,4.8,mw,earthquake,reviewed
2020-10-15 04:59:52.829000+00:00,3.9446,95.8698,48.83,4.9,mw,earthquake,reviewed
2020-10-15 09:41:16.989000+00:00,-3.1911,100.3854,19.0,5.2,mw,earthquake,reviewed
2020-10-15 10:34:12.153000+00:00,-3.219,100.3448,17.4,5.0,mw,earthquake,reviewed
2020-10-15 16:52:41.014000+00:00,-0.4717,98.7326,38.34,4.5,mw,earthquake,reviewed
2020-10-15 22:06:28.549000+00:00,-3.3243,100.182,10.0,4.6,mw,earthquake,reviewed
2020-10-16 05:45:40.246000+00:00,-5.3438,101.7944,27.84,4.6,mw,earthquake,reviewed
2020-10-17 00:36:01.203000+00:00,-3.3215,100.2724,10.0,5.1,mw,earthquake,reviewed
2020-10-17 17:55:00.713000+00:00,-3.2572,100.3043,23.44,5.2,mw,earthquake,reviewed
2020-10-17 17:56:23.873000+00:00,-3.2733,100.4042,10.0,5.3,mw,earthquake,reviewed
2020-10-17 23:26:56.280000+00:00,-4.4845,102.6998,62.9,4.4,mw,earthquake,reviewed
2020-10-18 22:48:50.249000+00:00,-3.4021,100.2732,10.0,5.2,mw,earthquake,reviewed
2020-10-19 07:31:30.626000+00:00,-3.3684,100.2706,20.0,5.6,mw,earthquake,reviewed
2020-10-19 07:47:21.835000+00:00,-3.3848,100.3604,17.03,5.5,mw,earthquake,reviewed
2020-10-19 08:14:05.063000+00:00,-3.4004,100.3667,10.0,5.0,mw,earthquake,reviewed
2020-10-19 09:38:52.645000+00:00,2.8873,96.3169,35.0,5.1,mw,earthquake,reviewed
2020-10-19 09:42:53.479000+00:00,-3.3354,100.3183,19.29,5.2,mw,earthquake,reviewed
2020-10-19 18:41:37.609000+00:00,-1.6688,99.054,10.0,4.4,mw,earthquake,reviewed
2020-10-20 00:41:39.790000+00:00,-3.6478,100.1457,10.0,4.7,mw,earthquake,reviewed
2020-10-20 01:52:08.722000+00:00,-3.4578,100.2685,10.0,4.5,mw,earthquake,reviewed
2020-10-20 13:46:59.180000+00:00,-1.4961,99.2547,38.48,4.5,mw,earthquake,reviewed
2020-10-21 04:21:23.317000+00:00,2.8499,96.2557,35.0,4.7,mw,earthquake,reviewed
2020-10-21 14:35:11.969000+00:00,-3.2496,100.492,25.79,5.0,mw,earthquake,reviewed
2020-10-21 15:17:53.490000+00:00,-3.4134,100.3197,10.0,4.9,mw,earthquake,reviewed
2020-10-26 19:37:25.581000+00:00,-1.5332,100.4899,79.22,4.3,mw,earthquake,reviewed
2020-10-28 05:13:28.539000+00:00,1.8203,99.2425,144.39,4.3,mw,earthquake,reviewed
2020-10-31 18:09:21.109000+00:00,1.0671,98.9593,107.42,4.3,mw,earthquake,reviewed
2020-11-01 03:32:59.584000+00:00,-5.2225,102.4699,25.95,4.9,mw,earthquake,reviewed
2020-11-02 08:10:08.803000+00:00,-3.9159,101.7149,10.0,4.7,mw,earthquake,reviewed
2020-11-03 01:51:05.156000+00:00,0.2348,97.895,35.0,4.9,mw,earthquake,reviewed
2020-11-03 02:51:29.306000+00:00,0.2202,97.8965,35.0,4.5,mw,earthquake,reviewed
2020-11-03 16:52:28.954000+00:00,0.1745,97.7686,10.0,4.9,mw,earthquake,reviewed
2020-11-07 22:47:05.981000+00:00,2.0382,96.6451,39.41,4.3,mw,earthquake,reviewed
2020-11-13 18:33:07.130000+00:00,5.7913,95.5619,10.0,5.1,mw,earthquake,reviewed
2020-11-14 08:26:14.663000+00:00,2.4532,98.4197,95.73,4.6,mw,earthquake,reviewed
2020-11-16 05:03:36.353000+00:00,2.4904,95.6789,10.0,4.3,mw,earthquake,reviewed
2020-11-16 23:24:39.615000+00:00,-4.7595,102.8238,58.24,4.5,mw,earthquake,reviewed
2020-11-17 01:44:11.421000+00:00,-2.6706,99.3227,19.0,6.0,mw,earthquake,reviewed
2020-11-17 12:13:04.595000+00:00,2.8479,95.8075,27.28,4.4,mw,earthquake,reviewed
2020-11-18 04:41:55.825000+00:00,-1.8125,100.4271,15.62,5.2,mw,earthquake,reviewed
2020-11-18 11:37:54.981000+00:00,-4.7116,102.8644,84.1,4.8,mw,earthquake,reviewed
2020-11-19 18:10:56.178000+00:00,-1.5205,99.6004,42.54,4.7,mw,earthquake,reviewed
2020-11-19 20:12:14.155000+00:00,-1.1384,100.8382,102.22,4.4,mw,earthquake,reviewed
2020-11-20 17:14:34.209000+00:00,-3.7802,101.4312,35.79,4.4,mw,earthquake,reviewed
2020-11-21 16:58:37.200000+00:00,-4.2943,102.1241,46.23,5.0,mw,earthquake,reviewed
2020-11-22 06:05:23.368000+00:00,-2.0553,100.6254,53.92,4.3,mw,earthquake,reviewed
2020-11-23 14:46:14.428000+00:00,-1.1136,97.1636,10.0,4.4,mw,earthquake,reviewed
2020-11-23 18:57:07.011000+00:00,-4.1499,102.6756,82.23,4.3,mw,earthquake,reviewed
2020-11-25 10:10:59.118000+00:00,0.4292,98.2731,15.8,4.6,mw,earthquake,reviewed
2020-11-26 03:30:05.133000+00:00,1.5695,99.6606,174.39,4.5,mw,earthquake,reviewed
2020-11-26 16:05:03.027000+00:00,-3.4918,101.1588,38.25,4.4,mw,earthquake,reviewed
2020-11-26 18:32:59.028000+00:00,-3.833,101.6833,38.67,4.5,mw,earthquake,reviewed
2020-11-27 09:47:10.250000+00:00,2.7982,96.2926,47.84,4.6,mw,earthquake,reviewed
2020-11-29 14:48:27.981000+00:00,-5.0092,102.93,55.23,5.3,mw,earthquake,reviewed
2020-11-30 17:14:12.006000+00:00,3.067,96.1349,27.89,5.1,mw,earthquake,reviewed
2020-12-02 13:54:54.528000+00:00,-5.519,105.0618,81.05,4.6,mw,earthquake,reviewed
2020-12-02 13:55:29.716000+00:00,-5.5557,105.1152,83.73,4.6,mw,earthquake,reviewed
2020-12-03 03:50:58.767000+00:00,4.5375,97.723,10.0,4.9,mw,earthquake,reviewed
2020-12-03 19:48:39.731000+00:00,3.2875,98.2137,128.21,5.0,mw,earthquake,reviewed
2020-12-04 21:52:55.545000+00:00,-4.3819,102.144,42.46,4.4,mw,earthquake,reviewed
2020-12-07 16:05:20.753000+00:00,-0.072,100.3367,25.53,4.4,mw,earthquake,reviewed
2020-12-09 04:41:22.726000+00:00,-3.3898,103.6835,306.97,4.3,mw,earthquake,reviewed
2020-12-11 09:17:36.632000+00:00,1.1192,100.0588,204.1,4.1,mw,earthquake,reviewed
2020-12-14 08:12:38.184000+00:00,-3.9121,102.0026,53.36,4.6,mw,earthquake,reviewed
2020-12-14 14:02:43.159000+00:00,4.4477,96.3535,6.23,5.0,mw,earthquake,reviewed
2020-12-14 18:24:13.384000+00:00,-5.0316,102.0777,41.0,4.6,mw,earthquake,reviewed
2020-12-15 18:31:58.183000+00:00,0.861,99.9741,40.58,4.4,mw,earthquake,reviewed
2020-12-16 23:35:53.610000+00:00,4.1091,96.7993,10.0,4.4,mw,earthquake,reviewed
2020-12-17 02:17:55.618000+00:00,-3.6154,102.5672,10.0,4.4,mw,earthquake,reviewed
2020-12-22 14:00:31.352000+00:00,-4.5288,101.0519,10.0,4.6,mw,earthquake,reviewed
2020-12-23 22:19:53.350000+00:00,-4.4368,101.0761,10.0,5.3,mw,earthquake,reviewed
2020-12-23 22:27:52.790000+00:00,-4.4769,101.0465,10.0,4.4,mw,earthquake,reviewed
2020-12-26 18:32:30.479000+00:00,1.435,97.3481,29.23,4.3,mw,earthquake,reviewed
2020-12-27 06:50:44.642000+00:00,0.3092,99.9107,35.92,4.5,mw,earthquake,reviewed
2020-12-31 10:49:04.647000+00:00,0.3787,97.7228,26.07,5.0,mw,earthquake,reviewed
2021-01-06 17:28:35.120000+00:00,-4.3366,102.6881,58.04,5.5,mw,earthquake,reviewed
2021-01-12 04:50:54.625000+00:00,3.8565,95.859,54.96,4.4,mw,earthquake,reviewed
2021-01-12 11:20:52.457000+00:00,-3.6405,99.6596,10.0,4.5,mw,earthquake,reviewed
2021-01-13 02:12:48.870000+00:00,-4.586,104.7258,187.63,4.3,mw,earthquake,reviewed
2021-01-13 06:18:22.769000+00:00,-4.2223,102.0942,37.21,4.7,mw,earthquake,reviewed
2021-01-14 16:50:56.805000+00:00,1.2727,96.8714,10.0,4.7,mw,earthquake,reviewed
2021-01-14 19:47:55.857000+00:00,0.4802,99.7605,133.92,4.4,mw,earthquake,reviewed
2021-01-15 11:28:26.289000+00:00,2.0329,96.3663,10.0,4.8,mw,earthquake,reviewed
2021-01-24 13:03:29.349000+00:00,-4.4396,102.533,54.96,5.2,mw,earthquake,reviewed
2021-01-27 10:40:25.888000+00:00,-5.1167,103.6804,44.46,5.0,mw,earthquake,reviewed
2021-01-28 12:03:23.257000+00:00,-2.1082,99.6026,10.0,4.6,mw,earthquake,reviewed
2021-01-30 09:06:44.294000+00:00,4.6586,96.3415,10.0,4.4,mw,earthquake,reviewed
2021-01-30 10:52:31.473000+00:00,-4.5295,102.5048,54.9,4.9,mw,earthquake,reviewed
2021-02-03 18:33:40.600000+00:00,2.4722,95.9412,10.0,4.6,mw,earthquake,reviewed
2021-02-04 15:35:14.148000+00:00,1.4273,97.7214,50.73,4.6,mw,earthquake,reviewed
2021-02-05 09:07:57.904000+00:00,-4.4442,102.2095,52.28,4.8,mw,earthquake,reviewed
2021-02-09 20:44:37.258000+00:00,1.9692,97.7377,47.37,4.4,mw,earthquake,reviewed
2021-02-10 02:54:47.759000+00:00,-1.3966,100.254,62.34,4.5,mw,earthquake,reviewed
2021-02-10 10:15:34.561000+00:00,-5.6093,101.6854,10.0,5.3,mw,earthquake,reviewed
2021-02-10 10:21:32.622000+00:00,-5.6388,101.6825,10.0,5.1,mw,earthquake,reviewed
2021-02-10 12:52:27.224000+00:00,-5.6856,101.6495,10.0,6.3,mw,earthquake,reviewed
2021-02-11 15:09:32.380000+00:00,-5.8634,101.799,10.0,5.0,mw,earthquake,reviewed
2021-02-11 15:35:10.916000+00:00,3.5719,96.8983,95.16,4.5,mw,earthquake,reviewed
2021-02-13 04:17:29.538000+00:00,-5.6262,101.7088,10.0,4.5,mw,earthquake,reviewed
2021-02-13 05:12:58.942000+00:00,-5.7455,101.8629,10.0,4.5,mw,earthquake,reviewed
2021-02-13 05:34:38.839000+00:00,0.4767,97.0187,10.0,5.0,mw,earthquake,reviewed
2021-02-15 04:57:13.303000+00:00,1.0728,98.8358,68.92,5.1,mw,earthquake,reviewed
2021-02-15 22:58:16.453000+00:00,-5.5384,102.3885,35.0,4.2,mw,earthquake,reviewed
2021-02-16 01:10:59.090000+00:00,2.4831,97.0361,10.0,4.6,mw,earthquake,reviewed
2021-02-16 06:55:54.945000+00:00,2.7314,99.0667,165.68,4.3,mw,earthquake,reviewed
2021-02-16 11:25:57.801000+00:00,-5.0664,103.3801,56.04,4.4,mw,earthquake,reviewed
2021-02-17 09:48:02.213000+00:00,-5.965,101.8498,10.0,4.6,mw,earthquake,reviewed
2021-02-18 10:43:09.124000+00:00,-4.3303,101.6424,43.3,4.7,mw,earthquake,reviewed
2021-02-21 21:10:44.275000+00:00,-4.3756,102.1377,47.83,5.0,mw,earthquake,reviewed
2021-02-27 01:50:27.441000+00:00,-5.749,101.7493,10.0,4.4,mw,earthquake,reviewed
2021-02-27 09:51:01.868000+00:00,-2.7959,100.2266,35.0,4.4,mw,earthquake,reviewed
2021-02-27 12:58:38.910000+00:00,-5.7639,101.5851,10.0,4.4,mw,earthquake,reviewed
2021-02-27 17:16:52.559000+00:00,-5.7713,101.639,10.0,4.4,mw,earthquake,reviewed
2021-02-28 15:26:06.685000+00:00,-5.4883,102.3197,35.0,4.6,mw,earthquake,reviewed
2021-02-28 15:50:28.444000+00:00,-5.6636,101.6875,10.0,4.7,mw,earthquake,reviewed
2021-02-28 23:52:34.115000+00:00,-2.6399,102.1121,169.67,4.6,mw,earthquake,reviewed
2021-03-01 00:13:35.344000+00:00,-4.4913,102.3056,57.26,4.4,mw,earthquake,reviewed
2021-03-01 22:12:01.835000+00:00,-5.6727,101.7018,10.0,4.4,mw,earthquake,reviewed
2021-03-02 00:17:31.382000+00:00,-5.7203,101.6888,10.0,4.9,mw,earthquake,reviewed
2021-03-03 10:34:29.526000+00:00,-4.7134,103.7169,148.69,4.7,mw,earthquake,reviewed
2021-03-03 10:43:22.154000+00:00,-3.4652,100.5011,10.0,4.8,mw,earthquake,reviewed
2021-03-04 23:36:58.479000+00:00,5.0051,96.0004,10.0,4.6,mw,earthquake,reviewed
2021-03-05 07:32:55.148000+00:00,-1.7567,99.2329,25.0,5.6,mw,earthquake,reviewed
2021-03-05 18:56:20.255000+00:00,-3.5477,101.6511,46.08,4.7,mw,earthquake,reviewed
2021-03-08 12:56:34.253000+00:00,-4.4209,101.0083,10.0,5.0,mw,earthquake,reviewed
2021-03-10 14:05:23.888000+00:00,-2.5361,100.3774,35.0,4.4,mw,earthquake,reviewed
2021-03-16 15:01:32.010000+00:00,4.2565,97.5425,193.78,4.5,mw,earthquake,reviewed
2021-03-21 12:17:18.664000+00:00,1.1134,99.8541,188.2,4.1,mw,earthquake,reviewed
2021-03-27 05:51:04.803000+00:00,2.0604,98.3672,79.04,4.4,mw,earthquake,reviewed
2021-03-27 08:46:41.196000+00:00,2.4741,98.9901,149.07,5.0,mw,earthquake,reviewed
2021-03-27 10:18:06.664000+00:00,-1.9127,99.442,34.25,4.7,mw,earthquake,reviewed
2021-03-29 04:13:18.616000+00:00,-4.5491,102.6262,59.62,5.3,mw,earthquake,reviewed
2021-04-01 04:24:07.245000+00:00,-1.1021,98.9055,10.0,4.5,mw,earthquake,reviewed
2021-04-03 05:36:25.323000+00:00,1.1479,98.6578,85.84,4.5,mw,earthquake,reviewed
2021-04-04 00:35:47.845000+00:00,2.2912,97.7959,56.6,4.7,mw,earthquake,reviewed
2021-04-05 19:09:52.880000+00:00,3.1176,98.346,138.91,4.2,mw,earthquake,reviewed
2021-04-06 02:36:30.481000+00:00,4.2645,96.0982,67.22,4.1,mw,earthquake,reviewed
2021-04-07 15:50:23.279000+00:00,1.0009,98.3285,62.92,4.3,mw,earthquake,reviewed
2021-04-08 17:40:42.267000+00:00,3.7847,95.7753,66.13,4.5,mw,earthquake,reviewed
2021-04-09 08:08:58.946000+00:00,3.0723,96.3738,55.17,4.3,mw,earthquake,reviewed
2021-04-09 15:14:27.781000+00:00,4.7994,96.131,10.0,4.4,mw,earthquake,reviewed
2021-04-11 19:03:37.411000+00:00,-5.1078,101.0724,10.0,4.6,mw,earthquake,reviewed
2021-04-12 01:52:25.900000+00:00,-5.2063,104.8916,105.48,5.0,mw,earthquake,reviewed
2021-04-13 05:53:17.578000+00:00,-4.9058,103.8112,40.52,4.5,mw,earthquake,reviewed
2021-04-14 10:55:14.687000+00:00,0.1975,96.6432,8.99,5.6,mw,earthquake,reviewed
2021-04-19 23:58:22.503000+00:00,0.1831,96.5601,9.0,6.1,mw,earthquake,reviewed
2021-04-20 02:23:05.770000+00:00,0.0726,96.5885,10.0,4.3,mw,earthquake,reviewed
2021-04-20 07:32:52.020000+00:00,-5.9887,104.9733,57.66,4.4,mw,earthquake,reviewed
2021-04-21 14:32:31.382000+00:00,-3.7914,102.354,106.17,4.4,mw,earthquake,reviewed
2021-04-21 20:12:14.092000+00:00,-4.5401,103.0488,66.18,4.3,mw,earthquake,reviewed
2021-04-22 01:14:52.029000+00:00,-5.6703,101.6402,10.0,4.7,mw,earthquake,reviewed
2021-04-22 18:35:49.911000+00:00,-5.6219,101.6961,10.0,4.5,mw,earthquake,reviewed
2021-04-23 17:06:41.113000+00:00,-4.2804,102.1768,60.92,4.5,mw,earthquake,reviewed
2021-04-26 15:11:48.830000+00:00,2.437,95.8553,29.23,4.3,mw,earthquake,reviewed
2021-04-28 11:33:14.749000+00:00,1.0487,96.5251,10.0,4.8,mw,earthquake,reviewed
2021-05-01 01:47:28.010000+00:00,1.3529,96.904,10.0,4.6,mw,earthquake,reviewed
2021-05-02 06:49:28.098000+00:00,0.0946,98.4852,49.8,4.3,mw,earthquake,reviewed
2021-05-02 13:02:17.751000+00:00,4.0461,95.7566,50.03,4.7,mw,earthquake,reviewed
2021-05-02 17:46:41.047000+00:00,-2.3244,99.79,21.0,5.5,mw,earthquake,reviewed
2021-05-05 01:24:36.225000+00:00,-1.9554,99.7862,30.0,5.7,mw,earthquake,reviewed
2021-05-08 11:29:31.678000+00:00,-4.136,102.4892,79.19,4.5,mw,earthquake,reviewed
2021-05-10 20:44:34.066000+00:00,2.3543,96.2094,14.37,4.9,mw,earthquake,reviewed
2021-05-11 08:47:36.837000+00:00,4.0406,95.5321,35.0,4.5,mw,earthquake,reviewed
2021-05-11 20:44:41.855000+00:00,-1.5895,99.3257,27.1,5.0,mw,earthquake,reviewed
2021-05-14 06:33:07.879000+00:00,0.1364,96.6442,11.0,6.7,mw,earthquake,reviewed
2021-05-14 06:43:17.739000+00:00,-0.1198,96.6681,10.0,4.8,mw,earthquake,reviewed
2021-05-14 06:47:48.155000+00:00,0.0136,96.5944,10.0,4.8,mw,earthquake,reviewed
2021-05-14 07:01:38.781000+00:00,0.0666,96.6967,10.0,4.4,mw,earthquake,reviewed
2021-05-14 07:16:04.711000+00:00,0.1902,96.6009,10.0,4.8,mw,earthquake,reviewed
2021-05-14 07:48:32.063000+00:00,0.5876,96.33,10.0,4.6,mw,earthquake,reviewed
2021-05-14 08:10:55.498000+00:00,0.3291,96.642,10.0,4.1,mw,earthquake,reviewed
2021-05-14 09:16:32.748000+00:00,0.0017,96.5608,10.0,5.0,mw,earthquake,reviewed
2021-05-14 09:48:42.426000+00:00,0.0845,96.6505,10.0,4.5,mw,earthquake,reviewed
2021-05-14 13:15:38.702000+00:00,0.1849,96.669,10.0,4.4,mw,earthquake,reviewed
2021-05-14 16:51:06.084000+00:00,0.0275,96.7361,10.0,4.4,mw,earthquake,reviewed
2021-05-14 17:02:06.504000+00:00,0.1385,96.6069,10.0,4.3,mw,earthquake,reviewed
2021-05-14 18:51:01.508000+00:00,0.0747,96.6191,10.0,4.6,mw,earthquake,reviewed
2021-05-14 20:42:42.523000+00:00,0.1882,97.0103,10.0,4.4,mw,earthquake,reviewed
2021-05-15 00:34:33.012000+00:00,-2.1998,102.2695,199.26,4.5,mw,earthquake,reviewed
2021-05-15 01:53:38.491000+00:00,0.2525,96.7972,10.0,4.5,mw,earthquake,reviewed
2021-05-15 15:47:56.108000+00:00,0.0102,96.7524,10.0,4.4,mw,earthquake,reviewed
2021-05-16 14:06:46.261000+00:00,0.1779,96.7141,10.0,4.2,mw,earthquake,reviewed
2021-05-17 12:21:56.803000+00:00,0.1293,96.662,10.0,4.9,mw,earthquake,reviewed
2021-05-18 21:34:04.348000+00:00,0.1721,96.6415,10.0,4.5,mw,earthquake,reviewed
2021-05-19 09:17:52.243000+00:00,0.1258,96.688,10.0,4.3,mw,earthquake,reviewed
2021-05-20 00:05:34.267000+00:00,0.1841,96.7618,10.0,4.4,mw,earthquake,reviewed
2021-05-21 18:36:48.414000+00:00,-4.9566,102.1795,33.2,4.9,mw,earthquake,reviewed
2021-05-22 08:25:48.262000+00:00,-5.8666,101.7682,10.0,5.1,mw,earthquake,reviewed
2021-05-24 12:48:36.821000+00:00,-4.2185,101.9758,53.13,4.4,mw,earthquake,reviewed
2021-05-26 13:38:03.993000+00:00,3.0015,98.4116,137.24,4.5,mw,earthquake,reviewed
2021-05-27 18:38:02.637000+00:00,0.3228,96.789,10.0,4.5,mw,earthquake,reviewed
2021-05-28 01:08:21.360000+00:00,0.1852,96.4978,10.0,4.8,mw,earthquake,reviewed
2021-05-28 13:32:32.300000+00:00,2.1413,96.3353,21.98,4.6,mw,earthquake,reviewed
2021-05-28 20:21:22.991000+00:00,0.3314,96.7486,14.92,4.3,mw,earthquake,reviewed
2021-05-31 12:17:06.385000+00:00,0.7491,97.9647,52.06,4.5,mw,earthquake,reviewed
2021-05-31 22:01:26.254000+00:00,0.214,100.0959,31.56,4.5,mw,earthquake,reviewed
2021-06-04 13:34:40.357000+00:00,-0.0182,96.5667,10.0,4.4,mw,earthquake,reviewed
2021-06-05 12:06:27.352000+00:00,0.0993,96.6118,10.0,4.5,mw,earthquake,reviewed
2021-06-08 15:27:00.056000+00:00,-0.4302,98.0127,10.0,4.6,mw,earthquake,reviewed
2021-06-08 16:32:32.782000+00:00,0.293,96.6469,10.0,4.5,mw,earthquake,reviewed
2021-06-10 10:12:47.163000+00:00,-4.8293,102.9678,59.31,5.2,mw,earthquake,reviewed
2021-06-11 04:00:16.343000+00:00,-0.0763,96.748,10.0,4.5,mw,earthquake,reviewed
2021-06-11 19:13:47.032000+00:00,3.9818,95.9258,49.18,5.0,mw,earthquake,reviewed
2021-06-11 21:37:19.871000+00:00,0.0091,99.9714,10.0,4.8,mw,earthquake,reviewed
2021-06-13 04:22:52.232000+00:00,-0.2121,97.4549,26.17,4.4,mw,earthquake,reviewed
2021-06-15 14:16:14.774000+00:00,-4.2753,102.4086,61.49,5.3,mw,earthquake,reviewed
2021-06-17 15:07:02.963000+00:00,-4.3081,102.1361,51.36,4.2,mw,earthquake,reviewed
2021-06-18 08:27:14.363000+00:00,-4.5055,100.75,14.08,4.5,mw,earthquake,reviewed
2021-06-18 10:18:06.101000+00:00,2.7818,95.6992,29.48,4.7,mw,earthquake,reviewed
2021-06-19 21:12:15.554000+00:00,-4.56,102.6323,56.2,5.3,mw,earthquake,reviewed
2021-06-20 14:27:44.022000+00:00,-0.2708,97.3968,10.0,4.7,mw,earthquake,reviewed
2021-06-23 16:36:25.469000+00:00,1.8239,97.0877,25.1,4.4,mw,earthquake,reviewed
2021-06-26 22:07:58.996000+00:00,0.9981,96.9151,10.0,4.4,mw,earthquake,reviewed
2021-06-27 15:56:12.192000+00:00,-2.8938,101.0849,40.3,5.2,mw,earthquake,reviewed
2021-06-28 11:58:36.643000+00:00,2.7573,95.5044,28.19,4.5,mw,earthquake,reviewed
2021-06-30 22:11:14.788000+00:00,-4.9425,105.0066,10.0,4.4,mw,earthquake,reviewed
2021-07-01 01:50:10.113000+00:00,-5.4405,104.6491,40.82,4.7,mw,earthquake,reviewed
2021-07-01 03:43:34.144000+00:00,-5.3475,104.7493,37.72,4.7,mw,earthquake,reviewed
2021-07-01 12:27:31.646000+00:00,-5.4122,104.6531,25.14,4.6,mw,earthquake,reviewed
2021-07-01 18:59:55.991000+00:00,-5.4073,104.6978,38.26,4.6,mw,earthquake,reviewed
2021-07-01 20:42:05.708000+00:00,-5.5619,104.3857,78.48,4.4,mw,earthquake,reviewed
2021-07-03 13:09:46.425000+00:00,-4.1986,102.4166,56.1,5.1,mw,earthquake,reviewed
2021-07-06 17:16:02.942000+00:00,-2.1627,99.6076,16.63,4.1,mw,earthquake,reviewed
2021-07-07 23:23:47.187000+00:00,-4.3721,102.306,53.37,4.3,mw,earthquake,reviewed
2021-07-09 12:55:25.057000+00:00,-2.4594,99.729,10.0,4.7,mw,earthquake,reviewed
2021-07-10 02:41:09.501000+00:00,1.8228,96.9785,17.35,5.5,mw,earthquake,reviewed
2021-07-10 02:47:45.682000+00:00,1.7898,96.8816,27.24,4.5,mw,earthquake,reviewed
2021-07-14 10:13:47.918000+00:00,-4.4074,101.5733,31.28,4.6,mw,earthquake,reviewed
2021-07-17 09:35:45.753000+00:00,-4.0686,101.1317,35.0,4.2,mw,earthquake,reviewed
2021-07-20 03:34:27.085000+00:00,1.3727,96.9631,10.0,4.5,mw,earthquake,reviewed
2021-07-20 13:26:51.815000+00:00,1.8331,99.0647,123.54,4.2,mw,earthquake,reviewed
2021-07-21 06:59:53.663000+00:00,4.4989,96.8993,10.0,4.4,mw,earthquake,reviewed
2021-07-21 09:10:24.668000+00:00,4.5973,96.3355,39.28,4.4,mw,earthquake,reviewed
2021-07-21 11:37:36.361000+00:00,0.3575,99.7997,140.51,4.1,mw,earthquake,reviewed
2021-07-23 11:15:03.129000+00:00,0.0551,96.6025,10.0,4.5,mw,earthquake,reviewed
2021-07-24 21:42:18.354000+00:00,0.1078,96.6349,17.69,4.5,mw,earthquake,reviewed
2021-08-02 20:35:04.516000+00:00,-3.262,100.1679,10.0,4.6,mw,earthquake,reviewed
2021-08-02 22:48:50.780000+00:00,-3.2114,100.1976,20.0,5.8,mw,earthquake,reviewed
2021-08-02 23:00:40.859000+00:00,-3.2258,100.3198,10.0,4.8,mw,earthquake,reviewed
2021-08-02 23:01:01.149000+00:00,-3.1615,100.4063,10.0,5.3,mw,earthquake,reviewed
2021-08-03 01:57:47.276000+00:00,-3.4944,99.9948,10.0,4.7,mw,earthquake,reviewed
2021-08-03 04:04:34.143000+00:00,1.2484,98.315,60.71,4.3,mw,earthquake,reviewed
2021-08-03 04:46:12.966000+00:00,-3.3995,100.0224,10.0,4.5,mw,earthquake,reviewed
2021-08-04 18:34:06.107000+00:00,-3.3047,100.2085,10.0,4.4,mw,earthquake,reviewed
2021-08-08 02:02:14.070000+00:00,3.1319,96.1759,52.79,4.6,mw,earthquake,reviewed
2021-08-09 14:05:37.046000+00:00,0.0309,97.0559,10.0,4.4,mw,earthquake,reviewed
2021-08-11 05:19:05.229000+00:00,1.2921,99.3322,10.0,4.9,mw,earthquake,reviewed
2021-08-14 18:41:21.747000+00:00,-4.4071,102.5646,61.49,5.0,mw,earthquake,reviewed
2021-08-14 22:31:25.425000+00:00,-0.3216,100.0989,131.66,4.5,mw,earthquake,reviewed
2021-08-15 17:42:13.950000+00:00,1.3998,97.5867,44.66,4.6,mw,earthquake,reviewed
2021-08-16 14:01:02.899000+00:00,-4.187,100.9304,14.99,4.6,mw,earthquake,reviewed
2021-08-17 10:27:11.784000+00:00,-3.237,100.2546,10.0,4.5,mw,earthquake,reviewed
2021-08-21 22:34:00.860000+00:00,2.6354,95.7626,25.03,4.5,mw,earthquake,reviewed
2021-08-21 23:15:55.379000+00:00,0.4412,96.6042,10.0,4.2,mw,earthquake,reviewed
2021-08-22 08:59:48.052000+00:00,1.8858,97.813,57.11,4.6,mw,earthquake,reviewed
2021-08-23 20:59:53.707000+00:00,1.9037,98.5161,80.87,4.8,mw,earthquake,reviewed
2021-08-24 17:18:38.792000+00:00,0.2906,96.4971,10.0,4.9,mw,earthquake,reviewed
2021-08-29 13:05:34.622000+00:00,2.8145,98.9905,164.65,4.6,mw,earthquake,reviewed
2021-09-02 14:15:56.336000+00:00,-4.742,102.5258,51.35,4.7,mw,earthquake,reviewed
2021-09-05 01:40:12.152000+00:00,-2.0443,99.68,35.0,5.0,mw,earthquake,reviewed
2021-09-09 00:12:19.133000+00:00,4.3752,96.9067,155.71,4.2,mw,earthquake,reviewed
2021-09-09 05:17:58.415000+00:00,-5.1416,102.0061,35.0,4.5,mw,earthquake,reviewed
2021-09-10 01:42:22.093000+00:00,-4.506,101.7368,39.27,4.5,mw,earthquake,reviewed
2021-09-12 09:02:20.429000+00:00,-0.5281,99.7137,87.02,5.0,mw,earthquake,reviewed
2021-09-16 16:45:51.353000+00:00,0.1204,96.9046,10.0,4.3,mw,earthquake,reviewed
2021-09-19 21:20:29.634000+00:00,-5.2725,101.0844,10.0,4.4,mw,earthquake,reviewed
2021-09-20 12:26:26.321000+00:00,-1.0037,99.1382,35.0,4.2,mw,earthquake,reviewed
2021-09-22 23:08:06.561000+00:00,-2.2697,100.715,62.94,4.3,mw,earthquake,reviewed
2021-09-24 05:49:58.248000+00:00,-0.6387,98.0888,10.0,4.1,mw,earthquake,reviewed
2021-09-26 08:59:49.977000+00:00,-2.8568,100.1734,10.0,4.8,mw,earthquake,reviewed
2021-09-26 12:00:57.429000+00:00,-2.9818,100.0251,10.0,4.4,mw,earthquake,reviewed
2021-09-28 06:53:24.690000+00:00,1.8117,99.0261,10.0,4.4,mw,earthquake,reviewed
2021-09-30 18:54:25.978000+00:00,1.2873,97.5015,21.44,4.2,mw,earthquake,reviewed
2021-10-02 18:40:55.719000+00:00,2.5259,95.686,10.0,4.5,mw,earthquake,reviewed
2021-10-03 16:24:04.094000+00:00,-1.8709,101.4746,152.12,4.3,mw,earthquake,reviewed
2021-10-04 06:20:11.557000+00:00,-2.3568,103.7389,10.0,4.5,mw,earthquake,reviewed
2021-10-06 04:55:34.672000+00:00,4.8508,97.1957,10.0,4.6,mw,earthquake,reviewed
2021-10-06 06:20:03.759000+00:00,-5.9742,102.8213,35.48,4.6,mw,earthquake,reviewed
2021-10-11 19:17:00.270000+00:00,-0.9403,97.4199,10.0,4.5,mw,earthquake,reviewed
2021-10-11 22:17:46.474000+00:00,-3.1266,102.2585,114.01,4.1,mw,earthquake,reviewed
2021-10-13 16:21:54.790000+00:00,2.4228,97.6487,56.04,4.2,mw,earthquake,reviewed
2021-10-14 17:55:53.099000+00:00,-0.6408,100.6484,10.0,4.4,mw,earthquake,reviewed
2021-10-15 19:48:34.333000+00:00,1.4091,97.0429,28.35,4.6,mw,earthquake,reviewed
2021-10-15 23:17:27.891000+00:00,-4.9203,102.9791,59.39,5.1,mw,earthquake,reviewed
2021-10-22 17:01:14.209000+00:00,-2.2317,100.8024,58.34,4.4,mw,earthquake,reviewed
2021-10-23 23:34:25.776000+00:00,-4.6852,101.9672,46.53,4.9,mw,earthquake,reviewed
2021-10-26 10:02:27.283000+00:00,2.1829,96.123,10.0,4.5,mw,earthquake,reviewed
2021-10-26 17:25:38.829000+00:00,-3.3274,101.6916,44.82,4.4,mw,earthquake,reviewed
2021-10-30 12:29:39.712000+00:00,0.0302,96.8536,10.0,4.4,mw,earthquake,reviewed
2021-11-01 06:19:37.522000+00:00,-4.4267,102.0245,30.88,4.6,mw,earthquake,reviewed
2021-11-01 17:04:16.557000+00:00,0.2081,96.709,8.0,6.0,mw,earthquake,reviewed
2021-11-01 18:37:59.930000+00:00,0.2528,96.7126,10.0,4.7,mw,earthquake,reviewed
2021-11-01 18:38:08.475000+00:00,0.2161,96.7256,10.0,4.8,mw,earthquake,reviewed
2021-11-01 18:41:08.219000+00:00,-1.9253,99.6125,35.0,4.5,mw,earthquake,reviewed
2021-11-01 20:10:53.928000+00:00,0.3144,96.6779,10.0,4.5,mw,earthquake,reviewed
2021-11-01 21:12:34.842000+00:00,0.2067,96.7147,9.33,4.1,mw,earthquake,reviewed
2021-11-01 21:38:50.837000+00:00,0.2636,96.7476,10.0,4.3,mw,earthquake,reviewed
2021-11-01 21:47:34.488000+00:00,0.298,96.7281,10.0,4.8,mw,earthquake,reviewed
2021-11-02 01:09:56.357000+00:00,0.2312,96.8453,10.0,4.5,mw,earthquake,reviewed
2021-11-02 10:04:08.027000+00:00,0.2776,96.6946,10.0,4.8,mw,earthquake,reviewed
2021-11-02 10:50:53.043000+00:00,0.1678,96.7074,10.0,4.3,mw,earthquake,reviewed
2021-11-02 13:39:16.657000+00:00,0.266,96.6246,10.0,4.9,mw,earthquake,reviewed
2021-11-02 14:47:48.048000+00:00,0.1448,96.6846,10.0,5.0,mw,earthquake,reviewed
2021-11-02 14:59:16.825000+00:00,0.1717,96.675,10.0,4.6,mw,earthquake,reviewed
2021-11-02 15:06:23.297000+00:00,0.3396,96.5751,10.0,4.4,mw,earthquake,reviewed
2021-11-02 18:00:46.788000+00:00,0.1465,96.7287,10.0,4.4,mw,earthquake,reviewed
2021-11-02 19:56:57.760000+00:00,0.1274,96.733,10.0,4.5,mw,earthquake,reviewed
2021-11-02 20:08:08.188000+00:00,0.2908,96.6509,10.0,4.5,mw,earthquake,reviewed
2021-11-03 00:28:41.524000+00:00,0.1353,96.6902,10.0,4.4,mw,earthquake,reviewed
2021-11-03 00:50:35.771000+00:00,0.9206,98.5198,64.77,5.2,mw,earthquake,reviewed
2021-11-03 01:30:21.857000+00:00,0.2152,96.6722,10.0,4.8,mw,earthquake,reviewed
2021-11-03 05:09:33.354000+00:00,0.2183,96.5849,10.0,4.5,mw,earthquake,reviewed
2021-11-04 08:08:32.471000+00:00,0.3836,96.754,10.0,4.6,mw,earthquake,reviewed
2021-11-05 23:02:25.485000+00:00,0.2129,96.8579,10.0,4.4,mw,earthquake,reviewed
2021-11-07 11:29:02.739000+00:00,0.225,98.5567,43.49,4.5,mw,earthquake,reviewed
2021-11-10 07:18:16.058000+00:00,0.2491,96.5784,9.8,4.6,mw,earthquake,reviewed
2021-11-10 14:25:17.646000+00:00,1.9401,96.6995,28.47,4.8,mw,earthquake,reviewed
2021-11-11 03:13:11.831000+00:00,0.5863,96.6701,10.0,4.7,mw,earthquake,reviewed
2021-11-11 08:56:35.498000+00:00,1.3321,99.0562,120.32,4.2,mw,earthquake,reviewed
2021-11-12 06:33:23.300000+00:00,0.201,98.5221,41.5,4.7,mw,earthquake,reviewed
2021-11-12 08:32:30.158000+00:00,2.1429,96.2097,10.0,4.9,mw,earthquake,reviewed
2021-11-12 10:44:17.100000+00:00,1.2957,98.8933,91.42,5.1,mw,earthquake,reviewed
2021-11-16 04:10:06.400000+00:00,-4.4371,101.7651,44.47,4.4,mw,earthquake,reviewed
2021-11-16 17:11:17.572000+00:00,-2.226,102.3492,211.84,4.5,mw,earthquake,reviewed
2021-11-17 03:30:34.980000+00:00,-3.5754,101.5892,59.84,5.1,mw,earthquake,reviewed
2021-11-19 11:16:29.708000+00:00,0.2242,96.701,10.0,5.0,mw,earthquake,reviewed
2021-11-19 15:46:26.682000+00:00,0.1421,96.5942,10.0,4.5,mw,earthquake,reviewed
2021-11-21 18:20:53.742000+00:00,-3.4199,101.4466,65.14,4.6,mw,earthquake,reviewed
2021-11-22 09:01:03.402000+00:00,0.2014,96.8145,10.0,4.3,mw,earthquake,reviewed
2021-11-22 21:13:53.506000+00:00,0.3728,96.6335,10.0,4.8,mw,earthquake,reviewed
2021-11-23 06:22:18.777000+00:00,1.5955,99.4098,161.98,4.4,mw,earthquake,reviewed
2021-11-23 15:29:48.490000+00:00,0.2598,96.5546,10.0,4.4,mw,earthquake,reviewed
2021-11-24 21:45:53.650000+00:00,-5.2019,102.5999,41.44,4.3,mw,earthquake,reviewed
2021-11-26 00:41:02.500000+00:00,-3.1708,101.6916,88.82,4.7,mw,earthquake,reviewed
2021-11-26 14:33:53.655000+00:00,-3.8198,101.3726,40.11,4.3,mw,earthquake,reviewed
2021-11-28 22:34:41.081000+00:00,0.2788,99.6074,125.88,4.4,mw,earthquake,reviewed
2021-11-29 09:07:44.020000+00:00,-2.1893,104.2108,10.0,4.5,mw,earthquake,reviewed
2021-11-29 15:24:25.907000+00:00,-2.5579,99.5117,10.0,4.6,mw,earthquake,reviewed
2021-11-29 15:25:44.797000+00:00,-1.3075,99.7371,49.99,4.7,mw,earthquake,reviewed
2021-12-03 04:56:44.737000+00:00,-2.0791,100.084,10.0,4.3,mw,earthquake,reviewed
2021-12-03 09:58:41.139000+00:00,0.4452,96.6539,10.0,4.2,mw,earthquake,reviewed
2021-12-12 22:37:00.619000+00:00,-4.184,101.317,35.0,4.7,mw,earthquake,reviewed
2021-12-13 19:26:05.364000+00:00,0.1813,96.6817,10.0,4.4,mw,earthquake,reviewed
2021-12-17 07:11:19.665000+00:00,-5.7101,101.4362,10.0,4.4,mw,earthquake,reviewed
2021-12-17 14:38:38.781000+00:00,1.1637,97.5769,19.98,4.4,mw,earthquake,reviewed
2021-12-19 07:58:22.983000+00:00,-5.8709,104.3415,69.04,4.3,mw,earthquake,reviewed
2021-12-19 14:34:55.450000+00:00,4.5616,96.2559,10.0,4.7,mw,earthquake,reviewed
2021-12-20 19:55:19.062000+00:00,3.949,95.9628,56.66,4.3,mw,earthquake,reviewed
2021-12-21 03:10:30.855000+00:00,1.7515,99.5087,178.7,4.2,mw,earthquake,reviewed
2021-12-26 14:09:13.621000+00:00,-4.5717,102.0135,41.43,4.7,mw,earthquake,reviewed
2021-12-30 16:09:36.142000+00:00,-0.3514,98.7661,42.38,4.7,mw,earthquake,reviewed
2021-12-30 18:31:32.862000+00:00,0.1856,96.6595,10.0,4.7,mw,earthquake,reviewed
2022-01-03 18:59:45.928000+00:00,4.3837,97.4417,191.56,4.2,mw,earthquake,reviewed
2022-01-04 10:55:40.211000+00:00,-1.5098,99.4714,35.0,4.6,mw,earthquake,reviewed
2022-01-11 00:26:30.165000+00:00,0.1519,96.7107,10.0,5.2,mw,earthquake,reviewed
2022-01-12 03:17:41.405000+00:00,0.463,96.8611,10.0,4.7,mw,earthquake,reviewed
2022-01-16 06:52:32.930000+00:00,3.5064,96.5606,68.91,4.7,mw,earthquake,reviewed
2022-01-19 06:00:32.606000+00:00,-0.7122,99.0987,35.0,4.7,mw,earthquake,reviewed
2022-01-21 12:11:13.926000+00:00,-1.9322,102.1505,227.91,4.1,mw,earthquake,reviewed
2022-01-28 23:38:14.716000+00:00,-5.0608,102.2805,34.42,4.6,mw,earthquake,reviewed
2022-01-30 07:20:42.321000+00:00,1.867,97.11,30.6,4.2,mw,earthquake,reviewed
2022-02-02 00:30:21.934000+00:00,-0.5225,97.0893,10.0,4.2,mw,earthquake,reviewed
2022-02-02 19:29:17.235000+00:00,0.7928,98.5208,59.15,4.8,mw,earthquake,reviewed
2022-02-03 13:24:47.896000+00:00,2.0354,96.5742,40.41,4.8,mw,earthquake,reviewed
2022-02-07 08:14:38.248000+00:00,-0.7184,97.1326,10.0,4.7,mw,earthquake,reviewed
2022-02-09 21:09:58.850000+00:00,-4.5998,102.6994,64.22,4.7,mw,earthquake,reviewed
2022-02-12 09:17:29.432000+00:00,0.3237,96.3796,10.0,4.6,mw,earthquake,reviewed
2022-02-12 15:13:18.125000+00:00,0.9005,97.4683,39.52,4.4,mw,earthquake,reviewed
2022-02-15 13:05:38.488000+00:00,1.3933,96.9566,10.0,4.6,mw,earthquake,reviewed
2022-02-16 07:03:00.834000+00:00,-3.6755,101.4584,47.48,4.2,mw,earthquake,reviewed
2022-02-19 09:32:40.360000+00:00,-4.7589,102.177,62.58,4.4,mw,earthquake,reviewed
2022-02-23 20:45:29.134000+00:00,2.2217,97.6447,35.0,4.2,mw,earthquake,reviewed
2022-02-24 19:37:11.259000+00:00,2.7642,97.3394,60.84,4.5,mw,earthquake,reviewed
2022-02-25 01:35:50.827000+00:00,0.2493,100.0017,10.0,5.1,mw,earthquake,reviewed
2022-02-25 01:39:26.554000+00:00,0.219,100.1006,4.0,6.1,mw,earthquake,reviewed
2022-02-25 01:42:59.326000+00:00,-0.3419,99.904,10.0,5.0,mw,earthquake,reviewed
2022-02-25 01:50:42.540000+00:00,-0.2207,100.0582,10.0,4.3,mw,earthquake,reviewed
2022-02-25 04:02:17.930000+00:00,0.1186,100.0685,10.0,4.8,mw,earthquake,reviewed
2022-02-25 04:06:36.663000+00:00,0.0316,100.071,10.0,5.0,mw,earthquake,reviewed
2022-02-25 15:17:21.816000+00:00,0.0531,100.0279,10.0,4.6,mw,earthquake,reviewed
2022-02-25 23:58:07.819000+00:00,-4.9709,101.7374,35.0,4.9,mw,earthquake,reviewed
2022-02-26 19:08:15.534000+00:00,0.1069,99.8773,5.13,4.8,mw,earthquake,reviewed
2022-03-01 01:12:29.509000+00:00,-2.1365,101.877,112.87,4.4,mw,earthquake,reviewed
2022-03-01 11:04:09.575000+00:00,4.0892,95.9931,41.55,5.2,mw,earthquake,reviewed
2022-03-01 15:37:06.152000+00:00,-0.4295,99.1239,66.53,4.6,mw,earthquake,reviewed
2022-03-02 04:41:16.535000+00:00,0.1853,100.1306,10.0,4.3,mw,earthquake,reviewed
2022-03-03 06:37:03.223000+00:00,0.0636,100.0026,10.0,4.6,mw,earthquake,reviewed
2022-03-04 07:08:34.319000+00:00,0.0329,96.6044,10.0,4.7,mw,earthquake,reviewed
2022-03-05 13:33:23.386000+00:00,2.6827,99.0301,148.95,5.1,mw,earthquake,reviewed
2022-03-07 02:44:44.852000+00:00,3.7401,97.4477,121.74,4.3,mw,earthquake,reviewed
2022-03-09 22:09:31.953000+00:00,-2.293,100.8763,66.18,4.5,mw,earthquake,reviewed
2022-03-10 04:26:53.730000+00:00,3.9185,95.9105,48.02,5.2,mw,earthquake,reviewed
2022-03-13 07:38:28.810000+00:00,-2.2143,100.0686,44.55,4.6,mw,earthquake,reviewed
2022-03-13 11:32:31.397000+00:00,-4.1284,103.106,117.86,4.6,mw,earthquake,reviewed
2022-03-13 21:09:22.258000+00:00,-0.6294,98.6259,28.0,6.7,mw,earthquake,reviewed
2022-03-13 21:24:11.939000+00:00,-0.8236,98.3589,19.77,4.7,mw,earthquake,reviewed
2022-03-13 21:34:02.761000+00:00,-0.7876,98.5153,10.0,4.2,mw,earthquake,reviewed
2022-03-13 21:37:17.781000+00:00,-0.3635,97.893,10.0,4.6,mw,earthquake,reviewed
2022-03-13 21:38:43.829000+00:00,-0.6087,98.5291,29.19,5.6,mw,earthquake,reviewed
2022-03-14 04:43:36.685000+00:00,-5.7497,102.9998,32.64,4.5,mw,earthquake,reviewed
2022-03-14 14:12:10.077000+00:00,-0.5434,98.5566,25.09,5.3,mw,earthquake,reviewed
2022-03-14 15:12:40.701000+00:00,-3.3406,100.8102,39.26,4.3,mw,earthquake,reviewed
2022-03-15 09:08:50.021000+00:00,2.4181,96.1621,10.0,4.8,mw,earthquake,reviewed
2022-03-15 09:25:50.692000+00:00,2.3278,96.0664,10.0,4.5,mw,earthquake,reviewed
2022-03-15 12:12:32.092000+00:00,-0.5284,98.5948,43.75,5.2,mw,earthquake,reviewed
2022-03-16 02:44:35.770000+00:00,0.3553,97.5769,28.07,4.3,mw,earthquake,reviewed
2022-03-16 19:55:00.741000+00:00,0.4971,98.4959,51.51,4.3,mw,earthquake,reviewed
2022-03-17 15:10:28.559000+00:00,-0.0838,96.8272,10.0,4.6,mw,earthquake,reviewed
2022-03-18 14:46:08.710000+00:00,-4.663,101.7353,26.27,4.5,mw,earthquake,reviewed
2022-03-18 21:06:30.909000+00:00,-3.6651,101.5566,33.53,4.3,mw,earthquake,reviewed
2022-03-19 01:03:40.204000+00:00,-3.314,102.171,98.76,4.6,mw,earthquake,reviewed
2022-03-19 08:16:27.248000+00:00,4.4133,96.5263,10.0,4.5,mw,earthquake,reviewed
2022-03-22 06:27:13.611000+00:00,0.431,97.07,10.0,4.9,mw,earthquake,reviewed
2022-04-01 11:54:34.106000+00:00,1.9541,99.1119,140.88,4.9,mw,earthquake,reviewed
2022-04-03 13:30:02.249000+00:00,0.7243,99.8612,156.55,4.5,mw,earthquake,reviewed
2022-04-03 18:14:42.591000+00:00,-0.2121,100.6678,47.55,4.4,mw,earthquake,reviewed
2022-04-05 12:26:57.690000+00:00,-3.4129,99.1467,10.0,4.3,mw,earthquake,reviewed
2022-04-06 00:29:27.841000+00:00,0.6799,97.1097,10.0,4.4,mw,earthquake,reviewed
2022-04-06 18:03:36.962000+00:00,0.762,97.008,10.0,4.9,mw,earthquake,reviewed
2022-04-07 06:36:40.955000+00:00,-3.9805,102.165,83.02,4.7,mw,earthquake,reviewed
2022-04-08 13:50:51.617000+00:00,0.5895,97.0885,10.0,4.5,mw,earthquake,reviewed
2022-04-09 12:18:42.184000+00:00,0.4188,97.0612,10.0,4.3,mw,earthquake,reviewed
2022-04-15 10:11:23.048000+00:00,3.9941,95.6684,42.33,4.3,mw,earthquake,reviewed
2022-04-15 11:27:28.880000+00:00,4.1434,95.9414,58.46,5.0,mw,earthquake,reviewed
2022-04-15 21:17:09.977000+00:00,0.6184,97.0596,10.0,4.8,mw,earthquake,reviewed
2022-04-15 23:58:53.307000+00:00,0.674,97.02,10.0,4.7,mw,earthquake,reviewed
2022-04-17 03:53:35.240000+00:00,-5.7422,103.3018,44.01,4.6,mw,earthquake,reviewed
2022-04-17 20:16:27.924000+00:00,0.583,97.209,10.0,4.6,mw,earthquake,reviewed
2022-04-21 12:28:04.099000+00:00,2.0143,97.8363,48.0,5.0,mw,earthquake,reviewed
2022-04-21 20:23:35.317000+00:00,0.4487,96.7619,10.0,5.0,mw,earthquake,reviewed
2022-04-23 23:44:05.628000+00:00,-2.6417,101.4213,88.38,4.7,mw,earthquake,reviewed
2022-05-04 20:38:39.718000+00:00,2.1438,95.6138,10.0,4.4,mw,earthquake,reviewed
2022-05-08 19:01:56.976000+00:00,-0.8686,98.3536,10.0,4.5,mw,earthquake,reviewed
2022-05-10 00:19:13.902000+00:00,-4.9622,102.5414,41.84,4.4,mw,earthquake,reviewed
2022-05-11 18:52:15.548000+00:00,-2.77,103.2352,277.71,4.5,mw,earthquake,reviewed
2022-05-12 22:24:19.137000+00:00,-0.7673,98.626,28.91,4.2,mw,earthquake,reviewed
2022-05-15 16:57:43.781000+00:00,-5.7652,104.1654,100.3,4.3,mw,earthquake,reviewed
2022-05-16 18:58:25.037000+00:00,-5.2399,102.0088,23.0,5.8,mw,earthquake,reviewed
2022-05-17 23:53:24.535000+00:00,-4.4891,102.732,61.08,4.5,mw,earthquake,reviewed
2022-05-21 08:29:15.282000+00:00,-4.698,102.6699,59.12,4.9,mw,earthquake,reviewed
2022-05-21 19:44:50.125000+00:00,-5.5382,97.652,10.0,4.4,mw,earthquake,reviewed
2022-05-22 17:38:15.566000+00:00,-0.4777,99.6588,81.85,4.7,mw,earthquake,reviewed
2022-05-23 12:32:00.150000+00:00,-4.7307,102.6334,58.6,5.0,mw,earthquake,reviewed
2022-05-24 08:19:25.459000+00:00,1.2518,97.0365,25.2,4.3,mw,earthquake,reviewed
2022-05-24 21:18:18.614000+00:00,-5.5503,103.8782,54.49,5.0,mw,earthquake,reviewed
2022-05-28 15:58:07.211000+00:00,-5.2218,105.6033,162.64,4.3,mw,earthquake,reviewed
2022-05-30 09:49:44.967000+00:00,1.7204,99.5287,173.51,4.7,mw,earthquake,reviewed
2022-05-31 07:10:09.517000+00:00,-5.84,104.3485,61.05,5.2,mw,earthquake,reviewed
2022-06-02 07:11:54.122000+00:00,-4.5835,102.6593,60.75,4.6,mw,earthquake,reviewed
2022-06-10 16:44:07.688000+00:00,-4.4498,102.805,65.93,4.5,mw,earthquake,reviewed
2022-06-12 17:45:26.319000+00:00,5.2885,95.5874,117.11,4.8,mw,earthquake,reviewed
2022-06-17 22:12:28.034000+00:00,0.1555,96.5882,10.0,4.5,mw,earthquake,reviewed
2022-06-18 11:22:18.692000+00:00,-4.9018,103.0305,66.86,5.3,mw,earthquake,reviewed
2022-06-20 05:01:39.694000+00:00,2.2873,96.376,34.92,4.7,mw,earthquake,reviewed
2022-06-21 19:08:15.930000+00:00,2.0127,96.4059,10.0,5.0,mw,earthquake,reviewed
2022-06-22 06:48:07.428000+00:00,2.0718,96.4335,10.0,5.0,mw,earthquake,reviewed
2022-06-24 15:08:39.063000+00:00,-2.2605,102.1508,193.47,4.4,mw,earthquake,reviewed
2022-06-24 18:56:34.197000+00:00,-1.8368,100.4097,50.54,5.2,mw,earthquake,reviewed
2022-06-28 23:24:57.240000+00:00,-4.8951,102.8909,63.74,4.5,mw,earthquake,reviewed
2022-07-03 00:10:35.763000+00:00,4.4752,96.3341,13.934,4.5,mw,earthquake,reviewed
2022-07-03 00:11:05.317000+00:00,4.4521,96.473,5.55,5.0,mw,earthquake,reviewed
2022-07-05 04:53:49.712000+00:00,2.1143,100.107,208.665,4.2,mw,earthquake,reviewed
2022-07-06 01:34:36.411000+00:00,-2.241,100.7961,55.32,4.8,mw,earthquake,reviewed
2022-07-06 05:10:17.576000+00:00,-5.1633,101.0026,7.409,5.3,mw,earthquake,reviewed
2022-07-09 08:46:34.101000+00:00,-1.2767,98.3374,10.0,4.4,mw,earthquake,reviewed
2022-07-10 08:53:53.696000+00:00,1.1881,99.4489,8.998,4.4,mw,earthquake,reviewed
2022-07-10 09:03:53.648000+00:00,2.4194,99.1304,154.65,4.4,mw,earthquake,reviewed
2022-07-11 05:07:22.616000+00:00,-0.118,96.5694,10.0,4.2,mw,earthquake,reviewed
2022-07-12 02:52:08.931000+00:00,-5.9998,104.3005,51.01,5.1,mw,earthquake,reviewed
2022-07-17 12:20:15.559000+00:00,-5.3504,103.1414,44.33,4.6,mw,earthquake,reviewed
2022-07-18 07:03:39.811000+00:00,-5.294,102.6748,41.803,4.5,mw,earthquake,reviewed
2022-07-18 13:11:57.743000+00:00,-5.8836,102.853,35.0,4.5,mw,earthquake,reviewed
2022-07-19 23:46:50.701000+00:00,-4.1438,102.1383,52.0,5.3,mw,earthquake,reviewed
2022-07-20 00:43:28.307000+00:00,-4.1765,102.073,58.144,4.5,mw,earthquake,reviewed
2022-07-21 03:28:11.891000+00:00,-5.8254,101.8042,10.0,4.5,mw,earthquake,reviewed
2022-07-21 21:41:04.655000+00:00,0.291,98.3067,35.0,5.0,mw,earthquake,reviewed
2022-07-23 15:29:11.132000+00:00,0.5848,100.0142,166.244,4.4,mw,earthquake,reviewed
2022-07-24 06:37:40.508000+00:00,0.5829,96.7902,10.0,4.4,mw,earthquake,reviewed
2022-07-31 03:03:15.061000+00:00,4.2739,95.7593,74.145,5.2,mw,earthquake,reviewed
2022-07-31 21:45:14.930000+00:00,-0.0067,98.1282,35.0,4.2,mw,earthquake,reviewed
2022-08-01 21:17:11.128000+00:00,1.4936,98.9049,111.125,4.7,mw,earthquake,reviewed
2022-08-02 07:53:07.314000+00:00,0.0627,96.5698,10.0,4.4,mw,earthquake,reviewed
2022-08-02 10:19:29.673000+00:00,1.6942,99.5329,182.797,4.6,mw,earthquake,reviewed
2022-08-03 05:33:16.121000+00:00,0.2113,96.7087,10.0,4.3,mw,earthquake,reviewed
2022-08-03 08:47:04.669000+00:00,0.238,96.7086,10.0,4.2,mw,earthquake,reviewed
2022-08-04 17:39:31.516000+00:00,-1.0555,97.3562,10.0,5.0,mw,earthquake,reviewed
2022-08-05 15:30:28.644000+00:00,0.9048,97.0472,10.0,4.2,mw,earthquake,reviewed
2022-08-07 02:28:25.440000+00:00,-4.3081,102.1657,52.321,5.0,mw,earthquake,reviewed
2022-08-07 22:41:55.229000+00:00,-5.9063,103.1633,35.0,4.2,mw,earthquake,reviewed
2022-08-08 20:00:44.130000+00:00,-0.809,99.7163,70.495,4.6,mw,earthquake,reviewed
2022-08-09 04:41:10.213000+00:00,-1.9832,100.2649,35.0,4.8,mw,earthquake,reviewed
2022-08-11 05:19:17.829000+00:00,-3.4254,101.8322,79.103,4.4,mw,earthquake,reviewed
2022-08-15 02:01:38.052000+00:00,-3.311,100.7772,38.021,4.9,mw,earthquake,reviewed
2022-08-15 15:51:14.490000+00:00,0.1338,98.3727,26.833,4.1,mw,earthquake,reviewed
2022-08-15 16:35:12.292000+00:00,0.1257,96.586,10.0,5.0,mw,earthquake,reviewed
2022-08-15 17:34:10.499000+00:00,-2.2167,102.204,222.716,4.1,mw,earthquake,reviewed
2022-08-16 07:02:29.316000+00:00,2.6937,95.6204,24.75,4.7,mw,earthquake,reviewed
2022-08-17 05:38:18.516000+00:00,-4.9731,102.803,58.212,4.6,mw,earthquake,reviewed
2022-08-20 18:07:58.171000+00:00,-0.0894,96.7345,10.0,4.1,mw,earthquake,reviewed
2022-08-22 09:26:53.591000+00:00,-1.1438,100.2556,90.795,4.7,mw,earthquake,reviewed
2022-08-23 14:31:39.374000+00:00,-5.0926,103.079,45.258,6.2,mw,earthquake,reviewed
2022-08-23 16:45:10.247000+00:00,3.9797,95.8875,68.048,4.7,mw,earthquake,reviewed
2022-08-24 02:41:30.529000+00:00,-5.2295,102.9363,57.472,4.8,mw,earthquake,reviewed
2022-08-25 03:21:30.680000+00:00,-4.7217,101.7512,35.0,5.1,mw,earthquake,reviewed
2022-08-28 17:04:39.757000+00:00,-1.0764,98.5483,16.793,5.0,mw,earthquake,reviewed
2022-08-28 22:34:37.140000+00:00,-1.0173,98.6652,43.0,5.7,mw,earthquake,reviewed
2022-08-29 03:29:13.691000+00:00,-0.988,98.6046,17.0,6.2,mw,earthquake,reviewed
2022-08-29 03:35:42.369000+00:00,-1.0508,98.5875,17.567,4.8,mw,earthquake,reviewed
2022-08-29 10:58:14.174000+00:00,-1.2685,98.4948,17.147,4.3,mw,earthquake,reviewed
2022-08-29 11:01:11.830000+00:00,-1.018,98.6831,20.73,4.6,mw,earthquake,reviewed
2022-08-29 11:11:48.945000+00:00,-1.0575,98.6699,20.596,4.7,mw,earthquake,reviewed
2022-08-29 11:28:27.675000+00:00,-1.22,98.4507,16.453,4.5,mw,earthquake,reviewed
2022-08-29 11:44:10.775000+00:00,-1.1601,98.5598,19.114,4.5,mw,earthquake,reviewed
2022-08-29 12:35:31.548000+00:00,-1.0759,98.619,19.55,4.5,mw,earthquake,reviewed
2022-08-29 12:44:19.407000+00:00,-1.1345,98.5391,18.54,4.7,mw,earthquake,reviewed
2022-08-29 13:09:53.874000+00:00,-0.9764,98.6319,20.899,4.7,mw,earthquake,reviewed
2022-09-02 03:34:23.588000+00:00,2.0763,97.8361,60.247,4.8,mw,earthquake,reviewed
2022-09-03 05:04:13.657000+00:00,-1.2152,98.3192,14.13,4.5,mw,earthquake,reviewed
2022-09-04 08:52:13.492000+00:00,-5.0652,102.8928,55.021,5.2,mw,earthquake,reviewed
2022-09-05 01:13:52.256000+00:00,1.7452,99.3869,170.73,4.3,mw,earthquake,reviewed
2022-09-05 03:17:26.691000+00:00,-5.9231,103.7173,55.951,4.9,mw,earthquake,reviewed
2022-09-06 21:15:28.452000+00:00,1.8093,99.0127,128.468,4.2,mw,earthquake,reviewed
2022-09-07 18:09:35.437000+00:00,-3.19,101.4217,34.0,5.4,mw,earthquake,reviewed
2022-09-07 22:26:32.756000+00:00,1.3503,96.8708,10.0,4.8,mw,earthquake,reviewed
2022-09-08 07:58:52.813000+00:00,1.4012,96.967,10.0,5.1,mw,earthquake,reviewed
2022-09-08 08:49:15.754000+00:00,1.4369,96.9974,29.605,4.3,mw,earthquake,reviewed
2022-09-08 17:52:49.321000+00:00,-4.2333,102.2088,56.123,4.9,mw,earthquake,reviewed
2022-09-10 06:03:13.955000+00:00,-2.3603,100.6472,50.366,4.7,mw,earthquake,reviewed
2022-09-10 23:10:43.721000+00:00,-1.149,98.654,20.0,6.0,mw,earthquake,reviewed
2022-09-10 23:24:00.499000+00:00,-1.2041,98.618,10.0,5.8,mw,earthquake,reviewed
2022-09-11 02:40:45.618000+00:00,-1.3018,98.596,10.0,4.5,mw,earthquake,reviewed
2022-09-11 03:29:33.484000+00:00,-1.2405,98.466,10.0,4.5,mw,earthquake,reviewed
2022-09-11 06:28:41.254000+00:00,-1.1982,98.5927,19.316,4.4,mw,earthquake,reviewed
2022-09-11 12:50:23.775000+00:00,0.5152,98.4895,57.869,4.6,mw,earthquake,reviewed
2022-09-11 15:35:29.327000+00:00,3.6825,96.8103,90.991,4.7,mw,earthquake,reviewed
2022-09-11 18:24:01.404000+00:00,-1.251,98.5818,18.095,5.0,mw,earthquake,reviewed
2022-09-13 11:18:03.156000+00:00,-5.5784,104.241,92.148,5.0,mw,earthquake,reviewed
2022-09-15 15:24:48.972000+00:00,-2.0533,99.6071,19.034,4.8,mw,earthquake,reviewed
2022-09-15 15:33:09.702000+00:00,1.69,96.9427,29.935,4.5,mw,earthquake,reviewed
2022-09-19 19:16:25.617000+00:00,-5.5141,102.8814,37.543,4.3,mw,earthquake,reviewed
2022-09-20 14:49:01.935000+00:00,1.5991,99.687,182.377,4.1,mw,earthquake,reviewed
2022-09-20 22:25:01.390000+00:00,-1.1959,98.5697,19.227,5.1,mw,earthquake,reviewed
2022-09-22 19:36:19.908000+00:00,4.4236,96.5454,9.746,4.9,mw,earthquake,reviewed
2022-09-23 20:52:58.398000+00:00,3.8109,96.0514,42.181,6.2,mw,earthquake,reviewed
2022-09-28 03:46:33.689000+00:00,0.1323,99.9509,10.0,4.6,mw,earthquake,reviewed
2022-09-29 12:56:31.636000+00:00,-5.4438,102.676,36.993,4.6,mw,earthquake,reviewed
2022-09-30 07:22:28.940000+00:00,0.0342,96.582,10.0,4.5,mw,earthquake,reviewed
2022-09-30 19:28:40.152000+00:00,2.1277,98.9004,18.363,5.9,mw,earthquake,reviewed
2022-09-30 19:47:54.118000+00:00,2.0779,98.9937,12.802,4.7,mw,earthquake,reviewed
2022-09-30 19:50:35.495000+00:00,2.2054,98.89,20.955,5.1,mw,earthquake,reviewed
2022-09-30 19:54:28.175000+00:00,2.0517,99.0688,10.0,4.7,mw,earthquake,reviewed
2022-09-30 20:01:58.567000+00:00,2.0284,98.9167,10.0,4.5,mw,earthquake,reviewed
2022-09-30 20:37:38.689000+00:00,2.0209,98.9447,10.098,5.1,mw,earthquake,reviewed
2022-10-01 13:50:16.128000+00:00,-3.83,101.8367,59.88,5.0,mw,earthquake,reviewed
2022-10-04 20:14:44.973000+00:00,-4.8994,104.2551,117.641,4.4,mw,earthquake,reviewed
2022-10-06 08:14:54.127000+00:00,-3.4193,102.3837,108.524,4.1,mw,earthquake,reviewed
2022-10-06 08:30:56.265000+00:00,1.9828,98.8391,9.596,4.4,mw,earthquake,reviewed
2022-10-06 20:00:38.582000+00:00,1.9232,98.8702,3.604,5.0,mw,earthquake,reviewed
2022-10-08 08:26:12.361000+00:00,-1.6143,101.651,220.374,4.3,mw,earthquake,reviewed
2022-10-10 10:18:38.808000+00:00,1.838,97.8685,59.166,4.9,mw,earthquake,reviewed
2022-10-11 07:53:24.318000+00:00,0.11,98.6187,49.23,4.9,mw,earthquake,reviewed
2022-10-12 03:55:39.645000+00:00,-1.5178,99.8911,40.0,4.3,mw,earthquake,reviewed
2022-10-13 01:55:50.621000+00:00,2.3236,95.9024,10.0,4.6,mw,earthquake,reviewed
2022-10-14 17:40:42.734000+00:00,-3.7635,103.68,11.291,4.4,mw,earthquake,reviewed
2022-10-20 02:26:44.371000+00:00,-5.1643,102.4005,35.0,4.7,mw,earthquake,reviewed
2022-10-23 14:00:57.205000+00:00,-0.1947,99.7666,10.522,4.4,mw,earthquake,reviewed
2022-10-30 22:21:34.605000+00:00,1.8439,99.5189,179.876,5.2,mw,earthquake,reviewed
2022-10-31 11:46:15.764000+00:00,-2.5637,100.716,37.936,4.2,mw,earthquake,reviewed
2022-10-31 16:40:26.990000+00:00,0.1385,97.6893,23.561,4.2,mw,earthquake,reviewed
2022-11-02 04:25:45.785000+00:00,1.6723,99.5751,174.048,4.6,mw,earthquake,reviewed
2022-11-09 05:57:04.782000+00:00,0.6583,96.9598,10.0,4.5,mw,earthquake,reviewed
2022-11-10 05:56:27.677000+00:00,4.2318,96.4225,11.74,4.6,mw,earthquake,reviewed
2022-11-11 11:39:29.162000+00:00,-3.7365,100.5702,10.0,5.1,mw,earthquake,reviewed
2022-11-16 06:01:32.035000+00:00,-4.7623,100.7623,10.0,5.5,mw,earthquake,reviewed
2022-11-16 06:19:14.220000+00:00,-4.7184,100.7883,10.0,4.5,mw,earthquake,reviewed
2022-11-16 09:22:44.398000+00:00,-5.3485,102.3662,29.808,5.2,mw,earthquake,reviewed
2022-11-16 18:22:00.975000+00:00,-4.7258,100.8121,10.0,4.6,mw,earthquake,reviewed
2022-11-17 14:04:48.360000+00:00,0.5062,99.6039,133.559,4.3,mw,earthquake,reviewed
2022-11-17 22:54:29.932000+00:00,-0.815,97.9889,10.0,4.2,mw,earthquake,reviewed
2022-11-18 13:37:08.687000+00:00,-4.9043,100.7862,25.0,6.9,mw,earthquake,reviewed
2022-11-18 13:59:04.743000+00:00,-4.5305,100.5796,10.0,4.7,mw,earthquake,reviewed
2022-11-18 14:07:00.628000+00:00,-4.6015,100.5808,10.0,5.5,mw,earthquake,reviewed
2022-11-18 16:22:51.069000+00:00,-4.8526,100.5733,10.0,4.5,mw,earthquake,reviewed
2022-11-19 07:56:18.569000+00:00,-4.583,100.5838,10.0,4.4,mw,earthquake,reviewed
2022-11-20 18:44:27.574000+00:00,-4.6466,101.1048,38.102,4.2,mw,earthquake,reviewed
2022-11-21 01:41:03.683000+00:00,-5.0127,100.7293,21.173,5.0,mw,earthquake,reviewed
2022-11-24 02:11:25.771000+00:00,-4.3213,100.387,21.979,5.2,mw,earthquake,reviewed
2022-11-25 13:25:28.946000+00:00,-3.0941,100.9204,45.435,4.5,mw,earthquake,reviewed
2022-11-26 00:10:53.818000+00:00,-2.2952,101.9871,167.887,4.3,mw,earthquake,reviewed
2022-11-27 00:45:24.607000+00:00,1.9983,96.5702,25.773,4.1,mw,earthquake,reviewed
2022-11-27 11:37:26.261000+00:00,-1.697,99.935,39.819,4.4,mw,earthquake,reviewed
2022-11-28 06:59:36.300000+00:00,-5.211,102.3395,29.102,4.5,mw,earthquake,reviewed
2022-11-29 14:20:42.144000+00:00,2.2106,96.218,22.532,4.8,mw,earthquake,reviewed
2022-12-01 00:09:32.052000+00:00,-2.1324,100.6292,75.853,4.4,mw,earthquake,reviewed
2022-12-01 08:29:42.286000+00:00,-5.0322,100.7331,10.0,5.1,mw,earthquake,reviewed
2022-12-04 21:27:06.745000+00:00,0.9864,96.975,10.0,5.0,mw,earthquake,reviewed
2022-12-07 05:44:18.080000+00:00,-5.3832,102.0391,23.377,4.5,mw,earthquake,reviewed
2022-12-10 09:43:37.872000+00:00,5.1858,95.8587,8.434,4.5,mw,earthquake,reviewed
2022-12-10 21:40:00.404000+00:00,2.0267,98.9514,6.717,4.4,mw,earthquake,reviewed
2022-12-16 21:38:32.699000+00:00,-3.3182,102.9661,190.378,4.5,mw,earthquake,reviewed
2022-12-17 19:55:41.390000+00:00,-4.5697,103.1582,95.712,4.5,mw,earthquake,reviewed
2022-12-18 19:07:11.282000+00:00,-2.895,99.3826,10.0,4.7,mw,earthquake,reviewed
2022-12-19 05:50:15.217000+00:00,-5.3796,104.6469,109.811,5.2,mw,earthquake,reviewed
2022-12-20 21:51:18.918000+00:00,-0.0121,96.667,10.0,4.2,mw,earthquake,reviewed
2022-12-22 03:07:57.286000+00:00,-0.936,98.513,19.868,4.3,mw,earthquake,reviewed
2022-12-25 12:42:23.924000+00:00,-4.7899,102.4446,43.616,4.3,mw,earthquake,reviewed
2022-12-27 19:57:58.962000+00:00,0.5174,99.7456,136.119,4.3,mw,earthquake,reviewed
2022-12-28 03:00:24.520000+00:00,-0.4524,97.7174,10.0,4.3,mw,earthquake,reviewed
2022-12-29 23:26:47.453000+00:00,-0.2127,97.3082,10.0,5.4,mw,earthquake,reviewed
2022-12-30 03:53:25.133000+00:00,3.7425,97.7725,10.0,4.8,mw,earthquake,reviewed
2022-12-30 04:16:55.929000+00:00,-0.2207,97.3016,10.0,5.1,mw,earthquake,reviewed
2022-12-30 05:19:44.350000+00:00,0.8108,99.7314,152.994,4.3,mw,earthquake,reviewed
2022-12-30 06:47:45.290000+00:00,-0.1964,97.2636,16.955,4.7,mw,earthquake,reviewed
2022-12-30 21:10:36.293000+00:00,1.0694,96.9432,10.0,4.3,mw,earthquake,reviewed
2022-12-30 23:14:37.589000+00:00,-0.1974,97.3179,10.0,4.5,mw,earthquake,reviewed
2023-01-01 04:09:32.814000+00:00,-4.7803,102.7675,63.787,4.4,mw,earthquake,reviewed
2023-01-02 06:17:52.865000+00:00,-5.8015,101.4021,10.0,4.2,mw,earthquake,reviewed
2023-01-02 10:39:59.466000+00:00,5.4686,97.1178,10.0,5.1,mw,earthquake,reviewed
2023-01-02 21:39:24.623000+00:00,5.3792,97.0686,18.646,4.5,mw,earthquake,reviewed
2023-01-04 03:22:07.005000+00:00,-1.0394,98.3047,15.181,4.7,mw,earthquake,reviewed
2023-01-05 15:21:19.601000+00:00,-5.9058,102.6237,10.0,4.3,mw,earthquake,reviewed
2023-01-06 20:47:56.664000+00:00,1.9538,97.841,57.748,4.6,mw,earthquake,reviewed
2023-01-07 06:50:18.161000+00:00,-0.1516,98.4365,30.796,4.4,mw,earthquake,reviewed
2023-01-10 23:35:02.029000+00:00,-5.518,102.8032,34.727,4.4,mw,earthquake,reviewed
2023-01-13 22:41:02.190000+00:00,-5.0128,103.1291,66.413,5.3,mw,earthquake,reviewed
2023-01-14 19:28:12.327000+00:00,-3.8072,101.3371,48.613,4.3,mw,earthquake,reviewed
2023-01-15 22:29:58.940000+00:00,1.9837,97.9979,37.0,6.1,mw,earthquake,reviewed
2023-01-17 04:50:45.368000+00:00,-1.8101,99.6227,35.0,4.4,mw,earthquake,reviewed
2023-01-18 04:06:02.456000+00:00,-0.2132,97.5504,10.0,4.4,mw,earthquake,reviewed
2023-01-19 19:05:06.195000+00:00,-0.0559,98.4494,61.761,4.5,mw,earthquake,reviewed
2023-01-20 18:05:06.768000+00:00,-5.2579,101.811,22.008,4.6,mw,earthquake,reviewed
2023-01-20 18:15:11.774000+00:00,-5.2051,101.8081,27.585,4.5,mw,earthquake,reviewed
2023-01-21 02:50:36.322000+00:00,3.2514,96.195,46.404,4.6,mw,earthquake,reviewed
2023-01-21 15:55:53.909000+00:00,-2.1553,102.1499,203.741,4.4,mw,earthquake,reviewed
2023-01-22 00:27:59.938000+00:00,2.0,98.9801,132.101,4.3,mw,earthquake,reviewed
2023-01-23 22:55:21.087000+00:00,-5.3099,104.4247,92.48,4.6,mw,earthquake,reviewed
2023-01-26 12:20:12.110000+00:00,2.1104,97.8525,63.633,4.3,mw,earthquake,reviewed
2023-01-27 04:24:05.356000+00:00,2.5014,95.8259,23.031,4.4,mw,earthquake,reviewed
2023-01-27 07:12:04.102000+00:00,1.6267,99.4056,170.176,4.4,mw,earthquake,reviewed
2023-01-27 21:17:33.065000+00:00,1.8846,97.0042,30.946,4.5,mw,earthquake,reviewed
2023-01-28 10:24:30.711000+00:00,-3.0656,102.7601,226.048,4.2,mw,earthquake,reviewed
2023-02-01 09:33:46.880000+00:00,-5.2966,103.2863,62.107,4.7,mw,earthquake,reviewed
2023-02-02 12:19:11.229000+00:00,-5.6197,103.89,63.707,4.8,mw,earthquake,reviewed
2023-02-06 09:51:27.268000+00:00,-3.1461,102.0758,114.239,4.4,mw,earthquake,reviewed
2023-02-09 03:54:55.508000+00:00,0.4469,100.2393,140.516,5.0,mw,earthquake,reviewed
2023-02-16 00:30:37.630000+00:00,-5.7351,103.6313,50.956,4.6,mw,earthquake,reviewed
2023-02-20 01:33:30.451000+00:00,1.9113,96.6141,27.722,5.1,mw,earthquake,reviewed
2023-02-20 20:13:51.045000+00:00,-4.2796,102.192,54.981,4.9,mw,earthquake,reviewed
2023-02-21 03:50:53.061000+00:00,0.3205,96.6363,10.0,4.6,mw,earthquake,reviewed
2023-02-22 12:01:40.534000+00:00,3.4848,95.6365,34.959,4.7,mw,earthquake,reviewed
2023-02-25 02:08:30.804000+00:00,-5.6564,103.855,62.41,4.9,mw,earthquake,reviewed
2023-03-01 23:05:23.415000+00:00,-1.5655,100.8384,93.325,5.0,mw,earthquake,reviewed
2023-03-03 00:36:47.457000+00:00,-3.8512,101.8071,57.716,5.0,mw,earthquake,reviewed
2023-03-06 10:26:02.765000+00:00,4.9512,96.4075,171.438,4.2,mw,earthquake,reviewed
2023-03-11 04:03:47.848000+00:00,1.9672,97.9366,44.501,5.3,mw,earthquake,reviewed
2023-03-14 03:25:30.767000+00:00,4.3306,96.5955,10.0,4.4,mw,earthquake,reviewed
2023-03-14 04:38:01.908000+00:00,-2.8431,102.9013,224.239,4.3,mw,earthquake,reviewed
2023-03-19 19:30:14.517000+00:00,-3.7623,101.8745,63.378,5.1,mw,earthquake,reviewed
2023-03-20 01:14:52.970000+00:00,-5.6983,103.4108,55.638,4.6,mw,earthquake,reviewed
2023-03-25 09:11:02.073000+00:00,-5.2821,102.0343,26.252,4.6,mw,earthquake,reviewed
2023-03-29 04:52:06.004000+00:00,0.6447,100.0783,174.483,4.3,mw,earthquake,reviewed
2023-04-03 14:59:41.845000+00:00,0.8388,98.835,84.0,6.1,mw,earthquake,reviewed
2023-04-04 01:13:37.505000+00:00,-4.9151,102.876,66.107,4.5,mw,earthquake,reviewed
2023-04-06 13:28:34.825000+00:00,-5.7355,104.0727,84.8,4.7,mw,earthquake,reviewed
2023-04-08 05:21:20.060000+00:00,-0.4135,100.4375,9.797,4.3,mw,earthquake,reviewed
2023-04-08 15:40:19.982000+00:00,2.5098,99.0134,158.772,4.5,mw,earthquake,reviewed
2023-04-11 01:09:46.175000+00:00,0.2111,97.5115,10.0,4.4,mw,earthquake,reviewed
2023-04-15 04:39:40.671000+00:00,0.9662,99.3803,10.0,4.5,mw,earthquake,reviewed
2023-04-15 14:16:23.061000+00:00,0.218,96.7089,10.0,4.5,mw,earthquake,reviewed
2023-04-15 15:07:07.600000+00:00,-4.8305,102.9546,62.192,5.5,mw,earthquake,reviewed
2023-04-15 18:50:56.493000+00:00,1.1643,96.8375,20.37,4.3,mw,earthquake,reviewed
2023-04-17 11:05:55.812000+00:00,-4.8734,102.9421,62.556,5.1,mw,earthquake,reviewed
2023-04-18 22:39:31.391000+00:00,-3.7721,101.8354,61.569,4.6,mw,earthquake,reviewed
2023-04-19 14:06:17.945000+00:00,-3.9924,100.315,10.0,5.0,mw,earthquake,reviewed
2023-04-20 00:05:13.606000+00:00,-3.9889,100.3129,16.199,4.6,mw,earthquake,reviewed
2023-04-22 17:09:44.703000+00:00,-0.7618,98.5942,21.0,5.8,mw,earthquake,reviewed
2023-04-22 21:17:47.741000+00:00,-0.9402,98.4892,20.0,5.7,mw,earthquake,reviewed
2023-04-22 21:20:55.405000+00:00,-0.8598,98.5035,22.72,5.3,mw,earthquake,reviewed
2023-04-22 22:21:03.934000+00:00,-1.0031,98.4256,16.515,4.4,mw,earthquake,reviewed
2023-04-22 22:23:56.050000+00:00,-0.8863,98.7009,22.933,4.7,mw,earthquake,reviewed
2023-04-22 23:11:15.197000+00:00,-1.0392,98.3974,16.274,4.8,mw,earthquake,reviewed
2023-04-22 23:33:52.510000+00:00,-0.8016,98.6029,18.401,5.2,mw,earthquake,reviewed
2023-04-23 02:50:23.836000+00:00,-0.8876,98.5425,21.092,4.4,mw,earthquake,reviewed
2023-04-23 05:20:19.011000+00:00,-0.8855,98.5093,20.48,4.2,mw,earthquake,reviewed
2023-04-24 11:35:44.675000+00:00,-4.889,102.968,66.805,4.8,mw,earthquake,reviewed
2023-04-24 20:00:57.265000+00:00,-0.8082,98.5112,34.0,7.1,mw,earthquake,reviewed
2023-04-24 22:19:15.925000+00:00,-0.9345,98.5221,21.352,5.1,mw,earthquake,reviewed
2023-04-25 03:40:19.873000+00:00,-0.7467,98.8529,35.0,4.5,mw,earthquake,reviewed
2023-04-26 20:43:02.390000+00:00,-0.7335,98.591,25.639,5.2,mw,earthquake,reviewed
2023-04-27 14:56:54.089000+00:00,3.2052,98.5528,10.0,4.7,mw,earthquake,reviewed
2023-04-28 20:46:34.214000+00:00,2.5502,96.6329,35.487,4.9,mw,earthquake,reviewed
2023-05-02 22:56:27.189000+00:00,-5.1975,102.4123,37.744,4.6,mw,earthquake,reviewed
2023-05-05 10:34:01.257000+00:00,2.8007,96.1734,35.0,4.3,mw,earthquake,reviewed
2023-05-11 14:36:36.909000+00:00,1.2029,97.0828,27.231,5.1,mw,earthquake,reviewed
2023-05-14 05:27:32.389000+00:00,-4.7487,101.9337,35.0,4.4,mw,earthquake,reviewed
2023-05-14 21:49:40.494000+00:00,2.5012,99.1375,165.669,4.4,mw,earthquake,reviewed
2023-05-23 10:47:43.063000+00:00,2.0291,96.3192,10.0,4.5,mw,earthquake,reviewed
2023-05-24 04:07:43.275000+00:00,-0.7877,98.4891,20.522,4.5,mw,earthquake,reviewed
2023-05-25 22:37:56.280000+00:00,1.2905,97.0344,25.721,4.8,mw,earthquake,reviewed
2023-05-26 09:37:35.158000+00:00,2.1229,96.1383,21.852,4.5,mw,earthquake,reviewed
2023-05-31 00:58:41.379000+00:00,-0.8752,98.673,21.087,5.2,mw,earthquake,reviewed
2023-05-31 10:04:21.482000+00:00,2.3217,96.7774,31.319,4.1,mw,earthquake,reviewed
2023-06-01 23:47:58.293000+00:00,-3.7795,101.4329,48.194,4.3,mw,earthquake,reviewed
2023-06-02 14:16:31.599000+00:00,1.8388,99.4829,157.081,5.0,mw,earthquake,reviewed
2023-06-03 08:51:53.219000+00:00,0.5531,96.5897,10.0,4.4,mw,earthquake,reviewed
2023-06-04 07:36:02.224000+00:00,2.7931,96.0551,31.072,4.5,mw,earthquake,reviewed
2023-06-07 03:51:52.066000+00:00,0.495,98.8751,71.582,4.4,mw,earthquake,reviewed
2023-06-09 17:17:29.906000+00:00,-1.2003,98.2138,10.0,4.7,mw,earthquake,reviewed
2023-06-10 15:07:45.124000+00:00,-5.5068,104.2986,78.3,4.7,mw,earthquake,reviewed
2023-06-11 06:36:19.506000+00:00,-5.6791,102.9252,33.357,4.9,mw,earthquake,reviewed
2023-06-12 09:08:40.639000+00:00,-5.5934,104.1733,80.011,5.0,mw,earthquake,reviewed
2023-06-20 07:44:51.362000+00:00,-0.9601,98.4763,18.664,4.7,mw,earthquake,reviewed
2023-06-20 08:39:17.895000+00:00,-0.9713,98.6027,19.993,5.5,mw,earthquake,reviewed
2023-06-22 18:59:03.187000+00:00,-4.0001,100.697,10.0,4.6,mw,earthquake,reviewed
2023-06-23 06:42:56.359000+00:00,2.6571,95.878,28.14,4.9,mw,earthquake,reviewed
2023-06-23 06:44:58.475000+00:00,2.5826,95.8472,26.373,4.3,mw,earthquake,reviewed
2023-06-26 10:12:36.013000+00:00,2.1413,98.479,91.467,5.3,mw,earthquake,reviewed
2023-06-26 23:58:28.871000+00:00,2.3196,98.9728,173.594,4.5,mw,earthquake,reviewed
2023-07-01 11:14:58.891000+00:00,2.9744,96.0994,37.818,4.2,mw,earthquake,reviewed
2023-07-02 18:13:21.205000+00:00,-0.1034,97.3302,19.818,5.2,mw,earthquake,reviewed
2023-07-02 18:15:27.532000+00:00,-0.1909,97.3851,17.755,4.5,mw,earthquake,reviewed
2023-07-02 18:17:23.260000+00:00,0.009,97.2781,14.72,4.7,mw,earthquake,reviewed
2023-07-02 18:32:13.309000+00:00,-0.0973,97.3263,10.0,4.8,mw,earthquake,reviewed
2023-07-02 19:48:12.632000+00:00,0.0138,97.4465,18.578,4.3,mw,earthquake,reviewed
2023-07-03 04:13:34.552000+00:00,-0.1575,97.3363,10.0,4.4,mw,earthquake,reviewed
2023-07-03 05:09:32.991000+00:00,0.1155,97.1833,10.0,4.4,mw,earthquake,reviewed
2023-07-03 12:47:57.628000+00:00,0.8446,97.0438,15.176,4.2,mw,earthquake,reviewed
2023-07-03 18:50:58.924000+00:00,-0.1117,97.2198,10.0,4.6,mw,earthquake,reviewed
2023-07-05 00:53:27.129000+00:00,-0.1738,97.4082,17.015,4.6,mw,earthquake,reviewed
2023-07-05 12:06:52.969000+00:00,-0.091,97.3276,10.0,4.9,mw,earthquake,reviewed
2023-07-05 12:07:12.579000+00:00,0.0089,97.2079,10.0,5.2,mw,earthquake,reviewed
2023-07-05 18:31:09.948000+00:00,-0.0806,97.3847,10.0,4.4,mw,earthquake,reviewed
2023-07-10 01:19:07.884000+00:00,3.8315,96.0442,71.438,4.6,mw,earthquake,reviewed
2023-07-10 01:19:22.886000+00:00,4.1732,95.8678,64.465,4.8,mw,earthquake,reviewed
2023-07-10 05:30:39.981000+00:00,-4.7229,102.035,49.448,4.4,mw,earthquake,reviewed
2023-07-11 06:32:24.196000+00:00,-1.4794,98.9512,10.0,4.5,mw,earthquake,reviewed
2023-07-18 18:56:01.562000+00:00,-2.1636,101.952,205.428,4.2,mw,earthquake,reviewed
2023-07-21 03:40:21.120000+00:00,-5.3791,102.0612,24.947,4.9,mw,earthquake,reviewed
2023-07-22 20:27:35.695000+00:00,-2.0959,99.8654,34.244,4.5,mw,earthquake,reviewed
2023-07-23 00:44:00.220000+00:00,-4.8352,102.9967,67.921,4.6,mw,earthquake,reviewed
2023-08-04 19:16:55.952000+00:00,1.3184,97.0931,31.95,4.7,mw,earthquake,reviewed
2023-08-07 10:35:16.482000+00:00,-5.5932,103.576,45.064,4.5,mw,earthquake,reviewed
2023-08-08 15:30:54.712000+00:00,-4.2168,101.9884,66.983,5.0,mw,earthquake,reviewed
2023-08-09 23:18:35.870000+00:00,-2.4641,101.1067,76.873,4.6,mw,earthquake,reviewed
2023-08-09 23:26:01.647000+00:00,-3.1166,101.1695,52.426,5.0,mw,earthquake,reviewed
2023-08-10 22:49:03.884000+00:00,0.0989,97.3088,10.0,4.6,mw,earthquake,reviewed
2023-08-10 23:59:09.663000+00:00,-0.1253,97.2984,10.0,4.6,mw,earthquake,reviewed
2023-08-11 11:05:01.341000+00:00,-0.0828,97.3384,18.123,4.3,mw,earthquake,reviewed
2023-08-17 13:16:05.381000+00:00,4.3786,96.2924,10.0,4.7,mw,earthquake,reviewed
2023-08-18 13:05:07.195000+00:00,-1.0936,100.3617,101.989,4.2,mw,earthquake,reviewed
2023-09-01 18:25:38.566000+00:00,0.764,95.83,18.915,4.9,mw,earthquake,reviewed
2023-09-02 11:24:59.352000+00:00,-2.7139,102.0854,150.707,4.2,mw,earthquake,reviewed
2023-09-04 04:50:21.746000+00:00,-3.5143,101.6098,78.282,4.3,mw,earthquake,reviewed
2023-09-04 08:08:55.811000+00:00,-5.3795,101.969,31.992,4.6,mw,earthquake,reviewed
2023-09-05 00:19:06.075000+00:00,-2.2387,99.9712,35.0,4.2,mw,earthquake,reviewed
2023-09-05 08:38:50.653000+00:00,-4.3075,102.1942,55.212,5.0,mw,earthquake,reviewed
2023-09-05 14:58:03.819000+00:00,2.5656,95.8459,23.817,5.2,mw,earthquake,reviewed
2023-09-09 17:30:59.692000+00:00,1.6033,99.7384,172.239,4.6,mw,earthquake,reviewed
2023-09-10 03:55:20.148000+00:00,0.8842,97.0238,10.0,4.6,mw,earthquake,reviewed
2023-09-11 18:23:36.019000+00:00,2.0247,98.9876,137.197,4.1,mw,earthquake,reviewed
2023-09-16 01:29:19.293000+00:00,-5.8118,102.9512,31.44,4.9,mw,earthquake,reviewed
2023-09-18 17:57:28.310000+00:00,-5.1626,101.9476,25.012,4.5,mw,earthquake,reviewed
2023-09-19 12:16:33.480000+00:00,-5.2663,103.6856,60.758,5.0,mw,earthquake,reviewed
2023-09-21 04:07:05.613000+00:00,0.2972,98.4256,29.383,4.7,mw,earthquake,reviewed
2023-09-21 19:58:12.295000+00:00,4.1581,96.4125,10.618,4.1,mw,earthquake,reviewed
2023-09-24 01:27:34.795000+00:00,1.9095,96.9269,33.273,5.3,mw,earthquake,reviewed
2023-09-26 17:25:07.262000+00:00,-2.0649,99.9114,40.184,4.5,mw,earthquake,reviewed
2023-09-28 03:56:00.797000+00:00,1.9903,97.4814,50.637,4.7,mw,earthquake,reviewed
2023-09-28 06:38:35.668000+00:00,-5.9096,102.7141,23.677,4.3,mw,earthquake,reviewed
2023-09-28 08:29:31.078000+00:00,-5.5574,104.4582,10.261,4.6,mw,earthquake,reviewed
2023-10-03 04:14:23.726000+00:00,-0.5248,97.9255,10.0,4.5,mw,earthquake,reviewed
2023-10-03 22:17:05.300000+00:00,-5.179,102.2641,32.221,5.0,mw,earthquake,reviewed
2023-10-05 10:33:48.413000+00:00,-5.1771,102.0813,32.725,4.4,mw,earthquake,reviewed
2023-10-07 08:06:21.016000+00:00,-0.2866,97.4413,10.0,4.8,mw,earthquake,reviewed
2023-10-09 01:27:30.074000+00:00,3.9409,95.7766,49.137,4.5,mw,earthquake,reviewed
2023-10-13 03:38:48.269000+00:00,-4.9423,103.149,69.714,4.6,mw,earthquake,reviewed
2023-10-13 07:27:00.291000+00:00,0.1625,97.2016,10.0,4.2,mw,earthquake,reviewed
2023-10-14 09:11:21.069000+00:00,4.4213,96.1732,8.642,4.5,mw,earthquake,reviewed
2023-10-15 19:59:36.529000+00:00,-3.6264,101.8627,72.465,4.4,mw,earthquake,reviewed
2023-10-16 02:43:49.437000+00:00,-4.2089,100.1931,10.0,4.4,mw,earthquake,reviewed
2023-10-20 08:45:44.462000+00:00,1.3441,96.8835,10.0,4.6,mw,earthquake,reviewed
2023-10-20 18:01:37.260000+00:00,-0.6961,98.4562,20.764,4.9,mw,earthquake,reviewed
2023-10-22 14:23:06.652000+00:00,0.4566,98.343,36.191,4.8,mw,earthquake,reviewed
2023-10-29 00:56:05.497000+00:00,-4.2937,102.0246,55.976,5.2,mw,earthquake,reviewed
2023-10-30 19:15:08.582000+00:00,-3.72,99.4865,10.0,4.5,mw,earthquake,reviewed
2023-11-03 05:52:44.631000+00:00,-4.7129,101.9319,64.804,4.8,mw,earthquake,reviewed
2023-11-04 00:56:53.364000+00:00,1.8004,97.7446,48.064,4.6,mw,earthquake,reviewed
2023-11-05 02:20:05.132000+00:00,-5.143,102.5404,44.193,5.0,mw,earthquake,reviewed
2023-11-10 22:56:49.829000+00:00,0.2929,97.6456,10.0,4.5,mw,earthquake,reviewed
2023-11-10 23:48:22.283000+00:00,-2.3504,100.9821,79.567,4.4,mw,earthquake,reviewed
2023-11-11 20:13:02.825000+00:00,-3.4734,101.5887,56.319,4.5,mw,earthquake,reviewed
2023-11-12 09:12:15.925000+00:00,-4.2774,102.1082,53.91,4.2,mw,earthquake,reviewed
2023-11-12 17:23:32.715000+00:00,2.3163,98.9944,149.632,4.3,mw,earthquake,reviewed
2023-11-15 05:11:04.546000+00:00,-3.5315,101.4988,56.133,4.9,mw,earthquake,reviewed
2023-11-16 14:58:38.259000+00:00,-5.1082,102.8581,54.577,4.7,mw,earthquake,reviewed
2023-11-18 10:01:33.920000+00:00,-2.9945,100.0625,23.026,5.0,mw,earthquake,reviewed
2023-11-29 07:55:32.055000+00:00,2.2506,96.0937,10.0,4.6,mw,earthquake,reviewed
2023-11-29 09:03:01.066000+00:00,2.0227,96.1369,10.0,4.3,mw,earthquake,reviewed
2023-11-29 09:07:26.150000+00:00,2.3016,96.1298,10.0,4.4,mw,earthquake,reviewed
2023-11-29 20:04:57.425000+00:00,4.5211,96.2285,9.408,4.3,mw,earthquake,reviewed
2023-11-30 04:38:12.795000+00:00,-5.9419,103.3887,36.341,4.2,mw,earthquake,reviewed
2023-12-01 10:50:46.788000+00:00,4.4541,96.5048,10.0,4.4,mw,earthquake,reviewed
2023-12-01 23:10:35.063000+00:00,1.2747,97.1712,29.552,4.1,mw,earthquake,reviewed
2023-12-02 06:15:53.119000+00:00,-5.788,105.9377,160.715,4.3,mw,earthquake,reviewed
2023-12-02 13:42:04.550000+00:00,-3.4668,102.0368,116.82,4.9,mw,earthquake,reviewed
2023-12-06 13:20:59.785000+00:00,-2.9481,102.9623,237.734,4.4,mw,earthquake,reviewed
2023-12-06 15:09:00.852000+00:00,-5.5296,102.2937,30.242,4.5,mw,earthquake,reviewed
2023-12-08 09:03:41.352000+00:00,-2.6009,99.9941,35.243,4.7,mw,earthquake,reviewed
2023-12-11 10:16:39.909000+00:00,-0.4441,101.3587,255.387,5.1,mw,earthquake,reviewed
2023-12-13 11:08:55.961000+00:00,2.0407,96.7775,29.597,4.6,mw,earthquake,reviewed
2023-12-16 06:45:55.913000+00:00,-0.3273,98.8494,51.179,5.0,mw,earthquake,reviewed
2023-12-21 23:10:44.392000+00:00,-2.0431,102.1594,214.656,4.1,mw,earthquake,reviewed
2023-12-23 10:26:19.787000+00:00,-0.6691,99.1213,44.262,4.3,mw,earthquake,reviewed
2024-01-03 19:11:18.148000+00:00,0.708,100.474,222.317,4.4,mw,earthquake,reviewed
2024-01-03 20:11:14.750000+00:00,-5.1758,102.8473,50.003,4.6,mw,earthquake,reviewed
2024-01-08 01:21:08.677000+00:00,4.955,95.9661,10.0,4.3,mw,earthquake,reviewed
2024-01-08 09:51:30.178000+00:00,-2.284,99.6708,17.148,5.3,mw,earthquake,reviewed
2024-01-09 04:45:06.777000+00:00,0.0777,96.5636,10.0,5.2,mw,earthquake,reviewed
2024-01-10 01:12:45.749000+00:00,0.0817,96.6557,10.0,4.4,mw,earthquake,reviewed
2024-01-13 12:22:55.103000+00:00,2.2353,96.3526,25.087,4.1,mw,earthquake,reviewed
2024-01-17 15:18:06.634000+00:00,3.9569,95.8972,58.424,4.8,mw,earthquake,reviewed
2024-01-18 22:05:35.793000+00:00,-0.4098,99.1052,55.463,4.7,mw,earthquake,reviewed
2024-01-20 16:35:40.192000+00:00,-0.2108,100.8363,194.62,4.5,mw,earthquake,reviewed
2024-01-23 09:05:01.768000+00:00,-1.5186,100.5675,88.018,4.7,mw,earthquake,reviewed
2024-01-23 15:55:46.292000+00:00,-4.9916,102.2303,34.04,4.4,mw,earthquake,reviewed
2024-01-24 03:58:55.498000+00:00,-3.3874,100.4953,26.641,4.3,mw,earthquake,reviewed
2024-01-27 16:35:40.140000+00:00,0.2129,97.1941,10.0,4.3,mw,earthquake,reviewed
2024-01-30 00:13:43.883000+00:00,0.2214,97.5058,24.214,4.3,mw,earthquake,reviewed
2024-02-04 07:32:46.622000+00:00,1.1678,96.8715,10.0,4.2,mw,earthquake,reviewed
2024-02-04 16:32:25.831000+00:00,1.8745,98.9652,121.898,4.8,mw,earthquake,reviewed
2024-02-05 00:52:22.869000+00:00,-2.152,100.4749,51.246,5.0,mw,earthquake,reviewed
2024-02-06 00:03:55.087000+00:00,-3.2977,101.5268,68.868,4.5,mw,earthquake,reviewed
2024-02-07 10:52:51.278000+00:00,2.685,99.0684,173.355,4.4,mw,earthquake,reviewed
2024-02-09 10:31:27.378000+00:00,2.1497,97.6124,43.304,4.1,mw,earthquake,reviewed
2024-02-11 13:39:06.583000+00:00,1.6583,99.5612,172.256,4.3,mw,earthquake,reviewed
2024-02-16 06:55:27.324000+00:00,-4.3583,102.5213,64.571,4.3,mw,earthquake,reviewed
2024-02-16 08:22:48.050000+00:00,2.1009,97.8425,57.79,4.5,mw,earthquake,reviewed
2024-02-19 14:48:54.277000+00:00,-1.3008,100.0173,44.214,4.2,mw,earthquake,reviewed
2024-02-23 07:46:26.679000+00:00,-0.6873,98.4764,19.996,5.3,mw,earthquake,reviewed
2024-02-23 12:06:21.411000+00:00,2.6614,95.6773,28.605,4.5,mw,earthquake,reviewed
2024-02-25 02:25:28.417000+00:00,-5.5464,102.3358,30.093,4.3,mw,earthquake,reviewed
2024-02-25 17:33:48.562000+00:00,0.5112,98.5291,53.895,4.7,mw,earthquake,reviewed
2024-02-28 02:28:11.737000+00:00,1.0956,98.7388,86.439,4.8,mw,earthquake,reviewed
2024-03-01 02:00:59.565000+00:00,1.3908,99.0655,117.302,4.5,mw,earthquake,reviewed
2024-03-01 18:39:26.377000+00:00,0.4993,98.4902,50.726,5.0,mw,earthquake,reviewed
2024-03-03 12:36:37.702000+00:00,2.7133,99.1521,174.431,4.4,mw,earthquake,reviewed
2024-03-03 15:07:43.246000+00:00,-5.0063,103.0276,63.387,5.2,mw,earthquake,reviewed
2024-03-04 02:48:21.113000+00:00,-5.8279,102.179,10.0,5.2,mw,earthquake,reviewed
2024-03-04 06:55:13.747000+00:00,-4.8792,102.8413,63.154,5.0,mw,earthquake,reviewed
2024-03-06 03:41:56.121000+00:00,-3.2215,102.1651,84.089,4.4,mw,earthquake,reviewed
2024-03-09 00:15:09.901000+00:00,-0.9913,98.3412,10.0,4.5,mw,earthquake,reviewed
2024-03-11 08:47:38.340000+00:00,0.0009,98.4934,35.0,4.3,mw,earthquake,reviewed
2024-03-11 22:27:16.931000+00:00,3.7118,97.3197,112.681,4.2,mw,earthquake,reviewed
2024-03-12 20:48:06.540000+00:00,-0.1934,96.9602,19.154,4.5,mw,earthquake,reviewed
2024-03-13 09:34:19.316000+00:00,-3.8292,101.774,61.252,4.4,mw,earthquake,reviewed
2024-03-14 01:29:43.342000+00:00,-4.4541,102.8036,64.945,4.4,mw,earthquake,reviewed
2024-03-18 10:12:47.592000+00:00,-4.4958,100.702,10.0,4.1,mw,earthquake,reviewed
2024-03-20 08:24:57.931000+00:00,-2.0189,100.4628,67.702,5.1,mw,earthquake,reviewed
2024-03-20 19:15:03.167000+00:00,0.6505,97.3219,25.513,4.2,mw,earthquake,reviewed
2024-03-22 11:39:49.968000+00:00,-0.6262,99.1304,40.849,4.6,mw,earthquake,reviewed
2024-03-23 05:05:12.521000+00:00,-4.652,101.9841,52.6,4.8,mw,earthquake,reviewed
2024-03-23 13:20:28.536000+00:00,-4.5597,102.7307,62.692,5.3,mw,earthquake,reviewed
2024-03-24 19:49:03.156000+00:00,4.0491,96.7775,9.387,4.5,mw,earthquake,reviewed
2024-03-25 01:59:46.088000+00:00,1.104,98.9002,95.408,4.1,mw,earthquake,reviewed
2024-03-28 05:08:18.051000+00:00,1.7224,97.4689,40.375,4.5,mw,earthquake,reviewed
2024-04-01 10:32:54.540000+00:00,-5.3736,102.4407,35.891,4.4,mw,earthquake,reviewed
2024-04-02 02:21:57.284000+00:00,1.9295,98.9475,124.273,4.5,mw,earthquake,reviewed
2024-04-05 16:13:20.733000+00:00,0.5402,98.5578,57.402,4.9,mw,earthquake,reviewed
2024-04-07 13:40:05.588000+00:00,-2.6673,102.2183,186.235,4.2,mw,earthquake,reviewed
2024-04-09 00:58:31.730000+00:00,-4.8484,103.0229,67.106,4.8,mw,earthquake,reviewed
2024-04-13 17:19:14.458000+00:00,-3.256,102.957,172.991,4.2,mw,earthquake,reviewed
2024-04-14 08:57:38.697000+00:00,2.9588,97.3949,53.501,4.3,mw,earthquake,reviewed
2024-04-15 00:08:25.378000+00:00,3.1957,96.4858,58.102,4.3,mw,earthquake,reviewed
2024-04-17 04:06:25.476000+00:00,-4.8774,102.655,55.043,4.3,mw,earthquake,reviewed
2024-04-19 19:27:51.183000+00:00,-0.7813,99.1417,39.055,4.6,mw,earthquake,reviewed
2024-04-22 06:06:06.276000+00:00,-2.0882,100.5671,70.955,4.8,mw,earthquake,reviewed
2024-04-22 16:30:45.798000+00:00,0.9268,98.8196,84.287,4.6,mw,earthquake,reviewed
2024-04-24 07:01:31.809000+00:00,1.0183,98.7279,75.566,4.5,mw,earthquake,reviewed
2024-04-24 23:12:53.759000+00:00,-5.6847,104.7934,10.0,4.2,mw,earthquake,reviewed
2024-04-25 04:26:34.551000+00:00,-2.8826,100.0292,23.585,4.9,mw,earthquake,reviewed
2024-04-27 18:23:58.225000+00:00,2.0565,96.2367,22.55,4.3,mw,earthquake,reviewed
2024-04-29 13:29:47.764000+00:00,1.694,97.0405,31.015,4.7,mw,earthquake,reviewed
2024-05-03 17:06:19.355000+00:00,0.1106,96.7685,10.0,4.5,mw,earthquake,reviewed
2024-05-05 06:49:00.605000+00:00,-2.1168,100.5858,65.742,5.0,mw,earthquake,reviewed
2024-05-06 01:11:41.683000+00:00,-4.2431,104.731,268.214,4.2,mw,earthquake,reviewed
2024-05-09 14:30:30.971000+00:00,-4.7178,103.7172,151.307,4.3,mw,earthquake,reviewed
2024-05-10 15:20:47.225000+00:00,-3.5015,101.5725,57.076,5.0,mw,earthquake,reviewed
2024-05-14 15:36:36.693000+00:00,-2.7214,101.6703,10.0,4.4,mw,earthquake,reviewed
2024-05-17 00:20:56.836000+00:00,-3.3737,101.9303,110.347,4.5,mw,earthquake,reviewed
2024-05-20 01:33:44.505000+00:00,-0.4866,96.928,10.0,4.3,mw,earthquake,reviewed
2024-05-21 00:53:59.757000+00:00,-4.9066,103.0257,64.18,5.0,mw,earthquake,reviewed
2024-05-22 05:27:03.019000+00:00,2.5846,95.8545,10.0,4.7,mw,earthquake,reviewed
2024-05-23 23:25:13.007000+00:00,-3.8331,101.7888,63.19,4.6,mw,earthquake,reviewed
2024-05-24 03:17:31.053000+00:00,0.7813,100.0557,198.646,4.2,mw,earthquake,reviewed
2024-05-28 11:52:40.252000+00:00,2.8091,95.6066,21.0,5.7,mw,earthquake,reviewed
2024-05-29 16:54:01.262000+00:00,2.7227,95.6187,10.0,4.7,mw,earthquake,reviewed
2024-05-30 09:35:54.586000+00:00,-3.8294,101.4887,46.458,4.9,mw,earthquake,reviewed
2024-05-30 20:08:17.423000+00:00,1.9421,99.0285,132.193,4.3,mw,earthquake,reviewed
2024-06-01 21:22:46.134000+00:00,-4.0474,101.045,10.0,4.1,mw,earthquake,reviewed
2024-06-01 23:57:11.992000+00:00,-4.5789,102.0216,40.394,4.7,mw,earthquake,reviewed
2024-06-02 19:27:22.713000+00:00,-3.1404,102.8632,204.928,4.3,mw,earthquake,reviewed
2024-06-03 10:36:55.749000+00:00,-2.1862,100.9237,93.292,4.4,mw,earthquake,reviewed
2024-06-04 04:58:42.528000+00:00,-2.3161,100.5703,39.244,4.5,mw,earthquake,reviewed
2024-06-05 02:20:27.145000+00:00,-3.6756,100.6221,19.0,5.5,mw,earthquake,reviewed
2024-06-05 06:19:41.587000+00:00,-3.5702,100.7411,10.0,5.1,mw,earthquake,reviewed
2024-06-05 11:16:14.005000+00:00,0.4195,98.5655,65.051,5.1,mw,earthquake,reviewed
2024-06-05 18:01:52.043000+00:00,-1.2647,97.5262,10.0,4.4,mw,earthquake,reviewed
2024-06-09 02:00:27.616000+00:00,2.7785,95.8472,27.474,4.3,mw,earthquake,reviewed
2024-06-10 14:18:11.475000+00:00,2.8449,99.1255,178.298,4.4,mw,earthquake,reviewed
2024-06-10 23:46:09.085000+00:00,4.8187,95.855,105.522,4.8,mw,earthquake,reviewed
2024-06-11 08:07:20.796000+00:00,0.8589,97.7622,40.995,4.7,mw,earthquake,reviewed
2024-06-14 05:39:43.860000+00:00,-1.8879,100.3445,61.34,4.9,mw,earthquake,reviewed
2024-06-14 23:47:44.292000+00:00,-5.954,102.9511,26.641,5.0,mw,earthquake,reviewed
2024-06-15 15:31:02.395000+00:00,-4.868,103.0097,66.241,4.8,mw,earthquake,reviewed
2024-06-19 02:39:41.634000+00:00,2.6683,95.5954,10.0,4.2,mw,earthquake,reviewed
2024-06-19 19:27:46.084000+00:00,-3.5909,99.508,10.0,4.7,mw,earthquake,reviewed
2024-06-21 19:31:35.540000+00:00,3.4658,99.0241,189.317,4.5,mw,earthquake,reviewed
2024-06-25 15:56:40.985000+00:00,-4.6356,101.8404,35.104,4.3,mw,earthquake,reviewed
2024-06-28 16:29:46.139000+00:00,-3.4353,101.6325,72.568,4.6,mw,earthquake,reviewed
2024-07-05 00:06:30.556000+00:00,-4.5917,102.6794,63.366,4.5,mw,earthquake,reviewed
2024-07-05 08:14:56.123000+00:00,2.3726,96.1497,29.386,4.9,mw,earthquake,reviewed
2024-07-05 18:51:53.399000+00:00,-4.345,102.1892,53.17,4.9,mw,earthquake,reviewed
2024-07-10 15:32:42.674000+00:00,-5.4067,101.0211,9.0,5.4,mw,earthquake,reviewed
2024-07-10 17:18:43.321000+00:00,-5.3352,101.0468,10.0,4.5,mw,earthquake,reviewed
2024-07-10 21:00:55.722000+00:00,-5.3642,101.1133,10.0,4.9,mw,earthquake,reviewed
2024-07-13 18:49:23.143000+00:00,-5.1326,101.0246,10.0,4.9,mw,earthquake,reviewed
2024-07-16 02:53:09.617000+00:00,-4.1759,102.0879,71.708,5.0,mw,earthquake,reviewed
2024-07-18 15:01:23.345000+00:00,-5.1622,101.0511,10.0,5.3,mw,earthquake,reviewed
2024-07-20 12:05:04.828000+00:00,0.1,96.4867,10.0,5.1,mw,earthquake,reviewed
2024-07-23 03:10:14.146000+00:00,-1.5967,99.5882,35.0,5.0,mw,earthquake,reviewed
2024-07-23 05:21:17.621000+00:00,-5.0716,100.1189,10.0,4.6,mw,earthquake,reviewed
2024-07-24 15:22:12.154000+00:00,4.5339,96.23,10.0,4.5,mw,earthquake,reviewed
2024-07-31 19:27:43.664000+00:00,-2.7571,102.5208,194.23,4.2,mw,earthquake,reviewed
2024-08-03 11:44:46.978000+00:00,2.4509,95.8246,10.0,4.8,mw,earthquake,reviewed
2024-08-10 17:41:26.175000+00:00,2.7056,95.7084,33.544,4.5,mw,earthquake,reviewed
2024-08-10 17:46:04.890000+00:00,2.7112,95.7959,25.543,4.5,mw,earthquake,reviewed
2024-08-10 20:03:17.629000+00:00,0.6239,98.8387,80.913,4.5,mw,earthquake,reviewed
2024-08-13 13:04:38.145000+00:00,5.0093,95.5821,9.459,4.6,mw,earthquake,reviewed
2024-08-13 21:27:50.839000+00:00,-2.1045,100.7159,73.821,4.8,mw,earthquake,reviewed
2024-08-16 00:17:19.744000+00:00,0.8498,97.0161,10.0,4.6,mw,earthquake,reviewed
2024-08-16 00:22:43.593000+00:00,0.8914,97.0203,10.0,4.5,mw,earthquake,reviewed
2024-08-17 12:38:30.959000+00:00,-2.1414,102.4067,223.587,4.1,mw,earthquake,reviewed
2024-08-19 05:50:26.269000+00:00,2.3844,99.0347,148.019,4.4,mw,earthquake,reviewed
2024-08-22 00:00:48.544000+00:00,1.267,99.0434,117.197,4.6,mw,earthquake,reviewed
2024-08-24 02:47:23.423000+00:00,-3.2937,101.7684,10.862,4.6,mw,earthquake,reviewed
2024-08-24 16:54:28.897000+00:00,-4.5066,102.0653,11.915,5.0,mw,earthquake,reviewed
2024-08-27 14:58:08.876000+00:00,0.1132,98.3912,50.928,4.3,mw,earthquake,reviewed
2024-08-29 03:22:42.922000+00:00,2.3317,95.7911,10.0,4.3,mw,earthquake,reviewed
2024-08-30 18:50:17.119000+00:00,0.0014,96.7904,19.471,4.4,mw,earthquake,reviewed
2024-09-02 00:39:08.396000+00:00,4.4509,96.4009,10.0,4.7,mw,earthquake,reviewed
2024-09-02 00:39:35.616000+00:00,4.4904,96.3353,10.0,5.0,mw,earthquake,reviewed
2024-09-02 13:51:27.543000+00:00,4.873,96.0449,10.0,4.3,mw,earthquake,reviewed
2024-09-04 16:17:08.318000+00:00,-2.2874,100.8712,71.113,4.6,mw,earthquake,reviewed
2024-09-06 01:06:35.535000+00:00,-5.4079,102.6434,19.632,5.4,mw,earthquake,reviewed
2024-09-14 19:49:32.116000+00:00,-4.6907,101.7678,38.895,4.5,mw,earthquake,reviewed
2024-09-14 21:37:37.604000+00:00,1.8932,99.0554,127.607,5.0,mw,earthquake,reviewed
2024-09-17 05:14:23.621000+00:00,-4.873,103.0084,64.857,4.5,mw,earthquake,reviewed
2024-09-19 02:51:23.213000+00:00,2.7382,99.0857,165.946,4.3,mw,earthquake,reviewed
2024-09-19 16:14:17.087000+00:00,0.7959,98.8208,86.281,5.0,mw,earthquake,reviewed
2024-09-23 16:24:20.011000+00:00,-2.3093,100.7892,75.227,4.5,mw,earthquake,reviewed
2024-09-23 20:45:23.119000+00:00,-4.6309,102.6663,62.263,4.9,mw,earthquake,reviewed
2024-09-26 01:17:17.003000+00:00,0.5654,99.7589,150.106,4.7,mw,earthquake,reviewed
2024-09-29 03:45:06.347000+00:00,1.325,96.8274,10.0,4.2,mw,earthquake,reviewed
2024-10-01 02:18:21.812000+00:00,1.1593,98.8652,100.61,4.8,mw,earthquake,reviewed
2024-10-01 23:52:46.806000+00:00,3.7563,95.7987,47.513,4.7,mw,earthquake,reviewed
2024-10-02 16:20:48.904000+00:00,-4.5228,101.7851,35.0,4.7,mw,earthquake,reviewed
2024-10-06 20:04:07.754000+00:00,-4.9485,102.8488,64.828,4.6,mw,earthquake,reviewed
2024-10-09 03:26:30.500000+00:00,-0.4097,99.0961,52.487,4.6,mw,earthquake,reviewed
2024-10-09 22:57:57.818000+00:00,-3.674,101.0161,35.0,4.8,mw,earthquake,reviewed
2024-10-12 01:11:41.798000+00:00,2.2083,97.9939,77.279,4.6,mw,earthquake,reviewed
2024-10-12 01:37:35.985000+00:00,-4.904,101.6248,35.0,4.8,mw,earthquake,reviewed
2024-10-24 14:49:09.454000+00:00,-3.1689,102.8213,187.872,4.3,mw,earthquake,reviewed
2024-10-27 17:15:37.061000+00:00,0.6368,97.3179,10.0,4.3,mw,earthquake,reviewed
2024-10-28 13:07:11.065000+00:00,1.5367,97.0761,37.266,4.9,mw,earthquake,reviewed
2024-10-29 02:35:22.584000+00:00,4.8018,96.0583,10.0,4.7,mw,earthquake,reviewed
2024-10-29 22:59:17.725000+00:00,5.2124,95.9002,10.0,4.5,mw,earthquake,reviewed
2024-11-01 03:00:55.619000+00:00,4.3865,98.1782,10.0,4.5,mw,earthquake,reviewed
2024-11-04 02:28:35.448000+00:00,-2.2767,99.6667,10.0,4.6,mw,earthquake,reviewed
2024-11-04 03:07:48.312000+00:00,1.7353,95.6442,10.0,4.4,mw,earthquake,reviewed
2024-11-04 05:37:44.177000+00:00,4.6655,96.5476,130.624,4.5,mw,earthquake,reviewed
2024-11-11 03:53:05.305000+00:00,-2.4311,101.8325,201.23,4.2,mw,earthquake,reviewed
2024-11-13 18:40:42.360000+00:00,-5.0587,102.2493,18.592,5.0,mw,earthquake,reviewed
2024-11-13 20:44:07.102000+00:00,3.7512,95.8903,66.569,4.3,mw,earthquake,reviewed
2024-11-15 21:39:49.974000+00:00,-0.5558,100.2323,129.095,4.4,mw,earthquake,reviewed
2024-11-16 15:28:38.970000+00:00,1.4242,98.3549,75.127,5.0,mw,earthquake,reviewed
2024-11-16 18:35:17.573000+00:00,-0.0453,99.5357,96.702,4.6,mw,earthquake,reviewed
2024-11-19 21:29:15.653000+00:00,-1.9433,100.256,65.932,4.4,mw,earthquake,reviewed
2024-11-20 00:28:51.548000+00:00,-3.352,102.0971,102.612,4.3,mw,earthquake,reviewed
2024-11-24 21:02:45.198000+00:00,-4.2059,103.7393,10.0,4.5,mw,earthquake,reviewed
2024-11-26 09:37:39.890000+00:00,1.867,99.2067,139.998,4.5,mw,earthquake,reviewed
2024-11-28 21:55:24.661000+00:00,-3.8465,100.528,10.0,4.7,mw,earthquake,reviewed
2024-12-03 04:22:33.605000+00:00,-5.5379,104.1572,63.795,4.4,mw,earthquake,reviewed
2024-12-03 18:28:27.053000+00:00,-3.1819,103.1427,219.447,4.4,mw,earthquake,reviewed
2024-12-04 14:21:36.260000+00:00,4.8923,95.8234,10.0,4.6,mw,earthquake,reviewed
2024-12-07 07:46:47.549000+00:00,-0.3254,99.2046,60.168,4.8,mw,earthquake,reviewed
2024-12-09 07:41:02.297000+00:00,-3.7336,101.5622,50.228,4.6,mw,earthquake,reviewed
2024-12-09 09:50:04.333000+00:00,-0.963,99.5789,74.538,4.9,mw,earthquake,reviewed
2024-12-09 21:26:16.626000+00:00,-4.2272,103.612,81.713,4.5,mw,earthquake,reviewed
2024-12-11 10:23:35.347000+00:00,-4.3369,102.6968,68.478,5.2,mw,earthquake,reviewed
2024-12-12 06:36:26.901000+00:00,-0.8133,99.4219,10.0,4.9,mw,earthquake,reviewed
2024-12-16 03:50:05.045000+00:00,-1.2187,99.8064,57.78,5.2,mw,earthquake,reviewed
2024-12-19 01:17:14.642000+00:00,-0.9215,98.9675,27.553,4.7,mw,earthquake,reviewed
2024-12-22 16:51:32.902000+00:00,1.0482,97.0046,10.0,4.5,mw,earthquake,reviewed
2024-12-25 23:36:34.039000+00:00,2.5632,95.7925,23.208,4.4,mw,earthquake,reviewed
2024-12-26 19:55:18.587000+00:00,-2.7051,99.6841,10.0,4.6,mw,earthquake,reviewed
2024-12-26 19:57:59.382000+00:00,-2.6176,99.7672,10.0,4.7,mw,earthquake,reviewed
2024-12-28 05:46:42.954000+00:00,-5.1526,102.4081,34.713,4.6,mw,earthquake,reviewed
2025-01-01 23:07:21.957000+00:00,-2.1566,100.1033,44.253,4.5,mw,earthquake,reviewed
2025-01-03 05:16:31.175000+00:00,1.7366,97.2165,48.606,4.2,mw,earthquake,reviewed
2025-01-03 14:44:43.033000+00:00,-4.8117,102.8052,63.724,4.9,mw,earthquake,reviewed
2025-01-09 18:44:19.700000+00:00,-5.8868,103.5146,35.0,4.3,mw,earthquake,reviewed
2025-01-15 14:10:22.755000+00:00,3.3236,96.7807,71.647,4.5,mw,earthquake,reviewed
2025-01-16 01:07:26.885000+00:00,-3.0604,102.7701,198.437,4.7,mw,earthquake,reviewed
2025-01-17 05:07:27.700000+00:00,2.6034,97.9639,90.781,4.4,mw,earthquake,reviewed
2025-01-22 03:21:38.976000+00:00,0.855,97.0611,10.0,4.3,mw,earthquake,reviewed
2025-01-29 12:29:38.382000+00:00,-3.2148,100.1061,11.081,4.6,mw,earthquake,reviewed
2025-01-31 07:07:57.718000+00:00,-4.9911,102.8188,50.249,4.6,mw,earthquake,reviewed
2025-01-31 11:03:41.859000+00:00,3.2918,97.1235,53.0,5.7,mw,earthquake,reviewed
2025-02-02 13:38:43.494000+00:00,-2.539,101.7649,149.115,4.6,mw,earthquake,reviewed
2025-02-03 15:43:05.029000+00:00,3.0801,97.006,67.45,4.4,mw,earthquake,reviewed
2025-02-06 20:04:36.835000+00:00,0.895,100.2172,212.711,4.3,mw,earthquake,reviewed
2025-02-08 05:36:12.424000+00:00,-3.8475,102.7441,142.271,4.5,mw,earthquake,reviewed
2025-02-11 08:21:56.167000+00:00,-5.1486,102.4555,44.098,4.5,mw,earthquake,reviewed
2025-02-12 10:13:57.889000+00:00,-3.8101,103.3932,131.911,4.8,mw,earthquake,reviewed
2025-02-16 20:56:03.688000+00:00,1.8481,98.9792,130.285,4.7,mw,earthquake,reviewed
2025-02-17 08:49:46.182000+00:00,-0.8449,100.2838,97.529,4.3,mw,earthquake,reviewed
2025-02-19 16:26:53.490000+00:00,-4.9135,101.8911,34.617,4.5,mw,earthquake,reviewed
2025-02-22 23:44:52.037000+00:00,-5.5397,102.9862,10.0,4.8,mw,earthquake,reviewed
2025-02-25 04:03:13.603000+00:00,2.0987,96.1837,21.763,4.4,mw,earthquake,reviewed
2025-02-26 06:26:15.368000+00:00,2.2339,96.5197,34.231,4.4,mw,earthquake,reviewed
2025-03-02 17:03:09.660000+00:00,-0.1809,97.129,10.0,4.3,mw,earthquake,reviewed
2025-03-08 02:08:02.865000+00:00,2.4927,99.1121,156.61,4.3,mw,earthquake,reviewed
2025-03-09 07:31:29.615000+00:00,1.4822,99.0946,10.0,4.4,mw,earthquake,reviewed
2025-03-09 18:29:21.184000+00:00,-2.729,101.1611,49.739,4.6,mw,earthquake,reviewed
2025-03-10 19:50:01.659000+00:00,-1.6069,100.0943,38.004,4.4,mw,earthquake,reviewed
2025-03-16 17:03:05.577000+00:00,0.1283,98.4058,35.0,4.4,mw,earthquake,reviewed
2025-03-17 22:22:42.831000+00:00,1.832,99.2604,52.108,4.7,mw,earthquake,reviewed
2025-03-17 22:23:36.962000+00:00,1.8751,99.1323,46.856,5.4,mw,earthquake,reviewed
2025-03-24 14:26:25.228000+00:00,3.5613,96.5119,10.0,4.6,mw,earthquake,reviewed
2025-03-29 10:08:14.911000+00:00,5.6467,95.6769,132.458,4.6,mw,earthquake,reviewed
2025-03-31 16:57:08.300000+00:00,2.9112,98.7909,172.337,4.2,mw,earthquake,reviewed
2025-04-02 00:22:03.610000+00:00,3.1339,97.4807,86.49,4.5,mw,earthquake,reviewed
2025-04-04 11:07:33.086000+00:00,-0.5971,99.4188,66.776,4.7,mw,earthquake,reviewed
2025-04-07 19:49:20.552000+00:00,2.0388,96.7622,18.0,5.8,mw,earthquake,reviewed
2025-04-07 21:28:30.364000+00:00,-5.4057,102.8593,47.493,4.3,mw,earthquake,reviewed
2025-04-08 06:25:06.570000+00:00,1.9058,98.8112,143.74,4.3,mw,earthquake,reviewed
2025-04-08 10:23:34.845000+00:00,-0.965,100.5216,10.0,4.4,mw,earthquake,reviewed
2025-04-11 20:22:26.909000+00:00,-0.1876,98.9011,44.349,4.2,mw,earthquake,reviewed
2025-04-13 00:15:50.520000+00:00,-0.8286,101.0946,184.276,4.2,mw,earthquake,reviewed
2025-04-14 19:58:43.988000+00:00,-4.4874,100.1104,10.0,4.3,mw,earthquake,reviewed
2025-04-16 05:29:44.759000+00:00,-0.6193,99.4854,10.0,4.5,mw,earthquake,reviewed
2025-04-16 21:19:27.632000+00:00,2.4244,96.0764,10.0,4.3,mw,earthquake,reviewed
2025-04-18 04:52:16.516000+00:00,1.9615,98.9653,10.0,4.4,mw,earthquake,reviewed
2025-04-26 18:59:09.288000+00:00,0.9414,97.2178,10.0,4.4,mw,earthquake,reviewed
2025-05-02 07:07:44.608000+00:00,-0.451,100.4471,10.0,4.7,mw,earthquake,reviewed
2025-05-07 07:09:08.006000+00:00,0.8917,97.386,10.0,5.4,mw,earthquake,reviewed
2025-05-09 09:16:00.836000+00:00,-2.2446,100.6998,69.668,4.4,mw,earthquake,reviewed
2025-05-11 08:57:43.494000+00:00,3.7925,97.0065,85.754,5.7,mw,earthquake,reviewed
2025-05-12 03:09:39.355000+00:00,1.1316,98.9647,102.627,5.0,mw,earthquake,reviewed
2025-05-12 15:40:05.126000+00:00,-2.3416,100.7966,56.414,4.7,mw,earthquake,reviewed
2025-05-14 03:16:57.920000+00:00,-4.372,102.3469,56.753,4.9,mw,earthquake,reviewed
2025-05-14 06:18:05.689000+00:00,-2.1436,102.0337,182.45,4.3,mw,earthquake,reviewed
2025-05-15 17:36:30.480000+00:00,1.9491,96.4445,10.0,4.2,mw,earthquake,reviewed
2025-05-16 17:26:16.664000+00:00,5.061,96.3786,184.473,4.1,mw,earthquake,reviewed
2025-05-17 21:20:15.090000+00:00,2.5713,96.0048,10.0,5.0,mw,earthquake,reviewed
2025-05-19 02:45:54.010000+00:00,4.1839,96.1333,85.71,4.3,mw,earthquake,reviewed
2025-05-19 05:59:29.333000+00:00,1.0503,97.1318,10.0,4.9,mw,earthquake,reviewed
2025-05-19 08:04:18.926000+00:00,1.0344,97.1099,10.0,4.8,mw,earthquake,reviewed
2025-05-21 17:04:05.116000+00:00,0.8224,100.0189,195.677,4.4,mw,earthquake,reviewed
2025-05-22 19:52:36.892000+00:00,-3.9908,102.2539,47.0,5.7,mw,earthquake,reviewed
2025-05-27 08:09:40.280000+00:00,-3.7105,101.6678,49.471,5.0,mw,earthquake,reviewed
2025-06-01 16:13:10.814000+00:00,-0.4916,100.2171,82.118,4.7,mw,earthquake,reviewed
2025-06-02 10:41:49.719000+00:00,-4.7319,102.6005,62.855,4.8,mw,earthquake,reviewed
2025-06-08 04:23:50.423000+00:00,1.1183,97.0085,10.0,4.3,mw,earthquake,reviewed
2025-06-10 22:28:43.815000+00:00,1.1255,96.9883,10.0,4.5,mw,earthquake,reviewed
2025-06-11 10:26:49.662000+00:00,0.0672,97.2173,10.0,4.3,mw,earthquake,reviewed
2025-06-15 11:28:23.037000+00:00,4.709,96.1449,10.0,4.6,mw,earthquake,reviewed
2025-06-15 19:44:28.228000+00:00,-4.4037,101.527,36.269,4.5,mw,earthquake,reviewed
2025-06-17 13:35:20.705000+00:00,-4.8915,102.9727,65.331,4.8,mw,earthquake,reviewed
2025-06-17 14:06:18.711000+00:00,-4.2865,102.4076,69.631,4.5,mw,earthquake,reviewed
2025-06-17 14:26:03.716000+00:00,4.0355,95.8857,69.373,4.4,mw,earthquake,reviewed
2025-06-22 11:56:45.602000+00:00,-4.4333,104.0158,116.915,4.4,mw,earthquake,reviewed
2025-06-24 21:09:02.313000+00:00,-3.9403,99.2707,10.0,4.4,mw,earthquake,reviewed
2025-06-25 10:42:47.152000+00:00,-2.2271,101.1577,95.015,4.3,mw,earthquake,reviewed
2025-06-26 19:55:02.719000+00:00,-3.978,101.4954,34.424,4.4,mw,earthquake,reviewed
2025-06-29 10:29:01.975000+00:00,-5.0924,102.4116,34.179,4.7,mw,earthquake,reviewed
2025-07-01 07:47:28.321000+00:00,1.1965,96.9156,10.0,4.3,mw,earthquake,reviewed
2025-07-01 13:07:31.719000+00:00,1.6669,97.3284,40.706,4.2,mw,earthquake,reviewed
2025-07-01 13:08:47.506000+00:00,1.5008,97.052,26.722,5.0,mw,earthquake,reviewed
2025-07-02 04:44:54.469000+00:00,2.9919,95.9195,35.0,4.8,mw,earthquake,reviewed
2025-07-02 14:27:38.212000+00:00,-3.802,101.8076,58.101,4.9,mw,earthquake,reviewed
2025-07-03 13:26:09.450000+00:00,-3.824,99.7687,10.0,4.6,mw,earthquake,reviewed
2025-07-08 08:51:53.819000+00:00,-5.7723,101.6641,10.0,4.5,mw,earthquake,reviewed
2025-07-11 12:45:15.098000+00:00,3.1709,97.3212,59.324,5.1,mw,earthquake,reviewed
2025-07-12 00:12:00.176000+00:00,-1.585,96.5286,10.0,4.8,mw,earthquake,reviewed
2025-07-17 19:02:12.403000+00:00,-0.1668,99.3304,65.856,5.3,mw,earthquake,reviewed
2025-07-18 19:33:27.738000+00:00,-3.5108,101.305,43.266,4.4,mw,earthquake,reviewed
2025-07-25 03:20:11.338000+00:00,-3.233,101.2736,35.0,5.2,mw,earthquake,reviewed
2025-07-25 04:56:25.818000+00:00,-5.3112,103.3402,42.754,4.5,mw,earthquake,reviewed
2025-07-25 15:30:10.218000+00:00,-2.7821,102.3375,170.385,4.5,mw,earthquake,reviewed
2025-07-30 07:46:27.201000+00:00,-1.1938,99.9771,75.629,4.7,mw,earthquake,reviewed
2025-08-01 22:05:35.710000+00:00,-4.9685,102.9052,59.367,4.8,mw,earthquake,reviewed
2025-08-03 05:34:31.282000+00:00,-4.5409,102.379,47.958,4.7,mw,earthquake,reviewed
2025-08-07 15:28:59.818000+00:00,1.3202,98.9615,95.873,5.0,mw,earthquake,reviewed
2025-08-10 03:27:03.691000+00:00,-4.3385,102.3186,58.597,5.0,mw,earthquake,reviewed
2025-08-13 09:20:05.567000+00:00,-5.0765,102.1558,35.0,4.6,mw,earthquake,reviewed
2025-08-13 14:06:42.578000+00:00,-1.2122,98.5369,10.0,4.5,mw,earthquake,reviewed
2025-08-16 12:57:31.757000+00:00,-5.8878,105.1606,112.62,4.3,mw,earthquake,reviewed
2025-08-17 17:10:17.070000+00:00,-1.0093,99.6812,57.856,4.3,mw,earthquake,reviewed
2025-08-23 12:24:53.914000+00:00,2.0106,96.5997,18.0,5.8,mw,earthquake,reviewed
2025-08-23 16:32:15.705000+00:00,0.7107,99.4771,131.094,4.4,mw,earthquake,reviewed
2025-08-24 01:32:02.320000+00:00,2.0981,96.662,10.0,4.5,mw,earthquake,reviewed
2025-08-26 04:26:53.486000+00:00,-4.5264,102.5996,64.307,4.4,mw,earthquake,reviewed
2025-08-28 02:15:41.622000+00:00,-4.6311,104.7303,193.05,5.0,mw,earthquake,reviewed
2025-08-30 13:35:34.169000+00:00,-4.8112,103.0418,65.038,5.1,mw,earthquake,reviewed
2025-08-31 01:14:44.970000+00:00,0.5931,98.5165,66.916,4.6,mw,earthquake,reviewed
2025-09-02 04:11:53.791000+00:00,0.0347,98.1087,10.0,4.3,mw,earthquake,reviewed
2025-09-04 13:52:13.554000+00:00,1.5466,99.3953,166.311,4.5,mw,earthquake,reviewed
2025-09-05 11:52:21.611000+00:00,2.1264,96.5556,23.377,4.4,mw,earthquake,reviewed
2025-09-06 18:33:42.020000+00:00,1.0681,100.1885,199.351,4.4,mw,earthquake,reviewed
2025-09-08 15:49:29.390000+00:00,-0.2467,99.7911,100.254,4.4,mw,earthquake,reviewed
2025-09-14 01:13:44.959000+00:00,2.5539,95.6971,10.0,4.6,mw,earthquake,reviewed
2025-09-14 14:49:45.298000+00:00,-2.809,101.0948,75.477,5.4,mw,earthquake,reviewed
2025-09-17 21:06:37.856000+00:00,2.0809,97.0491,10.0,4.3,mw,earthquake,reviewed
2025-09-24 03:19:14.601000+00:00,0.2401,98.4269,35.0,4.3,mw,earthquake,reviewed
2025-09-24 12:58:22.236000+00:00,2.0682,96.6309,26.827,4.6,mw,earthquake,reviewed
2025-09-26 14:55:02.906000+00:00,-5.5947,104.3749,10.0,4.7,mw,earthquake,reviewed
2025-09-29 05:06:17.574000+00:00,4.0799,97.4974,10.0,4.4,mw,earthquake,reviewed
2025-09-29 19:25:23.608000+00:00,-1.4361,97.9096,10.0,4.4,mw,earthquake,reviewed
